ply
format ascii 1.0
element vertex 23250
property float x
property float y
property float z
property uchar red
property uchar green
property uchar blue
end_header
1.684225 4.482914 1.534083 141 136 123
-0.3928409 3.817286 0.1402673 144 142 130
-0.8748695 3.233837 0.09408079 136 133 121
0.7279429 2.314204 0.2500234 107 106 91
0.005777841 3.55992 3.687493 184 181 172
0.2866738 3.408475 3.893287 193 191 187
0.4868357 3.452846 3.816863 194 193 189
0.9324059 3.24693 4.283722 144 139 128
1.111689 3.343179 4.057074 170 164 154
1.674227 5.463304 -0.3984921 141 133 113
2.010907 3.09828 4.439237 167 163 150
2.036245 5.465868 -0.4801123 169 160 145
2.798531 5.303688 -0.1621415 171 166 152
-0.3726203 0.7888485 0.6706117 122 122 99
-0.3144464 0.7514513 0.2889092 191 192 177
-0.1329103 0.6441184 0.1473169 201 202 186
0.4133094 0.0988724 -0.7436596 120 126 126
-0.5404888 3.688039 0.1953733 135 133 124
0.02912513 5.273049 0.01793492 147 141 128
0.4122517 3.29607 4.259978 191 191 184
0.7321181 3.354748 4.138613 193 190 183
1.192088 3.896124 4.667488 192 189 183
1.047829 3.209039 4.26932 190 187 179
1.255084 3.162557 4.419588 194 191 184
1.255084 3.162557 4.419588 194 191 184
1.342345 3.325206 4.060583 162 157 149
1.573473 3.234245 4.367264 172 168 157
1.667125 3.055156 4.590316 190 187 180
1.958227 5.266435 -0.03414402 162 153 138
1.985508 5.570402 -0.6685817 166 159 143
2.05757 5.621076 -0.7761115 167 159 146
2.352693 5.674572 -0.9276038 165 157 144
2.735039 5.67419 -0.9696409 168 160 147
-0.5078319 1.060479 0.23676 155 153 135
3.016681 5.371393 -0.2339898 156 148 135
3.731324 5.75607 -1.230257 137 129 116
-0.2682039 0.6811537 0.6203012 207 213 206
-0.2682039 0.6811537 0.6203012 207 213 206
-0.1096337 0.5640642 0.2178028 172 176 168
-0.01672344 0.785262 -0.2014223 127 123 104
0.04366609 0.7355412 -0.2182766 132 125 110
0.1113825 0.4504132 0.2515829 178 175 159
20.39482 -0.0822546 12.27828 94 95 99
20.45086 -0.1988642 11.8284 65 61 54
-0.639612 3.557653 0.5321184 131 136 124
-0.02495959 3.687425 3.367663 153 149 138
-0.4891766 3.620231 0.2865777 141 143 134
0.3558467 3.519019 3.776427 195 195 189
-0.1907409 3.800942 0.259815 93 85 64
0.4265569 3.531376 3.756983 183 179 173
0.6940585 3.200386 4.359692 182 179 171
0.7768319 3.237675 4.22808 183 179 172
0.879283 3.345088 3.995489 169 165 157
1.163473 3.221345 4.342551 172 167 161
1.171245 3.291423 4.17737 184 181 174
1.1456 3.407727 3.806397 187 182 176
1.229459 3.250994 4.227443 168 163 154
-0.4025749 1.694008 1.089549 210 219 218
1.409328 5.341668 -0.2094001 149 141 122
1.503857 3.053585 4.762393 188 185 179
1.498947 5.420554 -0.3132854 156 147 130
1.567722 3.094975 4.58603 174 170 161
1.630631 3.069851 4.67398 191 188 182
1.66757 5.547451 -0.5425525 161 155 139
1.745189 5.573215 -0.6738853 164 156 144
1.845484 5.557264 -0.6768836 142 132 119
1.989602 3.324135 4.063278 184 181 172
1.967117 5.66583 -0.9011564 149 140 125
2.207666 5.661998 -0.8969173 147 138 123
2.634506 3.024417 4.594979 169 163 155
2.822521 3.071737 4.496378 185 181 172
2.751884 5.183714 0.03658704 169 161 148
-0.4652621 0.9305415 0.6025321 119 121 100
2.955733 5.80291 -1.242458 167 159 146
3.103411 5.329576 -0.2427436 169 164 151
3.345246 2.906349 4.812614 168 160 147
3.410017 3.044277 4.523508 179 173 163
3.902289 5.800247 -1.203081 159 151 139
-0.2370612 1.211439 -0.2991063 120 116 96
-0.238127 0.9164942 -0.1657903 118 114 97
-0.3064564 0.7451241 -0.01737331 132 129 105
-0.05908453 0.5305106 0.5615407 135 132 111
-0.05908453 0.5305106 0.5615407 135 132 111
0.007115299 0.6419106 -0.1331658 119 116 98
0.1398965 0.4543045 0.1455448 212 216 208
0.1260393 0.4795286 0.05791214 153 155 139
0.189494 0.4004738 0.1467809 201 205 197
15.94046 3.14564 11.12336 80 77 80
16.29978 2.755041 11.00143 106 108 112
20.6571 -0.829475 11.47348 52 49 43
20.6571 -0.829475 11.47348 52 49 43
-0.6213115 3.563702 0.5799171 162 168 165
-0.4878134 3.521003 0.9063163 148 156 146
-0.07667937 3.51879 2.63303 176 180 166
-0.07667937 3.51879 2.63303 176 180 166
-0.3547528 3.627574 0.3697264 141 141 129
-0.2268262 3.786317 0.2233322 127 122 106
0.3985077 3.575645 3.67595 195 193 187
0.6950756 3.254678 4.257379 155 149 139
0.7480094 3.271456 4.149454 164 157 149
0.7640857 3.411374 3.872291 197 193 191
0.8005829 3.452578 3.771974 194 193 189
0.8377274 3.450979 3.872999 183 179 170
0.8710403 3.492447 3.70562 193 189 184
0.911089 3.315385 4.165518 179 175 168
1.172147 3.365422 4.020159 162 158 150
1.16536 3.564321 3.53073 182 178 172
0.8445692 3.594322 2.005248 138 140 128
-0.5098851 1.551377 1.185686 156 156 148
1.322877 5.326444 -0.1504931 110 100 83
1.446517 3.196046 4.337246 195 191 184
1.858078 5.506212 -0.5421033 163 154 139
2.009849 2.906384 4.910502 190 184 179
2.009849 2.906384 4.910502 190 184 179
2.249542 5.575572 -0.6540344 171 162 149
-0.2679178 0.9793228 1.077322 205 210 203
-0.5103595 1.009135 0.3708527 160 164 156
2.867709 3.00054 4.604658 158 153 140
3.457701 2.979744 4.593161 156 148 135
3.518392 2.909676 4.796304 175 170 157
3.625551 2.899155 4.780774 154 147 131
-0.3727909 1.149495 -0.1733152 146 142 127
-0.3180812 0.7622792 0.2467533 121 117 101
-0.2744632 0.7090742 0.3644733 155 144 115
-0.2806986 0.7182965 0.2740124 111 109 91
-0.2463585 0.6937985 0.375691 192 187 166
-0.2645914 0.610203 0.4699444 142 135 107
-0.1516198 0.6078828 0.6642948 201 203 191
-0.1516198 0.6078828 0.6642948 201 203 191
0.09258913 0.5085781 0.05568166 176 178 167
0.1637584 0.3852542 0.2541838 203 204 193
0.1619782 0.3878938 0.2218669 135 130 113
0.1594401 0.4555002 0.06325807 177 177 164
15.82328 3.299021 11.33599 52 48 43
15.82328 3.299021 11.33599 52 48 43
1.61891 0.817269 0.2048469 120 129 137
-0.6008837 3.49663 1.175824 92 89 67
-0.6008837 3.49663 1.175824 92 89 67
-0.5964291 3.508733 1.113746 86 85 66
-0.569901 3.5197 1.077529 175 180 176
-0.6179356 3.831219 0.1484102 137 134 127
-0.5397736 3.571012 0.4516779 147 152 150
-0.5032547 3.633571 0.2476245 110 107 92
-0.4802159 3.59945 0.3859273 147 147 143
-0.4035664 3.586633 0.4236369 150 151 143
-0.327359 3.509166 0.4801058 152 156 148
0.3467197 3.668153 3.354869 155 153 140
0.4500486 3.585459 3.529941 162 159 150
0.4656608 3.27638 4.195316 188 187 181
-0.1844453 3.579957 0.3897349 109 105 89
0.611124 3.355644 4.048225 190 187 181
0.6161637 3.316949 4.077783 144 139 125
0.6352916 3.344822 4.10689 144 139 125
0.6121172 3.238545 4.242181 188 185 179
0.6621026 3.152645 4.404944 178 173 164
0.6919417 3.094882 4.53656 129 124 111
0.7437839 3.469862 3.743359 174 171 164
0.7221533 3.073212 4.524613 172 167 160
0.7929362 3.211423 4.343058 147 142 129
0.8670819 3.242252 4.270119 134 129 118
0.9458619 3.178407 4.422527 153 147 137
0.9129086 5.519381 -0.563706 141 134 118
0.9859462 3.164694 4.472687 189 184 179
0.9812797 3.057236 4.682646 188 185 178
1.105409 3.158258 4.479541 192 188 182
1.105409 3.158258 4.479541 192 188 182
1.129098 3.269849 4.245418 187 184 177
1.135525 3.120947 4.507502 162 160 150
1.135525 3.120947 4.507502 162 160 150
1.20235 3.065279 4.593597 179 175 166
1.302301 3.385936 3.978313 182 177 172
1.331057 3.128896 4.488129 164 159 148
1.370189 3.148472 4.434953 156 152 144
1.370189 3.148472 4.434953 156 152 144
1.39838 3.131031 4.506337 196 194 188
1.802572 5.49556 -0.5747483 144 135 120
2.209445 5.557754 -0.7120581 149 141 125
2.298439 2.7965 5.069887 165 158 149
-0.5592254 1.140993 0.2426189 130 130 104
-0.5592254 1.140993 0.2426189 130 130 104
2.543897 5.365012 -0.3175929 140 131 116
-0.5436057 1.107069 0.2553804 129 129 103
2.206419 3.315128 1.860029 186 188 179
-0.4696675 0.9237098 0.2697739 106 103 84
3.413477 2.851929 4.974756 176 171 158
-0.4647436 1.197921 -0.3609643 145 143 132
3.463081 2.80709 4.942794 165 160 147
-0.3843415 1.168327 -0.1755304 121 117 102
-0.3778988 0.832867 0.1886724 166 169 154
-0.3191722 0.8142399 0.2115432 159 149 116
-0.3191722 0.8142399 0.2115432 159 149 116
-0.3266982 0.9566272 -0.1151407 165 165 155
-0.3251096 0.7571129 0.2646012 191 191 175
-0.1635694 0.6207204 0.686908 135 136 116
-0.2776044 0.7670718 0.1296939 175 168 143
-0.2567475 0.6756467 0.3066914 130 128 114
-0.009548368 1.053716 -0.322958 159 154 141
-0.01517334 0.5210283 0.5163992 169 163 140
-0.01316467 0.5025481 0.5495901 173 170 154
-0.005039124 0.5221239 0.4940792 39 39 31
-0.1146471 0.6233332 0.03414626 183 181 167
0.02584061 0.832722 -0.2656761 132 129 115
-0.02009254 0.7016664 -0.1293932 159 155 142
0.0429848 0.5471299 0.04824804 141 139 120
0.08946841 0.5057986 0.1748257 164 153 127
0.06379237 0.5552734 0.006325951 193 193 179
0.1315593 0.4731785 0.1050745 193 197 189
0.1315593 0.4731785 0.1050745 193 197 189
0.1788827 0.3651437 0.2484138 139 133 120
-0.6243197 3.509499 1.042775 153 158 151
-0.625533 3.509223 1.011629 89 78 58
-0.6690575 3.586639 0.3951533 160 168 162
-0.5342242 3.537377 0.8641297 146 151 145
-0.5930982 3.584303 0.3805824 137 141 130
-0.5480405 3.558325 0.6132514 151 157 155
-0.5696238 3.568274 0.4493401 133 126 108
-0.533893 3.561907 0.5676468 137 144 138
-0.4920265 3.533513 0.830835 170 177 172
-0.5232862 3.57951 0.4255491 128 129 118
-0.3977135 3.518849 0.7403198 150 154 146
0.1809116 3.579078 3.559396 155 150 136
-0.3798329 3.599848 0.3973442 108 107 89
-0.3301738 3.559671 0.4194884 141 143 132
0.3074853 5.179066 0.2487516 99 91 71
0.3074853 5.179066 0.2487516 99 91 71
0.3309155 3.369614 3.983572 177 174 168
0.3500275 3.175524 4.393846 161 157 149
0.3898821 5.428609 -0.3644187 135 125 105
0.4223432 5.439123 -0.3513613 151 143 126
0.4626022 3.230266 4.275818 164 161 148
-1.282871 1.294634 -0.08684149 109 106 89
-0.1078875 3.709086 0.3035337 126 119 101
0.5612817 5.134839 0.3006033 115 107 87
0.6452581 3.14269 4.443724 136 132 117
0.6627035 3.60352 3.465235 155 155 144
0.6638425 3.585113 3.507121 189 187 181
0.7406298 3.391414 3.987072 174 172 164
0.8877198 3.329127 4.090319 158 154 144
0.947826 3.299692 4.076945 162 158 147
0.9702613 3.475633 3.686122 188 183 177
0.9732899 3.00539 4.694226 158 154 144
1.076729 3.350792 4.021689 161 155 145
1.100316 3.635369 3.33721 187 187 179
1.181222 3.110813 4.508022 193 189 183
-0.6139631 1.669191 0.7062225 118 119 103
-0.6979578 1.662178 0.4108975 126 130 104
1.320561 5.290534 -0.1051842 145 134 114
1.460357 3.113161 4.489553 170 167 157
1.56374 3.005591 4.665751 175 171 162
1.711925 5.411335 -0.4096086 139 130 113
-0.5547281 1.153022 0.6500365 146 150 126
-0.6370626 1.390658 -0.1252007 103 101 81
-0.5960702 1.213966 0.2801281 113 115 93
-0.4922333 1.288818 0.01360889 102 101 79
-0.5220743 1.025133 0.3737504 136 140 121
-0.5177474 1.091632 0.2053045 113 115 92
-0.249225 0.964698 1.07485 135 131 113
0.4323732 1.926785 0.4032088 124 119 93
-0.4512325 0.7882662 0.3521749 124 123 94
-0.3928144 0.8290605 0.08550607 151 151 128
-0.3296945 0.9940185 -0.1649697 135 115 92
-0.2326169 0.6431634 0.6426919 152 147 131
-0.352751 0.8031421 0.05465361 119 116 104
-0.3007461 0.923373 -0.1010935 141 140 126
-0.06961968 1.263186 -0.3987698 143 138 124
-0.2884155 0.8856429 -0.07565476 129 127 113
0.2511917 0.792837 0.9657341 209 214 207
0.08962648 0.6391702 0.9278558 194 196 187
-0.05510411 0.5503246 0.6665915 146 144 129
-0.2607256 0.7061169 0.003817754 152 151 130
-0.008233082 1.044027 -0.296917 136 128 109
0.006936652 1.031146 -0.3197843 158 152 142
-0.1437474 0.812572 -0.1425105 156 148 128
-0.1396889 0.8156608 -0.1410246 156 148 128
-0.1329315 0.5983847 0.2813272 190 190 180
-0.0422173 0.5123409 0.5697728 184 186 178
-0.1162838 0.61048 0.1948775 164 167 156
-0.00256211 0.9105514 -0.2799023 152 148 137
-0.1061971 0.611769 0.05708901 139 136 118
0.009047459 0.4341432 0.4585149 108 107 89
0.009856138 0.4029753 0.4715154 176 176 165
0.0129423 0.4034558 0.4541265 113 100 78
0.03520272 0.4534582 0.3706602 133 132 115
0.5860019 1.168679 -0.3516532 128 125 110
0.001839016 0.5797644 -0.001141015 184 187 174
0.04409434 0.5761731 -0.0254163 193 191 176
0.09771242 0.4771467 0.2417137 169 162 143
0.05654344 0.5633411 -0.01116608 143 133 108
0.08802538 0.5056259 0.1015859 209 211 200
0.1043505 0.4930151 0.09764515 164 169 157
0.09984651 0.4969706 0.07469959 156 159 145
-0.6316956 3.531737 0.8751496 156 163 158
-0.6440921 3.5467 0.737562 152 157 152
-0.6212695 3.534878 0.8531439 144 148 140
-0.6605082 3.593611 0.360911 104 101 81
-0.6418537 3.577032 0.4057137 144 148 136
-0.5925963 3.560529 0.5119427 152 159 154
-0.5111052 3.60013 0.3243474 136 138 127
-0.8226545 2.465187 0.829753 116 120 96
-0.4428641 3.522614 0.721899 149 153 145
-0.4135611 3.504465 0.8534998 182 190 191
-0.8050105 2.469637 0.7826785 127 129 110
-0.9551191 1.905258 0.4679457 132 111 82
0.3854437 5.355739 -0.2148085 135 124 105
0.4603435 5.157258 0.2143286 143 132 115
1.049158 3.307755 4.052518 175 171 162
-0.6577452 1.39489 0.5015253 107 107 83
-0.564148 1.671048 0.06192337 111 108 86
-0.6221257 1.271139 0.5484225 135 137 116
-0.6042024 1.187342 0.3162389 122 120 95
-0.5596952 1.108974 0.3165057 107 107 81
-0.5402436 1.052126 0.3820316 138 141 119
-0.5374776 1.072222 0.3020692 120 120 95
-0.4337256 1.116117 -0.02236843 113 106 85
-0.186589 0.8514643 1.058671 163 167 151
-0.4491107 0.9447224 0.238977 155 154 138
-0.4565851 0.921032 0.08821809 114 113 93
-0.4152043 0.9966249 -0.02097827 113 115 97
-0.3401117 1.149473 -0.1902115 122 111 81
3.699413 2.925909 4.602919 150 142 127
-0.3962162 0.9902329 -0.05800648 163 165 155
-0.395892 0.9903632 -0.05762276 163 165 155
-0.4218231 0.845962 0.154296 153 152 130
-0.4322365 0.8645228 0.05711478 143 135 111
-0.3485515 1.045237 -0.176725 153 154 147
-0.3635566 0.7525027 0.3327558 142 140 118
-0.2035886 1.216424 -0.3043927 138 131 113
-0.3998168 0.8451101 0.04637121 106 103 80
-0.2579471 0.6506609 0.6719988 147 117 94
-0.3273067 0.7923345 0.2462052 164 157 132
-0.2503874 0.6573913 0.6324248 111 113 100
-0.1942855 0.6359249 0.742164 141 141 116
-0.3000592 0.6504596 0.478974 130 130 112
-0.08400077 1.246937 -0.3784637 131 126 110
0.004286928 0.6557294 0.9517439 184 187 179
-0.2543165 0.6741294 0.4061526 104 100 78
-0.2648528 0.6197928 0.4525955 118 105 79
-0.2339783 0.9741014 -0.2114466 106 103 87
-0.2339783 0.9741014 -0.2114466 106 103 87
-0.1589571 0.6141683 0.6094247 161 159 143
-0.2527788 0.7444612 0.1295376 155 147 121
-0.3118549 0.7625954 -0.03625553 129 125 101
-0.225267 0.5788803 0.4626265 168 157 127
0.1204411 0.6341319 0.9298785 149 145 126
-0.1692638 0.9486013 -0.2484272 127 121 100
-0.2088158 0.8656762 -0.1553588 140 133 113
-0.1025668 0.5732479 0.5950034 182 184 175
-0.01728321 1.070627 -0.3265656 152 147 131
-0.01728321 1.070627 -0.3265656 152 147 131
-0.1517594 0.5626875 0.4545937 185 187 176
-0.2583031 0.7083098 -0.03266421 142 124 96
-0.002614337 1.053084 -0.3249459 159 155 142
-0.06901935 0.5596282 0.5385249 184 182 163
0.01612512 1.028093 -0.3448955 153 153 144
-0.1239052 0.6116839 0.2492702 154 145 120
-0.1196471 0.6186277 0.1154634 118 111 90
-0.02293565 0.4445218 0.5793157 142 141 125
-0.0356715 0.7175604 -0.1266205 129 125 108
-0.03412576 0.6766093 -0.1038031 146 140 124
-0.0116812 0.5465825 0.06830902 131 122 100
-0.02139636 0.608864 -0.08017527 106 105 85
0.07262541 0.5193657 0.09973028 154 154 142
0.1078655 0.4408684 0.2709106 175 170 150
0.1219522 0.4603564 0.2171408 168 169 160
0.1177602 0.433557 0.255582 191 188 175
0.1310673 0.406425 0.2963059 215 217 207
0.08700801 0.5687436 -0.08289425 141 137 115
0.1609816 0.417632 0.190408 142 142 130
0.1731423 0.3710547 0.2835974 186 188 180
0.153732 0.4346766 0.1240913 135 135 124
0.1527302 0.4376965 0.1259243 135 135 124
0.1594859 0.4288015 0.1375562 175 181 175
0.1846557 0.3585606 0.2856058 142 141 132
0.2143892 0.3967126 0.1083748 143 139 121
0.229312 0.3808829 0.1299756 149 131 108
-0.592784 3.508934 1.064045 139 144 134
-0.5876473 3.517069 0.929553 167 174 169
-1.391277 0.9991758 1.273926 194 191 185
-0.6368312 3.584531 0.3846256 123 120 101
-0.553743 3.58742 0.369835 133 136 126
-0.535916 3.588323 0.3674088 120 116 99
-0.03098252 3.10988 4.070176 197 193 190
-0.8269389 2.4994 0.7696037 104 100 76
-0.4759533 3.659847 0.2087122 114 110 97
-0.4759533 3.659847 0.2087122 114 110 97
-0.7014958 2.597293 1.089219 165 169 155
-0.4497986 3.644062 0.2277645 125 123 110
-0.40488 3.576563 0.4486504 139 142 133
-0.3973129 3.654023 0.2341077 108 105 89
0.3201846 3.680417 3.359304 174 171 165
0.3734882 3.324739 4.280073 191 191 185
-0.9566045 1.92954 0.4409628 131 118 95
-0.7953647 2.451474 -0.08920189 124 114 96
0.4854442 3.432954 3.877532 188 184 181
1.374779 5.334433 -0.1500109 142 131 111
0.262104 2.582967 1.123201 129 128 106
-0.6598555 1.398436 0.5156553 129 128 106
-0.495875 1.656633 -0.003658148 144 136 115
-0.4412136 1.719796 -0.05885068 103 101 80
-0.4831114 1.632502 -0.007026197 131 130 112
-0.5903557 1.156836 0.3094568 122 122 96
-0.5447543 1.071841 0.4475128 133 137 113
-0.5507005 1.066296 0.3858665 124 125 100
-0.5287891 1.061216 0.309327 135 135 111
-0.4823636 1.220167 0.04419385 136 136 118
-0.5090405 1.069416 0.2204362 134 135 118
-0.5158875 0.9781069 0.2959916 88 84 63
-0.4771109 0.9535085 0.2583664 106 102 80
-0.4771109 0.9535085 0.2583664 106 102 80
-0.4355395 1.08726 0.00372464 111 106 87
-0.4531602 0.9306323 0.2542328 155 152 135
-0.3403064 0.7879077 0.7661843 199 206 200
-0.3646117 0.7812294 0.6531938 115 113 93
-0.3646117 0.7812294 0.6531938 115 113 93
-0.3583188 0.7821432 0.6373703 147 148 133
-0.3583188 0.7821432 0.6373703 147 148 133
0.1209978 0.9390303 1.337983 174 175 164
-0.3519003 0.7758089 0.646134 192 194 183
-0.4190524 1.05318 -0.0773748 138 137 122
-0.3604143 1.137014 -0.1658566 121 110 82
0.185086 1.032468 1.173195 87 92 83
-0.2932652 1.176601 -0.2352553 147 139 117
-0.3980634 0.9904731 -0.07322483 114 116 100
-0.4152814 0.759217 0.3460333 140 118 92
-0.40035 0.7493482 0.354699 129 123 97
-0.3569109 1.048798 -0.1707914 125 121 105
-0.3723975 0.9545365 -0.02155077 150 150 138
-0.3307454 0.973372 -0.1222079 175 175 163
-0.3562608 0.8175573 0.1307877 164 167 150
-0.3713513 0.8199668 0.08189864 149 149 129
-0.3181958 0.7258889 0.3633576 127 125 100
-0.3097709 0.669668 0.4863272 130 131 110
-0.2234118 0.6418711 0.6999604 179 183 164
-0.2447951 0.6634573 0.6019572 217 226 225
-0.2990299 0.7396672 0.3355921 185 180 158
-0.3065693 0.6947502 0.3995563 166 161 145
-0.1966064 0.6342676 0.7233253 177 180 161
-0.3002697 0.6846346 0.415867 114 110 94
-0.2528062 1.017222 -0.2189909 141 137 124
-0.2831645 0.9249732 -0.1146954 150 150 140
-0.2894242 0.9065058 -0.08747829 136 134 121
-0.2826815 0.6358286 0.4660705 135 126 102
-0.2471915 0.9580001 -0.1743254 162 159 146
-0.1558187 0.6123734 0.6749052 191 192 178
-0.214749 1.019046 -0.2484595 134 133 125
-0.3279722 0.7684014 0.04773453 119 121 100
-0.2706583 0.7170671 0.2509654 166 158 133
-0.23438 0.6815334 0.3869486 116 115 94
0.2737826 0.7848102 1.047943 190 196 187
-0.2024485 1.015506 -0.2639729 132 130 119
-0.03654468 1.192291 -0.3727296 117 112 95
-0.2020687 0.9508754 -0.2309366 149 145 132
-0.2015872 0.943323 -0.2209686 132 129 114
-0.1911382 0.9471747 -0.2266944 134 131 116
-0.1067758 0.5694263 0.6574056 176 179 164
-0.003899467 1.159497 -0.3906193 127 123 107
-0.1704791 0.6481883 0.3551684 143 135 113
-0.1678553 0.6486129 0.3422792 205 203 184
0.1725264 0.6254098 0.9297781 137 135 114
-0.1527049 0.6135093 0.377841 167 163 149
-0.1864063 0.6933436 0.1226582 160 155 133
-0.186871 0.6835346 0.1345726 181 176 164
-0.1502536 0.5955375 0.3601843 169 169 157
-0.1646654 0.8320194 -0.1422821 148 136 111
-0.1448683 0.5658782 0.3890503 125 124 102
-0.1446237 0.5777404 0.3538654 139 141 127
-0.05205092 0.5495846 0.5194767 206 206 194
0.01554053 1.025177 -0.3326396 135 132 114
0.01554053 1.025177 -0.3326396 135 132 114
-0.1308281 0.5700406 0.2946909 162 163 151
-0.03784213 0.5177039 0.5463671 187 185 173
-0.1173308 0.5378555 0.3512962 145 147 128
-0.02044659 0.5330589 0.5031506 183 181 165
-0.009327889 0.509119 0.531316 101 97 77
-0.1255917 0.6260507 0.1052262 192 192 179
-0.09971489 0.566595 0.2375742 186 189 178
-0.113262 0.6221095 0.1060383 195 194 178
-0.09870936 0.7346414 -0.1079837 127 122 104
-0.1530528 0.650595 -0.0354674 151 146 121
-0.1051394 0.5807018 0.157748 121 123 107
-0.07798997 0.6342618 -0.006144153 149 143 127
-0.05106545 0.5081127 0.2694688 164 165 149
-0.02852744 0.6786032 -0.1141175 131 129 114
0.01737913 0.4981993 0.2989483 189 190 178
0.03070343 0.7446476 -0.2210209 112 112 103
0.05103418 0.4797966 0.311299 180 176 160
-0.0251313 0.5421795 0.07686671 141 137 114
0.03018531 0.3772932 0.4449017 144 133 112
0.07659405 0.7617587 -0.2631919 151 147 134
0.0427343 0.6985021 -0.1872607 160 153 135
0.04041729 0.6799809 -0.1865773 125 122 107
0.1051048 0.7542777 -0.28348 135 132 123
0.07835569 0.5659934 -0.03273206 190 189 174
0.1179802 0.4440726 0.2254087 136 136 124
0.1345916 0.4748971 0.1749009 196 192 178
0.1403592 0.4657905 0.07157539 149 147 132
0.1594824 0.4470403 0.08561484 140 139 124
0.1864316 0.3945529 0.1887396 183 184 175
0.1864316 0.3945529 0.1887396 183 184 175
0.1919815 0.3834115 0.1788558 127 128 116
0.1938019 0.3876147 0.181444 127 128 116
0.1983767 0.42176 0.08023975 161 161 147
0.1983767 0.42176 0.08023975 161 161 147
0.2106626 0.3873518 0.1534634 141 139 124
-0.5475286 3.482422 1.329857 148 152 143
-0.6468255 3.589458 0.3671165 140 144 136
-0.07127944 3.931765 3.126779 167 165 158
-1.408702 1.080179 0.3417894 161 168 151
0.2016948 3.968462 1.783151 166 173 164
-0.9203062 1.877387 0.4402272 124 98 74
-0.6016751 1.726183 0.6692543 126 128 115
-0.6504349 1.546447 0.3112827 123 121 97
0.02962131 1.948303 1.455752 182 193 196
-0.6376419 1.449707 0.2854855 107 106 85
-0.6342888 1.434217 0.2834093 137 136 117
-0.5553312 1.664954 0.05364565 141 136 110
-0.6344404 1.421587 0.2834447 76 74 54
-0.635787 1.357906 0.3019494 105 104 79
-0.6146861 1.239076 0.3225392 89 88 68
-0.6035425 1.271473 0.2092842 120 119 95
-0.5429876 1.291173 0.08222844 97 95 73
-0.5485972 1.169235 0.1787042 112 112 82
-0.5499363 1.109777 0.2763652 105 105 79
-0.531638 1.098199 0.241558 118 118 91
-0.5210275 1.099971 0.1998122 129 129 104
-0.5197405 1.091041 0.2130583 109 110 86
-0.5151559 1.092913 0.2003636 109 112 88
-0.3762226 1.381395 -0.1120738 124 121 108
-0.4415994 1.248746 -0.01613128 122 119 104
-0.2315992 0.9508542 1.073291 147 151 143
-0.4905498 0.9744756 0.2477776 101 95 74
-0.4812063 0.9685251 0.2464948 132 130 112
0.871762 1.788159 1.558619 206 209 206
-0.4537649 0.9182841 0.2687448 131 127 106
-0.4199556 1.108946 -0.04678839 167 164 145
-0.3824928 0.7819828 0.6670415 113 112 89
-0.4041778 1.247105 -0.3422898 130 122 102
-0.4625347 0.9259285 0.09803741 132 131 112
-0.3364745 0.7677962 0.6880666 193 198 186
-0.1808315 1.454353 -0.3763473 136 133 124
-0.3327135 0.7687492 0.6624336 199 200 185
-0.4613504 0.8173789 0.2783594 143 143 119
-0.4548454 0.8013355 0.3077278 146 141 116
-0.4491464 0.8091131 0.2776635 140 140 113
0.1786599 0.9707631 1.22756 161 163 149
-0.4347641 0.8114236 0.2624433 110 100 73
-0.4020165 0.8432167 0.2415524 111 107 82
-0.4226842 0.8473617 0.1856129 155 158 137
-0.4021391 0.8437674 0.2341746 150 144 122
-0.2957669 1.169053 -0.2243211 120 109 82
-0.4235491 0.7949544 0.2659483 124 117 91
-0.2571698 1.222705 -0.276829 152 148 139
-0.404518 0.7218032 0.4250321 157 156 138
-0.4284022 0.8469026 0.105365 161 162 143
-0.2888015 0.6919656 0.6671365 185 188 178
-0.384314 0.7100399 0.4389805 143 139 114
-0.3661502 0.9468112 -0.004158858 168 164 150
-0.3518037 1.035143 -0.1621209 139 136 124
0.8732586 1.520685 1.257323 190 194 185
-0.3513033 1.01398 -0.1336695 138 130 111
-0.3573962 0.7924917 0.2655818 159 157 139
-0.3515849 0.7317235 0.3639677 156 156 135
-0.3263104 0.9903773 -0.1625197 118 104 86
-0.2075987 0.6395281 0.7134262 114 113 89
-0.3077828 0.66333 0.4732219 125 128 108
-0.3015933 0.6549983 0.4905898 116 115 94
-0.3026329 0.6581868 0.4783881 136 138 123
-0.3067298 0.7410988 0.2747778 198 201 186
-0.2818002 0.7198377 0.3566183 177 170 150
-0.001810408 0.6517946 0.9798407 145 141 125
-0.1804801 0.7809557 0.3850299 192 185 157
0.004268042 0.6626326 0.9385617 151 147 128
0.0137773 0.6469055 0.967105 143 138 119
0.01288542 0.6535277 0.937894 195 192 181
-0.07482707 1.195964 -0.322907 98 89 67
-0.2416388 0.6971599 0.3698288 190 184 162
-0.2431015 0.6914811 0.3846442 161 158 143
-0.07043541 1.196614 -0.3478288 94 90 71
-0.1518795 0.6005117 0.6327238 121 126 112
-0.1507041 0.6062715 0.6088992 157 158 142
0.066117 0.6351639 0.9270744 189 191 181
-0.1330176 0.581947 0.6836344 149 152 135
-0.2889454 0.6924495 0.1856691 146 137 113
-0.315126 0.7719507 -0.03978048 115 108 87
-0.3181689 0.7500527 -0.01367302 144 143 120
-0.05093144 1.1393 -0.3445361 140 131 113
-0.1312067 0.5944797 0.5990351 205 205 191
0.6039569 1.190169 0.6591877 207 214 205
-0.1880365 0.6575193 0.3658558 136 133 116
-0.04397552 1.122543 -0.3431436 104 97 77
-0.2492823 0.673063 0.1966858 129 130 115
-0.09092867 0.5619085 0.6688159 202 204 193
-0.09092867 0.5619085 0.6688159 202 204 193
-0.1790703 0.9363571 -0.2333691 167 159 138
-0.2128274 0.8581246 -0.1447329 160 154 141
-0.2128274 0.8581246 -0.1447329 160 154 141
-0.2357896 0.8176864 -0.1109454 139 136 121
-0.1607956 0.634899 0.3659384 196 200 191
-0.1694499 0.616452 0.3859 150 145 127
-0.1494924 0.9470345 -0.250128 150 143 125
-0.1670311 0.6230223 0.3724936 170 161 137
-0.1990656 0.6957308 0.1304934 174 169 153
-0.001467927 1.089647 -0.3540046 153 149 135
-0.1956759 0.8240138 -0.1374722 155 147 126
-0.05850934 0.5503126 0.6296111 175 174 157
-0.1487312 0.6012883 0.3517878 147 147 132
0.1933923 0.6124719 0.8643676 195 196 181
-0.1438641 0.6158676 0.3027929 191 190 175
-0.1468408 0.6585259 0.151434 191 190 175
0.05365972 1.087119 -0.4098008 121 119 114
0.05390124 1.087207 -0.4101066 121 119 114
-0.03472448 0.5439004 0.5004572 162 159 141
-0.1279891 0.6354761 0.1732908 195 193 179
0.03047295 1.00162 -0.3173498 162 158 148
-0.1263085 0.6383042 0.1640513 173 175 163
0.03576996 0.9871908 -0.3245004 159 156 147
-0.008928857 0.5235961 0.5095972 165 157 136
0.05731562 1.011482 -0.3796633 119 117 102
0.05099348 1.005504 -0.382487 119 117 102
-0.114736 0.6171646 0.1262585 169 168 152
-0.1096358 0.6131037 0.1342414 156 157 145
-0.01766246 0.4356753 0.6108001 192 191 179
-0.1083048 0.6034369 0.137187 176 176 166
-0.1061134 0.6164404 0.06862018 141 139 123
0.09119114 0.9751462 -0.3814066 115 110 94
-0.07575846 0.532031 0.2580765 175 180 166
-0.1008026 0.5903565 0.09414338 125 127 111
-0.02998438 0.7391459 -0.1548798 132 128 109
-0.04396756 0.6926073 -0.09761881 155 151 138
0.014549 0.4375553 0.4486601 131 133 117
0.008193121 0.3990535 0.5139177 138 135 121
0.02469694 0.4925107 0.3252327 177 178 163
0.08275715 0.8323268 -0.3219966 144 144 136
0.05803983 0.7978317 -0.2866476 107 101 85
0.04434808 0.7592029 -0.2338613 155 150 134
0.01892645 0.7210882 -0.1884757 173 169 157
0.03882949 0.4683609 0.3355479 175 176 160
-0.02536464 0.5823123 0.01533873 153 150 131
0.06570368 0.7941619 -0.2933559 135 133 116
0.06342367 0.470659 0.3257351 172 169 153
0.04802092 0.3725967 0.4387074 146 145 123
0.3659617 0.9204652 -0.2484472 149 145 131
0.02288382 0.5753309 -0.002672018 139 144 132
0.09495007 0.4468332 0.3290221 121 113 90
0.08927125 0.4888203 0.2282405 145 138 115
0.08806096 0.4862075 0.2259065 145 138 115
0.05180123 0.6634223 -0.176741 138 134 115
0.1082738 0.4706613 0.2055032 174 172 156
0.1131892 0.4444401 0.2597147 165 161 148
0.1197707 0.4807115 0.1874816 179 172 151
0.07459461 0.5246161 0.04097362 142 139 126
0.07290472 0.5695379 -0.05252555 196 195 178
0.1219848 0.47096 0.1448244 213 218 213
0.1283219 0.4644909 0.1290939 177 182 176
0.1471553 0.3967226 0.2640148 188 190 178
0.1434734 0.455543 0.0889947 182 185 172
0.1617858 0.4098415 0.1981269 173 175 164
0.1617858 0.4098415 0.1981269 173 175 164
0.1692607 0.3738501 0.233252 166 168 157
0.1620689 0.4538191 0.06850581 191 193 177
0.1858416 0.3742674 0.2080826 152 150 136
0.1748616 0.4528804 0.0435151 177 176 163
0.193528 0.3976155 0.1652681 154 154 142
0.195723 0.4329098 0.06223453 158 155 141
0.2032838 0.4136187 0.08797523 197 196 181
0.2065079 0.4083 0.09649324 145 140 124
0.2214653 0.4023161 0.09632236 192 192 181
0.2214653 0.4023161 0.09632236 192 192 181
0.2281099 0.3888603 0.1116541 144 136 117
20.56386 -0.8871795 11.34984 56 52 47
-1.243119 0.9754137 1.542577 180 176 169
-1.257559 0.5621686 0.921406 150 144 134
-0.6351246 1.762921 0.6682512 113 118 105
-0.6353156 1.319526 0.5875667 116 120 93
-0.5994545 1.197599 0.2886383 102 101 79
-0.5735525 1.201222 0.2129794 98 97 71
-0.5107644 1.30186 0.03500589 105 102 79
-0.5061022 1.237828 0.06175578 162 160 146
-0.4984447 1.003781 0.5381746 135 139 124
-0.4826281 1.236686 0.03308067 107 105 83
-0.5473057 1.085927 0.0458135 146 143 128
-0.499327 1.012684 0.2457783 129 126 110
-0.5125669 0.9662901 0.2979531 123 120 99
-0.4994473 0.9782165 0.2610722 121 119 97
-0.4878231 0.9926515 0.2338939 156 153 135
-0.4986954 0.9044807 0.3919113 172 175 162
-0.5691458 1.106006 -0.2424931 155 155 149
-0.5189051 1.01714 0.05434634 131 126 103
-0.4613516 0.9410982 0.2579664 160 153 134
-0.4551904 0.9343439 0.2552149 159 156 139
-0.4175321 1.1134 -0.0567836 167 163 143
-0.4027597 1.165678 -0.1372077 121 117 104
-0.4514277 0.9118302 0.2617599 113 111 94
-0.3829886 0.7851911 0.6609078 159 162 142
-0.4084845 1.124739 -0.09607136 166 163 151
-0.3790656 0.7884344 0.6414344 184 185 172
-0.185756 1.467722 -0.3390827 122 122 115
0.163688 1.447434 0.451976 158 163 155
-0.464004 0.9742793 0.044466 99 96 73
-0.4298883 1.021324 -0.01268124 139 140 125
-0.3582684 0.7869189 0.6082703 207 207 193
-0.4715885 0.8172782 0.3007864 100 98 73
-0.4715885 0.8172782 0.3007864 100 98 73
-0.09517509 0.8006495 1.129487 159 161 149
-0.3079081 0.7620096 0.7287034 159 154 135
-0.4229431 0.9941043 0.004083667 138 135 116
-0.07214673 0.7918072 1.137852 180 186 177
-0.3383156 0.781119 0.5949548 208 206 186
-0.4514228 0.9120072 0.0834462 102 100 85
-0.1759993 1.429243 -0.3925953 112 112 101
-0.3205216 0.7682104 0.6346239 214 216 197
-0.4431062 0.8075215 0.275509 139 137 112
-0.4232143 0.7448368 0.4132178 139 133 111
-0.3109916 1.155309 -0.2082929 144 132 108
-0.4248518 0.7951564 0.2804765 157 156 135
-0.4122107 0.7273843 0.4278634 132 131 110
-0.4132108 0.7279046 0.4204736 188 186 169
-0.4021414 0.8208382 0.2488219 105 99 75
-0.435068 0.8519872 0.09524425 168 170 150
-0.420424 0.8425879 0.1226612 163 165 141
-0.2929206 0.6997845 0.6664684 158 162 150
-0.4293458 0.8467194 0.08931936 153 155 133
-0.2951017 0.6977939 0.6540915 178 183 169
-0.3885599 0.8340486 0.1695506 170 171 155
-0.3643813 0.9369122 0.011886 100 101 86
-0.4111846 0.8728877 0.03651369 133 127 109
-0.4066662 0.8654562 0.03911467 78 70 52
-0.4083037 0.866595 0.03971946 78 70 52
-0.397895 0.8316586 0.1242247 159 160 140
-0.2784303 0.6825429 0.6546327 177 179 167
-0.3963975 0.8314654 0.1149699 176 177 160
-0.3858716 0.8276508 0.1417628 174 177 162
-0.4075689 0.8351955 0.07601468 160 161 143
-0.3663746 0.731034 0.3672301 118 114 92
-0.3438175 0.8225054 0.2130601 195 190 161
-0.2726903 0.6727304 0.6519379 121 123 101
-0.2714301 0.6610341 0.6766214 126 112 89
-0.3552848 0.6922011 0.4490592 153 152 129
-0.37164 0.8262045 0.1460922 183 188 176
-0.3501791 0.8253364 0.1780982 168 166 142
-0.2058334 1.193782 -0.2875468 151 142 122
-0.2133334 0.6428762 0.8071331 159 156 141
-0.199617 1.209752 -0.3140273 117 110 92
0.3844643 1.612417 0.0001565652 145 143 130
-0.3339725 1.007162 -0.1697603 151 147 131
-0.3274495 0.7593482 0.317884 141 138 121
-0.3224514 0.8163132 0.2074074 157 148 118
-0.3237019 0.75318 0.3305046 135 132 113
-0.3242607 0.7969545 0.242127 168 159 130
-0.3219721 0.761453 0.3125081 170 166 152
-0.3236713 0.6782355 0.473107 189 194 183
-0.3231267 0.763845 0.3004704 149 150 135
-0.3273115 0.9826127 -0.1586599 160 154 140
-0.3247044 0.9795138 -0.1533018 127 123 106
-0.3716661 0.8300829 0.05618698 144 144 128
-0.1623119 1.218042 -0.327713 138 129 110
-0.3198415 0.9509583 -0.1024895 162 162 150
-0.3192441 0.782694 0.2362952 130 126 104
-0.3091739 0.7539515 0.3113092 190 188 171
-0.308131 0.736111 0.3459678 135 131 113
-0.0282397 0.6791714 0.9857454 185 187 179
-0.312088 0.993763 -0.1832937 142 131 112
-0.3031078 0.7456409 0.3191231 192 191 173
-0.3124576 0.7035406 0.3828492 126 124 102
-0.2963304 0.7324449 0.3415468 157 151 128
-0.2013969 0.6346737 0.717771 176 180 159
-0.340671 0.8407863 0.02488846 112 109 94
-0.1775306 0.6297392 0.740243 184 187 170
-0.2784892 0.7222128 0.3486934 161 155 133
-0.2928923 0.657177 0.4538737 134 132 111
-0.2940378 0.6338219 0.4948735 119 108 85
-0.3028237 0.8902133 -0.03527796 162 159 142
-0.299866 0.8966105 -0.05264154 169 167 155
-0.2721576 0.7172214 0.3555567 157 146 119
-0.2681172 0.6902791 0.3975326 134 129 109
-0.2927226 0.8937318 -0.06400066 164 161 150
-0.2952525 0.8846298 -0.0568704 154 152 140
-0.2841314 0.6141171 0.5074992 137 130 106
-0.317243 0.7320863 0.2029076 124 121 104
-0.2916956 0.722701 0.2648259 112 115 99
-0.2566097 0.6919616 0.3916471 120 116 97
-0.259419 0.6662903 0.4118115 116 112 90
-0.07552315 1.198842 -0.3414719 132 124 103
-0.2393655 0.6906976 0.3836627 166 164 149
-0.07445342 0.6067278 0.8461757 174 184 180
-0.2697402 0.6080375 0.4815319 129 121 97
-0.3240301 0.7648628 0.05360064 162 167 155
-0.2570581 0.6181464 0.4466699 118 103 76
-0.2571619 0.6091377 0.4602348 154 137 108
-0.3368957 0.7703862 -0.005518208 124 122 101
-0.1584201 0.6127522 0.6047716 164 162 146
-0.2070263 0.9936461 -0.2534014 130 126 111
-0.2282193 0.9422815 -0.1899112 162 158 144
-0.2578661 0.8782659 -0.1163543 131 129 115
-0.05922547 1.148675 -0.3293877 134 128 110
0.06809632 0.6388088 0.9126339 185 185 175
-0.2921915 0.7446195 0.06795909 200 206 196
-0.204485 0.666671 0.374283 139 136 117
-0.143208 0.6001031 0.6112372 164 166 150
-0.2375343 0.5893363 0.4605745 134 120 95
-0.202206 0.6579277 0.3797505 150 146 129
-0.1146968 0.5749453 0.6959629 197 201 190
-0.197925 0.6657346 0.3662983 174 171 153
-0.3050746 0.7410867 0.007078534 151 153 137
-0.1842543 0.6573545 0.3515365 166 164 149
-0.2377674 0.7184517 0.1334302 159 154 135
-0.07985281 0.5606333 0.6846126 159 163 152
-0.1668105 0.6412504 0.3637186 135 127 103
-0.2393225 0.6790658 0.1647721 151 149 135
-0.2450819 0.6484186 0.2049043 115 113 96
0.1706597 0.6329293 0.9214355 166 163 146
-0.201586 0.8558311 -0.1475614 160 153 140
-0.1875283 0.8805736 -0.1837928 150 146 127
-0.09639048 0.5738251 0.5786543 191 194 182
-0.1903784 0.8685458 -0.1724138 152 147 131
-0.2328911 0.6620954 0.1700513 122 119 104
-0.1830228 0.8843986 -0.1976728 132 124 104
-0.07914546 0.5644742 0.6008531 196 194 181
-0.08327316 0.5707639 0.5546387 190 184 161
-0.08176712 0.571515 0.5475155 165 159 133
-0.163266 0.8679681 -0.1862692 143 139 123
-0.07683827 0.5574428 0.5567387 140 139 124
0.1808268 0.6116986 0.8501194 176 176 158
-0.126823 0.5507957 0.4635707 175 179 169
-0.1818082 0.6486231 0.1756825 167 161 143
-0.0515946 0.5334031 0.6109067 106 107 88
0.004473321 1.049194 -0.3380484 97 95 81
-0.1549575 0.8097114 -0.1170827 122 107 77
-0.1637008 0.6214169 0.2300148 163 161 146
0.011176 1.02695 -0.3115369 154 149 134
-0.1263673 0.8507803 -0.1845048 154 151 138
0.01530275 1.021984 -0.3124284 131 127 112
-0.1339673 0.5698947 0.3587891 136 138 123
-0.0558865 0.5451311 0.5308662 168 168 157
-0.04931566 0.5462425 0.5132421 199 198 186
0.05724075 1.077798 -0.4098812 144 143 138
-0.1250718 0.8122324 -0.1639807 117 114 93
0.02354686 1.013361 -0.3365636 152 152 143
0.03036883 1.014645 -0.3712677 129 126 112
-0.122987 0.6268696 0.1684076 133 136 120
-0.1179109 0.6275178 0.1513067 196 196 182
-0.1306711 0.6304649 0.1175503 130 126 104
-0.01121526 0.5064478 0.5394785 180 172 149
0.04179817 0.9834073 -0.3391336 114 116 106
-0.1041497 0.7665234 -0.1304202 119 116 99
-0.143738 0.6294198 0.08104256 174 177 162
-0.1141888 0.5357395 0.3101606 121 120 100
-0.01802518 0.4702599 0.5443863 141 138 123
0.004196464 0.5038382 0.5098719 154 148 125
-0.01811267 0.4428507 0.5652337 140 138 119
0.001591764 0.8680418 -0.2682069 151 148 139
-0.1054098 0.6246331 0.02955094 186 184 170
-0.003433109 0.824564 -0.2315666 133 126 108
-0.06684553 0.5123634 0.2909681 177 172 156
-0.06541347 0.5217465 0.2629154 159 163 147
0.0975091 0.9450824 -0.3621612 153 149 138
-0.0924972 0.5821307 0.08494553 102 102 81
0.002108432 0.5044085 0.37463 167 164 145
-0.07778366 0.526853 0.1800428 152 153 135
0.01123026 0.4658064 0.4185989 155 155 143
-0.06970743 0.6469147 -0.0631706 131 125 109
-0.0380971 0.6863692 -0.1042594 137 132 119
-0.04947787 0.6117133 0.01125881 143 140 125
-0.009780895 0.6957362 -0.1368424 142 138 125
0.03429775 0.7673702 -0.2248486 132 128 115
-0.04000686 0.6271988 -0.07236643 168 169 154
0.05055842 0.7767115 -0.258653 149 145 132
0.0708793 0.7796557 -0.2835512 147 143 127
0.2718776 0.7802265 -0.01725 101 100 80
-0.01438327 0.6223173 -0.1083754 142 137 118
0.0514611 0.3515055 0.5063858 183 185 169
0.02754444 0.546361 0.07074304 152 150 133
0.02824811 0.5349845 0.08822607 164 159 142
-0.006648547 0.6000869 -0.1043828 110 101 81
0.08819521 0.7416888 -0.2706111 111 106 87
0.04386165 0.6622055 -0.1687219 154 149 133
0.09132113 0.7442638 -0.2768455 145 142 128
0.08787886 0.4755592 0.2512983 173 166 147
0.08787886 0.4755592 0.2512983 173 166 147
0.08533239 0.4589989 0.2730909 127 123 108
0.05346904 0.577455 -0.03914888 187 186 171
0.09671791 0.6954762 -0.2344583 130 124 104
0.1082185 0.4543831 0.2605417 189 181 160
0.10745 0.4871809 0.1927176 160 154 136
0.1103254 0.4459423 0.2673372 184 180 166
0.09783352 0.674488 -0.221006 159 156 137
0.08010826 0.5146701 0.05627993 188 190 181
0.1130459 0.4237048 0.2660298 173 169 156
0.11561 0.4474676 0.2146308 173 175 163
0.1170606 0.4781568 0.142231 177 181 174
0.09399341 0.5146402 0.03382498 165 165 155
1.233341 0.985399 0.4811444 194 195 182
0.1327487 0.6578866 -0.2245834 136 132 113
0.1026171 0.5181654 0.01541031 180 177 162
0.1361562 0.4027393 0.2732499 175 177 161
0.1122564 0.5176803 0.008738523 136 132 118
0.1384557 0.437345 0.1949725 129 129 117
0.1141106 0.498499 0.03879545 172 171 160
0.1522136 0.3878027 0.3031598 146 143 129
0.143962 0.4117891 0.2313917 133 133 116
0.1251985 0.5028843 0.01734859 189 187 172
0.1375553 0.4550254 0.1280783 195 199 191
0.1266006 0.4720744 0.07425284 210 207 186
0.1494652 0.4422266 0.1569221 199 203 195
0.1541809 0.4388075 0.1664765 195 200 194
0.1559346 0.3868071 0.2696046 183 185 172
0.1521978 0.4021096 0.2174402 141 139 124
0.1545635 0.3912118 0.2498936 188 190 179
0.1458548 0.4500112 0.1150616 135 137 125
0.1401126 0.4797666 0.04007355 176 175 159
0.1478313 0.4501013 0.1071311 176 181 171
0.1682318 0.3753341 0.2660185 191 191 182
0.1545524 0.4465215 0.09435286 156 158 147
0.152324 0.471072 0.03196568 126 123 107
0.1719238 0.3746065 0.245469 147 149 137
0.1612334 0.4237419 0.1279059 167 168 160
0.1645649 0.4521132 0.04575747 116 112 94
0.1692618 0.4403878 0.08362766 165 165 153
0.1692618 0.4403878 0.08362766 165 165 153
0.1889665 0.3888266 0.1970437 158 160 148
0.1898167 0.3590585 0.2327547 159 159 145
0.1848202 0.4403799 0.06146909 103 95 80
0.184268 0.4063548 0.117011 157 155 141
0.1932344 0.3615022 0.2249579 134 132 119
0.1943368 0.4241557 0.08707356 138 134 116
0.2260048 0.3753932 0.1571243 179 177 162
0.2304091 0.397677 0.09256144 150 133 114
0.2593866 0.3875647 0.1138021 119 110 90
-0.9660532 1.922845 0.4677804 139 126 100
1.061241 5.432752 1.8539 141 124 100
-0.6966159 1.642969 0.3527674 96 95 73
-0.6977384 1.640309 0.3572869 117 116 94
-0.6398742 1.321944 0.5906212 119 122 99
1.802184 3.716391 2.671497 212 222 224
-0.2227017 1.677114 0.6159166 107 108 86
-0.4613985 1.63519 -0.03051402 105 105 87
-0.4667633 1.48976 -0.04312509 124 122 102
-0.4667633 1.48976 -0.04312509 124 122 102
-0.5454304 1.303946 0.08122797 94 90 69
-0.5540706 1.18823 0.1712146 124 122 96
-0.528439 1.255266 0.07806678 108 105 87
-0.5398217 1.136641 0.203222 115 115 91
-0.4121868 1.432899 -0.09652503 103 102 81
-0.5017325 1.251161 0.04418308 122 119 96
-0.4488347 1.300152 -0.03343001 122 120 100
-0.4759948 1.229291 0.03015795 104 103 82
0.04322585 1.567905 0.5944514 125 128 112
1.253805 2.352282 1.912268 107 108 92
-0.3619737 1.410678 -0.1262918 140 136 123
-0.4684123 1.198768 0.03396392 120 118 103
-0.4411619 1.220997 -0.007248191 139 135 122
-0.4050433 1.289953 -0.06938236 139 136 122
-0.4351662 1.22223 -0.01472286 119 116 101
-0.4500677 1.187622 0.01660024 139 135 121
-0.4292444 1.224036 -0.02407501 111 109 93
-0.4879431 0.9707902 0.2522965 131 129 107
-0.4794178 0.9944128 0.2090546 117 114 94
-0.4637592 0.9569391 0.2416959 133 130 113
-0.5022723 0.9798619 0.07978612 123 120 95
1.839694 2.687431 1.798652 180 186 175
-0.416695 1.116687 -0.06078639 167 163 145
-0.4105721 1.151393 -0.1302238 124 121 107
-0.4040111 1.110611 -0.08084575 169 166 149
-0.3355299 0.7696546 0.7223985 173 178 170
-0.3202161 0.7661046 0.7385487 203 207 198
-0.3728378 1.171703 -0.1925549 123 119 104
-0.3508821 0.7788106 0.6367852 201 202 189
-0.1831986 1.102459 0.3522713 136 135 120
-0.1601154 0.8361496 0.9089913 192 194 175
-0.1960007 1.423992 -0.4016846 105 105 95
-0.4555308 0.909875 0.09043561 152 150 138
-0.4093995 0.9314418 0.05073822 116 113 94
-0.4268629 0.7910694 0.2843649 113 109 82
-0.4224473 0.7854987 0.3005967 130 127 105
-0.298338 0.7109094 0.6890177 200 205 197
-0.39052 1.073449 -0.2348597 141 130 102
-0.3859277 0.9438243 0.0279514 119 114 98
-0.1581249 1.396697 -0.4280004 136 132 119
-0.4134772 0.8419968 0.155807 173 174 157
-0.4014505 0.8382333 0.1821756 168 170 155
-0.2611166 1.190391 -0.265966 130 123 106
-0.2562492 1.185277 -0.2606817 127 118 96
-0.1337509 1.408536 -0.4708076 102 96 83
-0.3456195 1.027012 -0.1548649 142 142 133
-0.351379 0.8239174 0.2293158 198 192 163
-0.3448071 1.014333 -0.1401757 166 160 146
-0.2693932 0.6613789 0.6977637 175 172 155
-0.265034 0.6574255 0.7022344 100 99 80
-0.265034 0.6574255 0.7022344 100 99 80
-0.3388452 0.9994169 -0.130363 161 159 146
-0.3651816 0.9488918 -0.08353585 124 120 101
-0.3360193 0.999415 -0.1516593 169 167 153
-0.3345076 0.7419926 0.3452928 143 140 118
-0.2524104 0.6465383 0.6724443 165 149 130
-0.3673566 0.8408705 0.03384641 129 127 109
-0.3673566 0.8408705 0.03384641 129 127 109
-0.329455 0.8929293 -0.004739864 120 115 99
-0.3095678 0.6991552 0.3926583 124 121 102
-0.3568159 0.8316088 0.03779472 141 139 125
-0.3030395 0.6768183 0.435658 131 130 114
0.5168585 1.607666 0.1030307 140 140 128
-0.2929073 0.7230778 0.3598896 157 153 134
-1.088781 0.1878443 -0.0517384 161 165 152
-0.2568634 1.049924 -0.2446024 109 102 85
0.5874412 1.065976 1.280022 217 223 214
-0.2894933 0.6887121 0.4094848 156 153 138
-0.3064121 0.8871188 -0.02287852 161 157 138
-0.007860197 0.663452 0.9656587 171 173 163
-0.1740368 0.6308795 0.7239391 189 191 175
-0.2544943 1.022113 -0.2226515 139 131 119
-0.3018076 0.7383114 0.2561302 154 150 134
-0.3538556 0.7932628 0.03564699 146 136 121
-0.2543292 0.703307 0.3732753 178 166 139
-0.2478786 0.6870254 0.3907463 119 116 97
-0.2770678 0.7197321 0.2579163 151 143 115
-0.2424876 0.9719519 -0.1911267 152 150 135
-0.2838841 0.766775 0.1443115 152 145 122
0.02664127 0.6460075 0.9384753 189 189 178
1.176346 1.453377 1.305535 196 202 190
-0.2962294 0.7258285 0.1573658 112 110 88
-0.2530727 0.6080359 0.455926 127 110 83
-0.2561513 0.867569 -0.1016602 144 141 128
-0.2561513 0.867569 -0.1016602 144 141 128
-0.2423589 0.5901243 0.4702747 130 117 93
-0.2423589 0.5901243 0.4702747 130 117 93
-0.2461485 0.6597189 0.3036397 207 216 209
-0.2039107 0.652056 0.3837564 110 106 87
-0.1954941 0.9685845 -0.2555731 123 116 98
-0.08836422 0.569108 0.7210853 145 144 127
0.1076416 0.6386458 0.9122072 170 165 153
-0.2419827 0.7283766 0.1302561 162 157 134
-0.2282758 0.8656658 -0.1405183 155 152 137
-0.2507907 0.6786047 0.1910318 173 173 160
-0.1153748 0.5823077 0.6016803 145 144 128
-0.2061185 0.5697693 0.4648882 163 149 125
-0.2028267 0.584574 0.4258276 154 142 115
-0.1959764 0.5771999 0.4313968 159 138 111
-0.02677 1.071386 -0.2779146 110 106 89
-0.1093347 0.5771457 0.5729815 196 198 187
-0.2248998 0.8214053 -0.1199002 147 140 122
-0.1727038 0.5906229 0.4147772 133 129 109
-0.1734837 0.5754412 0.4353534 126 119 98
-0.1948998 0.6897736 0.1338594 158 155 138
-1.297957 -0.01894676 -0.2391157 99 95 76
-0.0003293842 1.050216 -0.3327774 146 143 134
-0.1824966 0.618865 0.2409004 191 192 177
0.002658063 1.034658 -0.3043879 154 146 131
-0.1301177 0.5505386 0.4114145 138 137 114
-0.1424273 0.616037 0.2599917 158 156 142
-0.1055291 0.5441296 0.4607768 209 212 207
-0.1588894 0.6299207 0.2018328 199 195 177
-0.1334366 0.8275635 -0.1602782 143 141 126
-0.05426453 0.5190792 0.577808 84 83 69
-0.05143411 0.5436538 0.5242738 195 196 183
-0.1272851 0.6258622 0.2013127 204 200 180
-0.02343329 0.4960372 0.5866603 142 139 127
-0.02264648 0.5050609 0.5662082 178 176 161
0.06109825 1.044636 -0.400786 127 127 120
-0.01721935 0.5370207 0.4904359 177 175 158
0.03680992 0.9912018 -0.3449318 149 149 141
-0.1077136 0.5254607 0.3409483 145 145 127
-0.1582822 0.641075 0.02813282 164 165 144
0.04993191 0.9815272 -0.3521598 129 129 119
0.4734002 0.7389414 0.7593985 164 158 139
0.06048036 0.9729134 -0.3571324 128 127 116
-0.07870898 0.7463062 -0.126575 151 145 130
-0.1070553 0.6017414 0.1158053 145 147 135
-0.04969999 0.8064873 -0.2112485 121 119 106
0.007226696 0.481911 0.5160189 161 156 134
-0.002523171 0.8544366 -0.2550474 148 145 131
-0.07452335 0.5261509 0.2716499 154 154 139
-0.1008043 0.596115 0.08836319 149 151 135
-0.06744266 0.6813037 -0.07160644 123 119 100
-0.08067705 0.6119078 0.04397575 163 160 144
-0.04571082 0.7044165 -0.09806195 117 113 98
-0.07577188 0.6564941 -0.04697069 139 138 120
-0.07850808 0.6033056 0.04937835 157 153 138
-0.04155788 0.5066326 0.2894749 207 209 198
-0.08096227 0.5963407 0.05192348 125 123 105
2.86558 1.853267 1.687304 148 150 137
-0.02099728 0.7188028 -0.1306551 155 152 137
-0.06988604 0.6424703 -0.054426 152 153 138
-0.06113661 0.6232347 -0.01609776 149 150 138
0.01920082 0.485378 0.3666589 193 188 168
-0.08045653 0.539759 0.1115183 141 137 118
-0.05342989 0.6320837 -0.03944206 177 175 160
-0.05797221 0.5054322 0.1941349 141 139 120
0.004482514 0.7287592 -0.1702811 167 164 151
0.009691653 0.7288455 -0.1761219 159 158 145
0.02683374 0.4873132 0.3289887 158 159 143
-0.04473803 0.6238044 -0.05603092 156 157 141
-0.01679949 0.4923774 0.2428153 159 158 135
0.03343038 0.4755044 0.3373099 154 152 138
-0.02904096 0.4945006 0.2072448 150 151 128
0.04698743 0.7682356 -0.2366891 135 131 118
-0.03879713 0.629579 -0.07925352 140 142 126
0.04405457 0.4734276 0.3297306 125 118 98
0.004096713 0.6834668 -0.1525739 136 134 120
0.06507019 0.7736865 -0.263731 151 147 133
0.02474765 0.7162639 -0.20127 163 161 147
0.04863653 0.489357 0.2724236 178 180 164
0.01666275 0.6798398 -0.1556335 137 135 121
0.04074949 0.3555472 0.5198646 153 143 122
0.0289702 0.3692586 0.4659733 145 123 99
0.03301926 0.695317 -0.1846611 162 156 139
0.04484039 0.7045935 -0.1932568 151 147 134
0.07506238 0.4387286 0.3644236 158 156 139
0.05630156 0.3471804 0.515404 121 115 96
0.02612567 0.5693499 0.01014818 145 146 133
0.08399571 0.4785286 0.2456374 144 138 117
0.0875781 0.4952634 0.2186909 191 183 160
0.08960826 0.4962299 0.2121119 152 144 116
0.08960826 0.4962299 0.2121119 152 144 116
0.05554576 0.5305638 0.08595491 164 166 153
0.09523088 0.4946423 0.2082842 191 184 162
0.04972072 0.5560097 0.02470415 188 188 174
0.07084121 0.6881688 -0.2137931 169 166 151
0.1375682 0.7129228 -0.1895194 150 147 132
0.04868744 0.5634456 -0.001818939 137 135 120
0.05422156 0.556921 0.01471512 180 180 168
0.09531043 0.7060181 -0.2468853 133 125 105
0.1023159 0.7228878 -0.2741819 135 136 124
0.05982788 0.5379378 0.04112436 153 151 136
0.09463306 0.5025613 0.1440425 202 202 186
0.06512471 0.5746228 -0.04528778 184 180 160
0.06993978 0.549345 0.01083313 187 187 173
0.0720162 0.5432584 0.0196592 140 137 122
0.1079636 0.7018995 -0.2541329 136 136 124
0.09966154 0.6833308 -0.2279227 150 144 126
0.1094656 0.6938296 -0.2497803 140 138 122
0.1119896 0.4873959 0.1529123 203 203 191
0.08055001 0.5295134 0.02817635 171 169 155
0.0778956 0.5690722 -0.06015791 185 184 165
0.0785478 0.5705884 -0.07948681 185 183 161
0.1170273 0.661335 -0.2176116 175 171 150
0.1160823 0.6537377 -0.2096019 153 146 125
0.09440146 0.5229483 0.01832517 181 178 164
0.1319153 0.4610474 0.1864793 163 161 145
0.1245542 0.6360534 -0.1908142 161 156 140
0.1195125 0.4791526 0.09020397 161 168 157
0.1425651 0.3970842 0.2733409 158 158 145
0.1386681 0.4099582 0.2381429 160 161 150
-0.03155001 0.3777874 0.09115162 183 188 182
0.157474 0.4326474 0.1562405 190 196 189
0.142233 0.469859 0.05124516 171 172 160
0.1637151 0.4040971 0.2097184 154 155 142
0.1520603 0.447817 0.1013275 131 133 120
0.1683837 0.4052949 0.1968568 157 159 147
0.1752039 0.3702725 0.2728838 169 174 166
0.1752039 0.3702725 0.2728838 169 174 166
0.169237 0.3975031 0.2101863 149 149 136
0.1535536 0.4553001 0.07276212 158 161 148
0.1768628 0.3851785 0.2164943 134 131 115
0.1721961 0.4154795 0.1480832 177 179 171
0.1816037 0.3852433 0.2122878 169 169 157
0.1800282 0.4112618 0.1262384 154 151 136
0.1987462 0.3896255 0.1718806 148 148 136
0.2033904 0.3634275 0.2101485 179 181 173
0.2059294 0.3923859 0.1428764 168 169 155
0.2059294 0.3923859 0.1428764 168 169 155
0.2116391 0.378015 0.1660097 160 161 146
0.2195787 0.3749415 0.1647109 130 126 109
0.2300421 0.3701094 0.1536684 152 154 139
0.2516643 0.3481525 0.1970339 185 185 173
0.2640322 0.3889228 0.1063478 169 163 146
-0.1345162 2.220234 1.230056 180 188 189
-1.4967 0.3703919 -0.03697286 121 119 104
-0.4579733 1.689448 -0.04938364 116 113 92
-0.5372384 1.184644 0.1431003 134 132 112
1.515874 2.749076 1.363179 121 122 102
1.931647 2.568048 2.371247 170 175 161
1.78243 2.64345 1.756353 128 131 115
-0.4605922 0.9085253 0.2686605 108 101 79
-0.4621062 0.8979186 0.2653903 129 123 101
0.8912283 2.518405 -0.05740849 132 132 124
-0.453818 1.007845 0.02305611 116 113 89
0.9626908 2.335252 0.3560289 108 108 98
-0.06961936 1.049498 0.7043642 205 210 201
3.47353 3.481912 3.230946 190 194 181
0.617707 1.359397 1.412349 191 193 180
-0.3859969 0.9347147 0.03571032 138 132 113
-0.2618386 1.026824 0.08693158 114 109 88
-0.3894028 0.7718984 0.3132852 113 109 83
-0.01115068 1.505925 -0.4233592 133 128 114
-0.3375212 1.05341 -0.1921844 121 116 100
-0.4111068 0.8596156 0.04149402 122 117 93
-0.3506952 0.8024453 0.2551662 137 131 111
-0.2197274 1.203615 -0.3018428 144 135 118
-0.1841131 1.229474 -0.343776 112 105 85
-0.2700974 1.064332 -0.2304813 130 126 112
-0.3602905 0.8205041 0.07910162 135 136 121
-0.1887144 0.6321608 0.7474899 167 167 147
0.7198706 1.420332 0.8308474 170 164 142
-0.311906 0.7340822 0.2905465 185 184 163
-0.3003647 0.9162722 -0.06958383 139 137 125
1.050526 1.620549 1.008009 137 134 115
-0.2800962 0.7051579 0.382534 159 155 134
-0.2880652 0.7262816 0.260537 186 182 165
0.02008306 0.6484255 0.9336758 176 175 163
-0.2528433 0.9223983 -0.1630367 134 133 122
-0.2688015 0.7568127 0.1359988 151 144 120
-0.2692246 0.7071908 0.2226577 168 174 162
-0.3120945 0.7697347 -0.04520465 115 107 86
-0.2014215 0.9516624 -0.2241891 148 145 130
0.08605208 0.7044844 0.7433178 157 155 138
-0.2225933 0.5826015 0.4525328 138 121 90
-0.1771087 0.9522357 -0.2442756 160 155 138
-0.1701974 0.6068833 0.396489 127 123 103
-0.1965052 0.6994815 0.1231105 155 151 131
-0.1914737 0.8188913 -0.1339325 136 124 102
-0.008083168 1.058203 -0.3261178 134 130 123
-0.1486146 0.8773222 -0.2022211 154 149 135
-0.02151964 1.009267 -0.264307 126 121 105
-0.1522432 0.8557111 -0.1804883 146 138 120
-0.1673119 0.6739036 0.1402088 166 159 138
-0.1359414 0.6132179 0.2631541 195 193 179
-0.1066965 0.5621035 0.2617581 109 104 85
5.891688e-05 0.8302805 -0.2398817 141 135 122
-0.09196874 0.6492852 -0.03004686 165 160 140
-0.09196874 0.6492852 -0.03004686 165 160 140
-0.3247089 0.286787 0.3540723 121 118 103
-0.08920166 0.5883388 0.07453477 131 129 110
1.235146 1.040813 1.053004 148 142 118
-0.03455171 0.6994112 -0.1069832 155 150 136
1.022241 0.90289 0.9520686 161 161 147
0.00305812 0.5054139 0.3199148 174 171 153
0.0371114 0.8162268 -0.259983 150 144 128
-0.009913579 0.6785489 -0.1275276 112 109 95
0.0421858 0.4861549 0.3087559 145 143 124
0.03195433 0.4309843 0.4036455 128 124 103
0.7385437 0.9271556 0.339384 127 119 98
-0.009320963 0.5877137 0.01105999 176 177 162
0.05132857 0.4903196 0.2659031 155 153 133
0.1974133 0.5461783 0.3161686 146 146 131
-0.003859877 0.6274033 -0.1294718 116 110 91
0.1057109 0.7921541 -0.3126072 149 146 132
0.9437276 0.974739 0.4059114 178 174 157
0.06014577 0.7080216 -0.2332922 136 133 115
0.05378345 0.5235065 0.1157431 166 160 140
0.07747712 0.6933284 -0.2215034 172 169 155
0.06620294 0.665508 -0.1874567 157 152 136
0.07449231 0.6765525 -0.2057054 134 131 116
0.09971872 0.6897626 -0.2346508 158 153 133
-0.353396 0.3385584 -0.1093986 160 154 131
0.3752778 0.6127198 0.2504703 205 201 182
0.07396656 0.5306544 0.03584267 174 172 155
0.02954874 0.5799223 -0.1261599 149 115 89
0.03090949 0.5724742 -0.1138786 178 160 138
0.1057729 0.4910813 0.1353134 193 195 186
0.08885376 0.5530847 -0.01356586 153 150 135
0.1093784 0.66619 -0.2227926 174 171 156
0.1101218 0.5325285 -0.004846198 122 118 103
0.08572128 0.5652779 -0.1030091 186 188 175
0.1077333 0.4918888 0.05733062 147 147 136
0.148324 0.6578737 -0.2359485 139 135 116
-0.01639118 0.3688491 0.1187092 188 190 179
0.1485052 0.3932992 0.2690403 164 164 151
0.1436389 0.4972141 0.002491937 150 145 128
0.1553521 0.4671336 0.04479479 125 121 102
-0.8759238 -0.03749577 -0.1464385 177 179 169
0.2064446 0.3498073 0.2235182 138 132 118
0.2118634 0.4267883 0.06276169 138 126 108
0.2237142 0.402638 0.08588076 145 131 114
0.2237142 0.402638 0.08588076 145 131 114
0.7634004 -0.6212021 0.4480768 180 183 158
-1.312804 5.062257 0.5565679 155 143 126
-1.369958 5.101847 0.4891307 205 198 186
-2.187735 4.610842 1.587824 171 165 156
-2.077116 4.415698 2.008933 178 170 155
-2.380066 4.968046 0.8179084 172 164 154
-0.9348436 0.4686967 1.186106 202 200 191
1.903555 3.262644 4.142626 204 198 190
1.980559 5.732793 -0.000962218 151 138 117
2.458751 2.983604 4.639298 203 197 190
3.619025 4.767962 0.9376285 178 173 159
4.83207 4.638553 1.202744 176 167 153
5.219694 4.090168 2.212485 165 154 135
5.375137 4.037253 2.352865 180 171 153
5.442222 4.230927 1.96739 169 158 140
-2.187605 4.565936 1.659729 0 0 0
-2.065325 4.630476 1.616668 150 144 132
-1.222432 5.140995 0.3291743 177 169 161
-1.055185 5.089904 0.4843303 163 157 145
-1.055185 5.089904 0.4843303 163 157 145
0.0554196 3.232497 4.369657 207 203 196
0.0554196 3.232497 4.369657 207 203 196
0.382526 4.211028 3.094473 214 215 205
-0.3389279 0.9414676 -0.0762042 122 113 90
-0.1746795 0.8003103 -0.1120621 119 99 60
-0.1113947 0.5683541 0.264828 114 107 84
-0.04701138 0.605233 -0.004097753 191 193 179
0.1272223 0.4541982 0.1955499 128 123 104
0.1748135 0.4249007 0.1073224 138 133 110
2.299384 3.228604 3.533405 169 159 145
2.629741 5.048046 0.3013428 170 161 142
4.505789 4.871979 0.7100477 184 174 159
5.196028 4.204257 2.067374 188 182 166
-1.135736 5.153294 0.3744518 145 134 120
-0.8034075 5.326426 -0.06115704 146 134 118
-0.1168672 3.296253 4.234624 206 204 201
-0.1987207 3.872934 2.932943 186 181 170
0.06646165 3.721978 3.201925 176 167 153
0.4475559 3.054808 4.683438 198 192 183
0.5587592 3.237152 4.263532 198 192 185
0.7592636 2.724322 5.359911 215 210 207
-0.3427919 1.020551 -0.1563354 174 174 159
-0.3427919 1.020551 -0.1563354 174 174 159
0.929389 3.126884 4.462043 197 190 184
-0.1966102 0.9139734 -0.1990819 139 123 99
-0.1627356 0.8828889 -0.1923412 155 148 127
-0.1618166 0.9160746 -0.2274963 125 107 82
-0.09144473 0.847253 -0.2004343 120 110 83
-0.06063307 0.517077 0.2739551 217 215 197
1.58792 3.134289 4.418654 206 200 194
1.215091 2.501337 2.834907 223 229 225
2.135859 2.712264 5.240489 190 185 174
2.112022 3.215117 4.225908 199 193 183
2.127389 3.372842 3.914312 192 184 175
1.769571 5.124058 0.1699024 162 148 130
2.502872 3.316249 3.869761 199 191 181
2.542596 3.388753 3.788617 198 189 179
2.748302 3.339839 3.869706 197 191 180
2.480147 5.061945 0.2926696 167 156 139
2.740517 5.015271 0.3818208 160 150 133
3.011942 4.847008 0.7816886 179 168 156
3.00759 5.075183 0.2522023 179 171 153
4.067523 4.432068 1.609582 168 159 142
4.067523 4.432068 1.609582 168 159 142
-2.592673 4.322602 2.265499 187 182 173
-2.59666 4.331457 2.270872 187 182 173
-2.34083 4.43424 2.008018 170 163 150
-2.282166 5.123944 0.4973868 174 162 151
-2.286175 5.22557 0.2892072 147 136 121
-2.185357 4.515743 1.813212 154 146 132
-1.834711 4.734057 1.317937 157 149 138
-1.407327 3.789521 3.289521 191 185 178
-1.151408 0.9216049 -0.8763925 174 167 156
-0.8467719 3.30957 4.253721 196 195 190
-0.7390689 3.488519 3.885037 211 209 200
-0.5773571 3.759415 3.254853 201 198 190
-0.4645379 3.829706 3.10695 198 194 186
-0.2455532 2.980218 4.932138 173 167 153
-0.07623252 3.000281 4.847621 203 201 193
0.2251517 2.799476 5.217523 205 199 194
0.2074595 3.900738 2.838668 163 162 140
0.4014682 2.976401 4.838766 176 168 157
0.2623985 4.08768 2.446405 115 105 74
-0.4019663 0.9564207 0.02708025 121 117 92
0.8620092 2.730984 5.354701 173 164 144
-0.2878566 0.692063 0.3998646 152 148 128
1.147288 2.871791 5.002629 188 182 172
-0.1563025 0.6463821 0.1720576 124 117 92
-0.1925968 0.6793483 -0.04890196 122 113 80
1.659425 2.870088 4.945169 208 203 196
1.701119 2.917364 4.865023 183 179 167
1.690481 3.000786 4.656447 186 179 167
-0.04859005 0.6190049 -0.03541202 140 138 115
1.752808 3.286829 4.065046 180 170 159
0.02836432 0.7132031 -0.1882075 165 159 141
2.017264 2.990462 4.661944 196 189 180
0.06503443 0.7011191 -0.2178665 192 182 156
0.08902279 0.6617075 -0.1921827 159 147 119
0.10981 0.664042 -0.217725 168 161 137
0.132123 0.4918546 0.02222585 157 153 133
2.351168 2.906008 4.838176 209 205 198
2.308661 3.386987 3.750829 176 168 155
1.933509 5.119747 0.2004418 164 152 132
2.430247 3.282031 3.992243 197 189 181
2.39918 3.443307 3.605329 191 184 173
2.491951 3.248955 4.077904 182 174 164
2.595474 3.257371 4.065754 204 198 190
2.633735 3.289123 3.965727 202 197 189
2.617887 3.419432 3.671324 176 166 151
2.634247 3.336531 3.841304 186 179 167
2.214077 3.352698 2.443227 188 185 170
2.583774 3.804244 2.764043 144 138 118
0.7213315 0.6671737 0.6284508 204 209 200
2.663429 5.121091 0.2571268 170 162 144
3.546511 4.576008 1.336373 184 178 164
2.12235 1.132399 1.171878 167 155 136
-2.834215 4.876941 1.111135 142 136 122
-2.794085 4.884805 1.121585 167 160 145
-2.488987 4.387836 2.140173 191 184 178
-2.542302 4.933668 0.9380988 175 167 158
-2.411591 4.861623 1.083537 158 151 140
-2.212054 4.113997 2.696317 189 185 177
-2.323646 5.119085 0.4898547 151 140 127
-2.288619 5.159102 0.422873 152 141 127
-2.278773 5.200438 0.3531846 151 141 125
-2.248047 5.154534 0.4130557 171 162 147
-2.146042 4.840765 1.097158 169 165 153
-1.85409 3.152458 4.750723 215 211 210
-2.120244 5.391551 -0.09048475 155 146 131
-1.371706 3.551116 3.786055 205 201 193
-1.343267 3.524672 3.84164 179 175 168
-0.7453086 4.031109 2.682564 213 207 199
-0.895025 0.6347635 -0.4197056 161 161 144
-0.6206681 3.636028 3.564539 201 196 189
-0.414469 3.053993 4.760798 195 191 182
-0.3188097 2.835228 5.246953 185 178 171
-0.6889388 5.120471 0.3763986 149 139 126
-0.4256746 3.731837 3.318295 180 177 166
-0.3323029 3.487277 3.86013 180 173 162
-0.2676177 3.095254 4.666996 194 190 183
-0.3456002 3.573427 3.654115 187 181 174
-0.3456002 3.573427 3.654115 187 181 174
0.04482739 3.273918 4.265456 163 161 150
-0.5050603 0.9995177 0.2535243 94 85 61
-0.4884948 0.9309894 0.3020064 148 144 126
0.5451108 3.045286 4.668265 170 163 151
-0.417209 0.940357 0.04878635 132 125 103
0.506185 1.806654 2.815407 183 175 166
1.413063 2.974203 4.751422 173 168 154
-0.1286625 0.8946341 -0.2131933 122 111 84
-0.1112674 0.7877501 -0.146771 146 141 119
1.478109 3.267698 4.110008 193 186 174
-0.06285644 0.8542867 -0.2265002 143 140 124
-0.05632924 0.6556832 -0.07751251 135 126 105
-0.05146209 0.5223889 0.103872 124 111 85
0.02374833 0.8312185 -0.2695052 136 128 105
0.0458495 0.5406589 0.07110298 183 183 169
2.140353 2.964057 4.721075 201 194 184
0.1147755 0.5354433 -0.01526501 136 128 99
0.1266459 0.7699659 -0.3216391 130 125 102
2.18753 3.218251 4.136467 177 168 155
2.207489 3.334775 3.901709 165 155 142
2.23263 3.271464 4.039825 176 168 152
2.429312 2.890872 4.830712 179 172 164
2.357494 3.278416 4.0144 182 171 159
2.327767 3.434748 3.683156 194 188 176
2.146768 4.105562 2.188608 143 126 101
2.408177 3.240891 4.077858 199 193 184
2.552309 3.284601 3.981081 189 181 170
1.954981 2.908174 2.327132 157 155 134
2.674056 3.127264 4.276234 185 180 170
2.645499 3.378245 3.729732 198 190 180
2.778535 3.50987 3.449348 176 168 152
2.929138 3.669369 3.074966 173 168 152
1.048849 1.390375 0.1374865 123 111 78
3.534621 4.615717 1.263891 164 156 138
-2.713776 4.355512 2.255188 162 157 143
-2.422372 4.323076 2.246291 172 167 155
-2.390318 5.027438 0.6733775 164 158 141
-2.34937 4.830886 1.148218 160 154 144
-2.34937 4.830886 1.148218 160 154 144
-2.353256 5.033809 0.6745711 155 145 132
-2.190947 5.051169 0.6506633 178 171 163
-2.170953 5.328499 0.06853782 170 163 150
-1.976992 4.451238 1.901755 164 159 149
-1.959859 5.140245 0.4490164 167 160 149
-1.18519 3.786981 3.280989 204 200 191
-1.112003 3.836164 3.154191 182 176 166
-1.278867 5.130378 0.4216393 145 136 122
-1.234271 5.130634 0.3846838 153 143 127
-0.4309909 2.966743 4.930013 166 160 148
-0.3046718 3.497698 3.798627 195 190 183
-0.3046718 3.497698 3.798627 195 190 183
0.1667159 3.068407 4.761808 204 198 192
-0.4934296 0.9698659 0.2730039 166 162 145
-0.08370297 1.45061 1.552697 138 134 114
-0.266628 0.97451 -0.1735839 127 117 90
1.29147 2.906025 4.928607 193 187 178
-0.1665206 0.8667477 -0.1735455 156 146 123
-0.113194 1.229112 -0.3369518 126 116 91
1.381555 3.001555 4.708131 207 204 195
-0.1352436 0.8743166 -0.1994169 127 118 92
1.199381 3.830524 2.835465 189 196 183
-0.06855831 1.263659 -0.3988954 151 145 124
-0.08788829 0.8152856 -0.182707 127 116 90
-0.08362465 0.6093327 0.0370282 157 151 133
-0.0739217 0.621985 0.02303809 100 82 56
0.01729656 0.457577 0.4017733 135 130 112
0.006991501 1.034834 -0.3178671 167 160 141
0.04549322 0.454201 0.3418292 131 125 103
0.006565967 0.8171022 -0.2391388 166 160 140
0.04651174 0.4749312 0.3218204 95 80 56
0.008804204 0.5648451 0.03798476 186 183 167
-0.0134831 0.6151735 -0.1125575 142 139 113
0.03854403 0.6850852 -0.1818282 134 129 108
0.0568722 0.6806229 -0.1960487 146 140 122
0.2144108 0.7868004 0.2701916 222 225 211
0.1198708 0.433445 0.2263274 138 134 119
1.843969 4.166979 2.105006 151 147 128
0.112742 0.7873659 -0.3168691 179 173 156
2.17867 3.388849 3.784488 179 170 157
2.297465 2.949717 4.767417 187 180 171
0.1741212 0.4027686 0.1815946 134 131 114
0.1942935 0.3725005 0.195057 198 200 188
0.4128666 1.386661 -0.4643115 155 146 123
2.575608 3.163609 4.196914 186 180 171
2.666473 3.514859 3.407328 190 183 170
2.704919 3.46388 3.605616 175 164 149
1.901241 3.010393 0.6728352 121 108 80
4.329747 4.827903 0.7335187 159 153 137
4.863256 4.661706 1.060266 159 149 131
4.863256 4.661706 1.060266 159 149 131
-2.192299 5.032423 0.6947488 156 149 138
-0.7509905 3.938776 2.929992 198 191 182
-0.5530004 3.973501 2.809306 189 184 174
-0.4844113 0.9471034 0.282116 110 105 79
-0.4646544 1.004987 0.03004548 107 98 68
-0.4266273 0.7620878 0.3555468 151 141 117
-0.2693996 0.9437789 0.8423244 221 220 205
-0.3661427 0.7498992 0.3327282 137 132 109
-0.3369994 0.688098 0.4193263 130 126 99
-0.3498223 0.9971431 -0.1255766 128 119 96
-0.284678 1.067057 -0.2272204 127 115 91
-0.23992 1.187816 -0.2777605 152 142 118
-0.2364196 0.6759217 0.1647374 154 149 131
-0.2651424 0.727957 -0.06210509 120 115 82
-0.2036283 0.4066617 0.3401201 191 192 178
-0.1333184 0.5509562 0.3883908 167 168 149
-0.08019528 1.229371 -0.3561986 156 151 135
-0.07318857 0.7524687 -0.1375086 123 114 82
0.004725705 0.4550947 0.5229321 168 158 129
-0.06659113 0.5258022 0.1077048 154 141 116
0.01033829 0.5700688 0.02125453 124 115 92
0.01028396 0.5692106 0.02069645 124 115 92
0.02085599 0.8054814 -0.2434231 140 135 113
0.09550019 0.4409113 0.2762462 116 109 87
0.09550019 0.4409113 0.2762462 116 109 87
0.09759212 0.986488 -0.3918304 140 131 110
0.09690162 0.5344756 -0.001378054 179 176 157
0.1722395 0.3921793 0.1952913 179 180 169
2.175693 3.687485 3.138351 171 171 158
0.2277801 0.3890927 0.1468332 182 186 170
2.617575 3.484385 3.519266 170 158 143
2.84041 3.875639 2.640322 156 146 120
2.908759 5.080992 0.2776754 157 149 129
3.702227 4.516762 1.440792 159 149 134
-1.568666 4.886023 0.9133238 151 142 131
-0.4242257 4.162783 2.375929 134 134 107
-0.5827009 1.180585 0.2635584 148 146 117
-0.5302001 1.077267 0.2790254 131 132 103
-0.4680611 0.9586515 0.2508371 159 154 133
-0.1605797 1.701961 1.266943 222 223 211
-0.4193609 0.9698874 0.02601581 118 113 88
-0.4077611 0.987906 -0.0156167 160 159 141
-0.3979625 0.9888821 -0.0339982 152 148 129
-0.3791209 0.9617262 -0.01425735 167 166 149
-0.3463013 0.803961 0.2493567 160 150 128
0.5885592 3.564781 3.526062 143 143 126
-0.3299168 0.8104966 0.2380783 139 127 95
-0.3226275 0.7441947 0.3400091 144 139 119
0.6094989 3.602633 3.422203 186 186 176
-0.2963857 0.6617301 0.4453925 121 119 97
-0.2936473 0.6437569 0.4671017 118 114 91
-0.2766218 0.6132557 0.4719171 155 144 113
-0.3247007 0.9648932 -0.1322189 144 140 121
-0.2591057 0.6880015 0.3924306 120 117 96
-0.2701589 0.884444 -0.1012597 141 136 115
-0.2455977 1.198861 -0.2874244 128 117 95
-0.2471217 1.006514 -0.2165865 117 112 91
-0.2399842 0.8730704 -0.1327098 154 151 134
-0.2174848 0.6503927 0.1711407 151 146 124
-0.1697663 0.5908244 0.4060341 119 113 90
-0.1777409 0.6741704 0.1418836 185 180 162
1.019076 3.972445 2.641423 188 184 166
-0.1551925 0.6599807 0.1574105 149 144 127
-0.1515661 0.8724016 -0.1919635 155 149 130
0.7213418 2.371076 2.324417 221 222 213
1.222743 3.72619 3.07959 193 192 179
-0.1043716 0.5396005 0.2729084 113 102 78
-0.1185874 0.8161656 -0.1708528 145 138 115
-0.09156882 0.7657683 -0.1401961 109 104 78
-0.07858606 0.7259399 -0.108031 128 119 96
1.389274 3.156329 3.654548 176 166 158
0.01452192 0.4432921 0.4853908 186 181 162
-0.04840989 0.7843346 -0.1944476 131 126 103
0.04620291 0.4560439 0.3378533 125 117 97
0.02112377 0.8160414 -0.2510965 136 131 111
0.07511771 0.4526221 0.3329863 190 186 168
0.07396757 0.9729263 -0.3733078 110 104 83
0.05616524 0.5322767 0.05550877 177 179 163
0.05559504 0.6701767 -0.1865914 157 151 133
0.1000489 0.4937358 0.1901916 204 195 167
0.09808852 0.7299304 -0.2711567 175 171 149
0.1140992 0.684712 -0.2485446 146 140 118
0.1211102 0.6965252 -0.2676607 147 142 121
0.3477732 0.5748668 0.6356302 185 186 172
0.4258069 0.5995014 0.7559713 203 206 195
0.8587211 2.180032 0.3521685 128 119 92
0.4300803 1.471912 -0.3086726 104 89 61
0.4314408 0.598716 0.7085152 181 181 168
0.4689925 0.5979885 0.6603703 163 162 146
2.251253 4.151944 1.982481 143 133 108
0.6443797 0.686437 0.7632695 199 200 189
0.6448929 0.6897941 0.677179 168 165 148
2.799787 3.830808 2.691463 159 151 128
1.49708 0.9123727 -0.4699886 174 165 151
-2.46799 3.09317 4.937615 205 200 194
-1.013561 0.9723228 -0.3572672 145 139 131
-0.5531866 1.004168 0.0540511 164 166 147
-0.5282258 1.057961 0.03257164 128 120 94
-0.4867003 0.9835078 0.2431961 150 147 128
-0.471866 0.9428778 0.2694819 165 160 137
-0.4895951 0.9599817 0.08737173 139 135 108
-0.4612527 0.9438619 0.2548201 164 155 135
-0.4769426 0.977215 0.04904632 112 104 76
-0.4512829 0.9719684 0.04314388 111 103 79
-0.4491973 0.9552299 0.05528458 128 123 103
0.2704288 4.164866 2.282222 125 114 88
-0.3881748 0.9687219 -0.006831332 120 118 96
-0.1919731 1.007274 1.121201 158 167 163
-0.2958724 0.7202503 0.2708018 192 190 175
-0.2781979 0.6215957 0.4636747 131 118 88
-0.2768601 0.6266982 0.4552788 136 128 100
-0.264909 0.682094 0.4000359 133 129 109
-0.2567019 0.6247309 0.4337707 119 100 71
-0.2505397 0.6272389 0.4249555 122 115 87
-0.2476373 0.6345168 0.4198859 105 96 68
-0.2596932 0.7102545 0.14657 142 136 112
-0.2164761 0.6851393 0.1433233 163 151 124
-0.2269704 0.6956436 -0.0464352 126 109 79
-0.1811642 0.641562 0.1818435 126 122 101
-0.2110819 0.7159054 -0.07563952 132 127 93
-0.1979401 0.8334809 -0.1415661 134 127 105
-0.1939715 0.8564685 -0.1562661 168 158 132
-0.1961229 0.8238095 -0.1371211 158 147 119
-0.1855849 0.8348222 -0.1501715 136 127 104
-0.1826471 0.7051864 -0.07933519 116 107 74
-0.1826471 0.7051864 -0.07933519 116 107 74
1.260095 3.436742 3.772886 185 183 167
-0.1198858 0.6130718 0.2079871 217 212 192
-0.09335137 1.35576 -0.4570264 119 112 89
-0.1417695 0.8876765 -0.2087573 148 138 118
-0.1089719 0.5905029 0.2434408 161 158 138
-0.1313735 0.8137796 -0.1543407 114 109 84
-0.07847019 0.6118901 0.02991245 153 147 126
-0.08438164 0.6512408 -0.03549596 132 125 98
-0.06376027 0.8237304 -0.2018802 152 150 133
-0.05991657 0.6094806 0.02702337 157 146 122
-0.03563347 0.7385652 -0.1461311 147 144 123
-0.03580109 0.7391158 -0.1460953 147 144 123
0.021876 0.4752219 0.3637152 170 167 152
0.02503123 0.4370719 0.4030614 111 107 84
-0.02627019 0.7483141 -0.1696588 122 115 91
-0.03366319 0.6192495 -0.06859928 121 119 94
-0.0007616574 0.8473624 -0.2515768 167 158 140
0.007719805 0.8074459 -0.2308857 135 130 109
0.008317352 0.7354367 -0.1855152 136 132 115
0.1155053 0.4179306 0.2584961 177 175 157
1.921007 3.644773 3.268025 206 207 197
0.07725272 0.6834366 -0.2166874 133 127 109
0.1202883 0.4175837 0.2506503 125 122 104
0.05989119 0.929258 -0.601222 136 127 106
0.1011872 0.6996527 -0.2479803 173 169 147
0.1058586 0.6553214 -0.1960805 159 144 117
0.1431228 0.4539725 0.1755303 188 190 172
0.2273725 0.4381663 0.4940076 175 174 158
0.1490329 0.4390478 0.1725463 172 173 158
0.3591161 0.5702048 0.6424927 148 148 135
0.3591161 0.5702048 0.6424927 148 148 135
0.1596026 0.4538624 0.053786 203 203 187
0.3628902 0.5753035 0.5824995 191 192 179
0.1847706 0.4380097 0.05978257 111 101 77
0.2025323 0.3586787 0.1860168 147 145 130
0.2099941 0.4084681 0.08079709 143 121 103
0.2178027 0.4175843 0.06459347 133 114 88
1.696635 3.264364 1.465333 134 120 93
2.591235 3.598373 3.303746 185 186 177
2.630207 3.82485 2.683217 164 159 138
2.704916 4.109266 2.15477 136 129 104
0.02319274 -0.3041875 -0.3007127 161 156 136
0.8211995 1.121463 -0.1439159 139 131 106
-2.333562 3.134452 4.853722 212 210 208
-0.685995 3.5511 3.770667 197 193 185
-0.6158589 3.926749 2.96135 190 190 182
-0.7856404 1.729402 0.4185337 180 184 163
-0.611369 1.194878 0.42525 124 124 97
0.04931293 2.985841 4.892147 201 196 188
-0.5059991 0.9868601 0.3924018 134 134 111
-0.5045763 0.9598666 0.3107381 140 137 111
-0.5190135 1.054725 0.02844197 108 99 70
-0.4819227 0.9528435 0.2669065 166 163 146
0.105542 4.14512 2.291054 159 157 129
-0.4673164 0.9436969 0.2625767 128 120 95
-0.4670816 0.9427788 0.2620905 128 120 95
-0.4609856 0.8223953 0.2730725 108 100 76
-0.4593602 0.8266611 0.2671277 137 129 105
-0.1887992 2.228635 0.9591526 159 158 142
-0.4453676 0.9451651 0.05966079 109 107 82
-0.3571627 0.7385669 0.6321766 177 180 163
-0.3900676 0.7723334 0.3062893 152 150 123
-0.3881698 0.7765354 0.3009116 102 98 66
-0.3980522 1.030178 -0.1324737 121 113 87
-0.351494 0.7463443 0.3399453 121 115 93
-0.3704398 0.9442374 0.01153948 148 143 125
-0.3838696 0.9913976 -0.1171234 141 133 112
-0.3392072 0.7110257 0.3876682 128 124 100
-0.3698949 0.9644135 -0.09552252 153 148 127
-0.3094544 0.7414315 0.3371791 140 132 111
-0.3072401 0.7341245 0.2635712 139 140 124
-0.277905 0.688495 0.4019473 156 151 133
-0.01093988 1.52166 1.004049 115 111 88
-0.2584486 0.6201636 0.4398702 138 127 99
-0.2448767 0.5898759 0.4605112 154 139 112
-0.2240603 0.6315437 0.4055521 120 115 89
-0.2868555 0.7423775 -0.06102946 142 132 104
-0.209624 0.6072535 0.402302 134 128 105
-0.1981183 0.5962824 0.4065827 127 118 93
-0.006342403 1.005453 0.9911448 166 170 152
-0.223458 0.7016819 0.1344066 128 122 99
-0.1897631 0.6292014 0.3782995 103 94 73
-0.2167506 0.696849 0.1360718 158 150 121
0.895634 3.982915 2.605263 185 180 162
-0.2445179 0.690873 -0.02527331 168 163 134
0.2116067 2.052277 1.016514 153 148 126
-0.2011403 1.061046 -0.2763771 129 126 101
-0.2010335 0.841984 -0.1457848 157 149 125
-0.1897891 0.8636188 -0.1624288 141 132 108
-0.1324973 0.6034235 0.2655098 149 148 129
1.223015 3.420257 3.802746 170 168 151
-0.1745937 0.692532 -0.07106833 137 127 94
-0.1573804 0.8581121 -0.1793958 112 102 79
1.188799 3.688567 3.171868 198 202 191
-0.1599869 0.6784254 -0.0707553 136 126 95
-0.1396873 0.8942295 -0.2162969 108 97 73
-0.137884 0.7963489 -0.1302805 161 149 120
-0.1277754 0.8503276 -0.1851123 157 156 136
-0.07546677 1.200089 -0.3410482 146 136 114
-0.1217754 0.7822638 -0.1309926 153 148 127
-0.06445853 0.514604 0.2842759 171 163 145
-0.09991467 0.6956273 -0.07478589 146 136 107
-0.09127294 0.7484957 -0.1230166 159 155 136
-0.09127294 0.7484957 -0.1230166 159 155 136
-0.08663005 0.5791005 0.07647977 112 107 82
-0.08441755 0.6764625 -0.05968923 117 109 79
-0.077676 0.585797 0.05545928 113 108 81
-0.07028172 0.8708901 -0.2216729 162 154 130
-0.07498067 0.5375874 0.1065822 130 126 100
-0.07735765 0.6723017 -0.06259713 141 136 109
-0.06526215 0.8740939 -0.2278899 133 128 108
0.2768044 1.845723 0.1958027 134 128 106
1.372262 3.980391 2.537196 169 169 149
1.372262 3.980391 2.537196 169 169 149
-0.02619117 1.01856 -0.2623064 154 145 121
-0.05290743 0.6101766 0.01890698 176 172 150
-0.05221395 0.7291427 -0.1224072 147 142 120
-0.03825193 0.5344769 0.08729937 121 112 84
0.003562713 1.045047 -0.3292578 102 104 90
0.003562713 1.045047 -0.3292578 102 104 90
0.007592137 1.068552 -0.3633232 116 116 99
0.03386815 0.4678202 0.3444098 151 149 132
-0.008935255 0.5762057 0.03378275 145 138 116
-0.025195 0.5945718 -0.05426737 158 158 132
-0.02721756 0.6309267 -0.1077113 132 122 99
0.01997469 1.02358 -0.3567898 116 114 100
0.03766952 0.3703685 0.4380313 112 104 76
-0.002689323 0.7313005 -0.1643784 172 167 148
0.004567023 0.7947949 -0.2191935 135 125 98
0.003364886 0.680512 -0.1419482 155 149 131
0.01319425 0.5733513 0.01418247 166 163 143
0.02050613 0.5513774 0.05842405 174 174 156
0.0261281 0.8188044 -0.2593553 161 151 131
0.02600398 0.7684979 -0.2194867 160 157 139
0.01720138 0.5997457 -0.127221 126 112 86
0.04062508 0.7741217 -0.2378279 174 167 147
0.09162419 0.4374644 0.3329957 178 179 167
0.08825211 0.4841831 0.2255488 129 121 96
0.04459177 0.6626374 -0.1696534 153 146 125
0.1018447 0.4530002 0.2609175 188 178 155
0.0004176513 0.3447679 -0.02703574 164 167 148
0.09953048 0.9160394 -0.3563418 121 122 105
0.08464559 0.799117 -0.3086046 132 128 108
0.08460612 0.7592422 -0.2710074 99 89 62
0.08461528 0.7613455 -0.2700463 99 89 62
0.09960014 0.536455 -0.002541267 181 175 157
0.3035406 0.5786575 0.6907938 173 173 159
0.1009875 0.7806813 -0.3019469 164 160 137
0.1009875 0.7806813 -0.3019469 164 160 137
0.132471 0.4125222 0.2365078 138 136 118
0.09383883 0.662627 -0.2032279 168 159 134
0.1386217 0.4112334 0.2246883 165 167 152
0.1101049 0.7676321 -0.301873 148 141 122
0.2541817 0.8580379 0.1050851 180 181 168
0.1153365 0.7899652 -0.3263274 156 154 139
0.1460383 0.4085287 0.2217158 171 170 153
0.1500258 0.4379812 0.1421295 161 164 155
2.189953 3.348749 3.887541 166 160 146
0.4102856 0.602592 0.7678126 188 193 183
0.1809006 0.3698336 0.2204928 130 125 105
0.158977 0.7410421 -0.3150344 77 71 50
0.3772741 0.5682138 0.6343263 168 167 154
0.187026 0.3831891 0.192739 158 159 143
0.3795104 0.5696892 0.6255876 202 204 191
0.190342 0.391265 0.1714491 181 182 169
0.1987962 0.3546135 0.2183519 136 132 113
2.491831 2.761802 5.085743 178 171 160
0.3893669 0.5738098 0.5302777 193 192 181
2.196275 4.238174 1.898594 118 108 79
0.4716251 0.6076499 0.5807493 185 185 172
2.384005 3.769328 2.934322 171 173 158
2.290499 4.205406 1.923836 128 119 92
1.4038 2.40701 1.102561 126 119 91
0.6343038 0.7320846 0.6563261 201 201 191
0.4062012 0.3507036 0.3981166 199 198 186
2.708104 4.034752 2.261812 142 136 119
-2.383848 3.114871 4.893354 197 192 187
-2.217284 5.087473 0.573594 173 165 154
-0.7447101 3.778591 3.304978 193 187 178
-0.04851787 2.942607 4.96961 201 194 189
-0.6088813 1.172211 0.4279661 132 130 104
-0.5383292 1.117661 0.2258178 131 130 101
-0.5287167 1.08881 0.2454157 152 152 124
-0.5286753 1.09621 0.233133 149 149 122
-0.4666732 1.596928 0.3110126 200 198 183
-0.5231157 1.257869 0.0735804 143 139 117
-0.5093576 1.046664 0.2656231 135 133 107
-0.5348262 1.055666 0.04330849 135 130 106
-0.5005264 0.9389449 0.3328075 150 149 126
-0.491371 0.944032 0.2985873 153 152 132
-0.4856665 0.9314855 0.2841198 147 140 124
-0.4809456 0.974282 0.2409405 133 130 108
0.1315361 4.148265 2.261854 128 126 96
-0.07922575 2.324425 1.713197 165 166 148
-0.4503504 0.8177834 0.2709616 156 151 131
-0.4471593 0.8195859 0.2658803 110 103 76
-0.4597233 1.014048 0.01977405 121 111 85
-0.4111052 0.8055094 0.2579551 112 103 75
0.3249147 4.438574 1.693098 130 127 106
-0.3669925 0.7323654 0.3617449 136 130 109
0.3130402 4.547497 1.38507 133 129 106
-0.3804364 0.9449973 0.0233564 144 137 113
-0.3777792 0.9339413 0.02988171 139 132 107
-0.4618859 0.732479 -0.3305842 167 159 144
-0.3890669 1.001384 -0.1134216 119 112 87
-0.386288 1.01047 -0.1180778 150 145 125
-0.3546773 0.8157508 0.2428952 162 152 129
-0.3767143 1.148601 -0.1732891 144 137 120
0.644526 3.155645 4.418158 185 180 170
-0.3837847 0.9779579 -0.1074266 108 100 77
-0.3493353 0.8197944 0.236725 130 121 94
-0.3487288 0.7883417 0.2681768 157 155 133
-0.381689 1.050166 -0.1548575 113 104 78
-0.3814446 1.023767 -0.138926 118 109 84
0.5507154 3.632214 3.374444 156 158 146
-0.3766681 0.9605984 -0.08690737 116 109 86
-0.365328 0.9453788 -0.01226638 158 156 137
-0.3613271 1.034232 -0.1480444 113 108 85
-0.3623196 0.9767652 -0.1094238 138 126 99
-0.3269502 0.776932 0.2572139 171 166 143
-0.3135772 0.7243934 0.3609389 130 125 105
-0.3533331 1.032403 -0.15207 145 141 121
-0.3090464 0.7215822 0.3605352 161 158 140
-0.3384953 0.8983498 0.001651298 116 110 85
-0.2994525 0.7071304 0.3816648 132 127 104
-0.3355356 1.010395 -0.1773763 131 119 96
0.5990859 4.018537 2.566544 137 131 110
-0.3177413 1.164654 -0.2138066 149 132 101
-0.3040734 0.9258472 -0.08206777 174 170 155
-0.3026301 0.9914216 -0.1814112 129 112 87
-0.2981342 0.9840464 -0.1800328 146 135 112
-0.2941546 0.9945219 -0.1879479 145 135 113
-0.231147 0.667557 0.3916418 116 112 89
-0.2776448 0.8903862 -0.087643 177 172 153
-0.2764868 0.8989092 -0.1131258 166 161 143
0.7410439 4.172015 2.17655 132 127 104
-0.2655951 0.8827558 -0.1051643 138 133 113
-0.2572625 1.079424 -0.2568718 92 85 61
-0.2536958 1.03412 -0.236445 115 102 81
-0.2379559 0.7195548 0.1345657 158 152 131
-0.2488926 0.9964957 -0.197402 145 143 124
-0.2355321 0.6915064 0.1547385 131 131 113
-0.2343698 0.7035369 0.139011 131 128 110
-0.2429464 1.059798 -0.2629058 128 117 92
-0.2505925 0.8820211 -0.1371681 135 131 111
-0.2380535 0.8890288 -0.1667075 125 116 94
-0.1830586 0.6280397 0.3760616 142 133 109
-0.2115775 0.689482 0.1388042 144 132 106
-0.2095958 0.6948813 0.132446 145 137 111
-0.1238342 0.6091443 0.6213762 167 168 151
-0.1720178 0.546266 0.4477192 132 126 106
-0.02892824 0.7949149 0.891906 182 187 174
0.9291257 3.997766 2.530826 224 225 207
-0.1132767 0.5991768 0.5523547 206 204 184
-0.2143236 0.7113196 -0.06918839 115 107 76
-0.1975179 0.8498394 -0.15015 145 137 116
1.090884 3.684425 3.239333 191 185 164
0.112178 1.54964 0.6471289 169 159 131
-0.1553355 0.6552594 0.1659527 163 157 137
-0.1755716 0.6866324 -0.06682765 121 112 79
-0.1589502 0.8652122 -0.1820229 160 153 129
-0.150334 0.8205121 -0.1328425 153 138 108
-0.1484552 0.7966639 -0.1063066 129 108 74
-0.1583218 0.6849396 -0.07474525 120 109 76
-0.1526866 0.6878136 -0.07744601 135 123 90
-0.1355853 0.808286 -0.1446737 136 129 104
-0.1285429 0.7753565 -0.114839 130 120 97
-0.1110755 0.7621761 -0.1205627 145 139 115
-0.1047453 0.7785099 -0.1461665 135 125 103
-0.09602849 0.6071854 0.06629747 138 137 111
1.289135 3.981283 2.550896 185 191 173
-0.08045663 0.7464039 -0.1272207 150 144 123
-0.07945345 0.7710533 -0.1522934 139 132 106
-0.07402924 0.803087 -0.1780304 182 170 137
0.01560209 0.4181125 0.5960216 189 191 181
-0.02220885 1.173797 -0.3912762 160 154 136
-0.01950429 1.116913 -0.356782 147 142 125
1.512082 3.592719 3.435177 188 189 178
-0.05479114 0.804829 -0.2022587 135 131 111
-0.05197137 0.6069553 0.0258926 142 133 109
-0.05536507 0.5557281 0.06111433 139 135 116
-0.05131115 0.5864772 0.03877101 117 107 82
-0.05675302 0.6200352 -0.02455947 144 143 125
0.3956957 1.322842 1.093984 146 144 125
-0.001016092 1.043736 -0.3058607 146 138 117
-0.03308976 0.6056123 -0.0008466036 207 213 200
-0.02462086 0.5867788 0.02966597 156 150 126
1.428047 3.927307 2.312795 155 127 101
1.544978 3.998717 2.521609 167 166 147
-0.01106027 0.6029369 -0.0962741 133 121 93
0.01240878 0.7913166 -0.2217064 149 145 124
0.05555381 1.119237 -0.4280981 118 116 101
0.0175189 0.7862433 -0.2215915 134 129 108
0.02146422 0.6902429 -0.1720445 136 128 107
0.07050385 1.049649 -0.4082134 136 129 111
0.06976644 1.052121 -0.4079001 136 129 111
0.06643172 0.9997444 -0.3876452 109 104 80
0.07369277 1.023651 -0.402917 165 158 140
0.09554943 0.4523224 0.3083785 179 179 167
0.58767 1.71356 0.7681472 157 158 140
0.05155624 0.7124985 -0.2289869 139 131 109
0.06773534 0.768961 -0.2611029 140 136 116
0.07453535 0.6991577 -0.2245169 185 180 161
0.08418082 0.7953187 -0.2999122 166 159 132
0.08645236 0.7908269 -0.2923536 124 108 77
0.07747792 0.701691 -0.2324998 169 167 149
0.07747792 0.701691 -0.2324998 169 167 149
0.09140198 0.779256 -0.2918992 159 154 132
0.0827772 0.6931947 -0.2277207 165 163 146
0.1032838 0.5177394 0.0148967 192 188 168
0.1110176 0.5121241 0.01284915 196 193 172
0.321166 0.5711457 0.7021088 178 178 170
0.1209732 0.4912592 0.03217656 180 178 162
0.1096721 0.6972757 -0.2562276 161 159 140
1.959759 3.969777 2.520231 191 192 178
0.1338134 0.8526118 -0.368779 147 142 122
0.1299164 0.4952531 0.00949321 175 173 155
0.1235996 0.6791607 -0.245765 143 139 116
0.1370399 0.5014743 8.511324e-05 152 147 126
0.1373566 0.5024728 0.001069589 152 147 126
0.1403192 0.4880102 0.01046651 137 121 100
2.089297 3.77815 2.929951 159 154 136
0.1473514 0.7613981 -0.3295653 129 121 97
0.4478298 0.5972379 0.6843913 182 182 168
0.2163879 0.3958513 0.09870393 144 138 114
0.605412 1.147666 0.405222 116 110 83
0.4906621 0.6028866 0.5850406 170 172 159
2.304741 4.270082 1.779201 125 113 84
2.386868 4.048126 2.248963 153 144 122
2.472173 4.192332 1.947435 129 120 92
2.047028 3.178187 1.554037 148 143 119
2.822938 3.891245 2.627299 148 140 118
2.866083 4.003505 2.358173 171 169 155
0.05532689 -0.2990543 -0.3260767 173 170 155
0.8410964 4.601895 1.334509 99 85 64
-2.936346 4.359524 2.166602 206 200 190
1.613312 4.44512 1.613104 129 122 111
1.397617 4.290166 1.965821 87 77 61
1.395359 4.399999 1.729877 62 56 43
1.639861 4.191933 2.147809 134 129 118
1.671203 4.348444 1.805278 142 138 128
1.81399 4.493672 1.494182 74 69 58
1.658907 4.498459 1.498692 79 76 66
1.572709 4.368948 1.783674 80 76 64
2.209216 4.287229 1.873715 177 170 163
0.2183825 4.935753 0.7274225 145 139 125
-0.7497532 5.222439 0.166722 183 177 168
-1.045227 5.258211 0.1021139 198 193 182
2.71255 3.925241 2.580244 196 191 182
2.421239 3.732077 3.020686 194 189 180
2.578333 3.663135 3.155071 206 204 197
-1.182209 5.229692 1.806795 167 168 159
-0.5267254 3.564684 0.6268495 166 178 174
1.226775 1.773484 0.1730735 90 81 56
0.5260722 1.140997 -0.2876484 139 130 108
0.5260722 1.140997 -0.2876484 139 130 108
0.2813295 1.071348 -0.3697959 170 167 151
0.735946 4.812966 0.9085289 131 117 99
0.1402276 4.848255 0.8930846 132 125 113
2.456796 3.970602 2.531826 186 179 168
-0.1645757 3.670802 0.3076998 160 160 148
0.8464843 3.15304 0.7419795 98 88 65
-0.536333 3.699676 0.2059986 160 160 149
0.08450248 3.317464 0.5333844 168 173 164
-0.8690368 3.715627 0.2942185 159 161 147
-0.6756366 3.585453 0.449605 204 211 206
0.758302 2.071448 -0.2038984 125 117 97
-1.924274 4.341657 2.145345 221 221 214
0.7339182 1.606716 -0.2508072 95 86 59
1.700659 1.862361 2.954865 183 178 168
0.277428 1.444653 -0.4541747 143 142 130
0.258601 1.126772 -0.3753034 99 86 56
0.3027269 1.012075 -0.342528 110 100 77
0.7743832 0.8582932 0.09048022 122 107 84
-0.6124529 0.8036119 0.9076788 199 200 184
2.508199 4.233075 1.935494 153 147 134
1.362278 4.579123 1.339078 136 125 108
-0.7038907 5.273858 0.05440854 187 180 171
-0.8219371 5.207605 0.1462335 172 165 153
2.329387 4.145765 2.172987 165 159 148
2.539011 4.017857 2.366132 181 176 166
2.97491 3.724616 2.986087 209 203 197
2.679962 3.764318 2.920405 200 196 187
2.76758 3.640599 3.20345 204 201 190
-0.1295821 3.792161 0.2617791 120 115 100
2.226529 3.770285 2.885928 177 170 159
0.05942292 3.660636 0.3434206 138 136 122
1.542057 3.5744 1.958384 95 90 66
-0.2036969 3.759729 0.2621533 86 77 54
0.2229078 3.386751 0.4749397 150 148 140
-0.0475907 3.505582 0.4124893 163 164 154
-0.5835721 3.73883 0.1699132 126 124 111
-0.3011483 3.57514 0.395943 135 135 123
-0.5558863 3.552698 0.8647828 173 183 177
-0.6839851 3.56389 0.8026836 161 167 154
0.8940052 3.663105 3.335219 111 101 80
1.298312 1.678844 0.2477093 121 106 81
0.9220275 1.604126 -0.09451564 103 92 60
0.4987024 1.684211 -0.3855657 85 75 50
0.4462714 1.457252 -0.4316721 183 181 165
0.3680743 1.472304 -0.4422661 108 103 85
0.3303036 1.20781 -0.3773374 118 103 74
0.3840244 1.156434 -0.3534596 100 89 63
0.291963 1.166744 -0.3765587 107 93 60
0.3975887 1.124108 -0.3261412 124 114 90
0.3395404 1.096371 -0.3603663 101 91 67
0.3215333 0.9186926 -0.2786958 125 110 84
0.7960879 4.800328 0.9506144 119 105 87
1.786433 4.464195 1.577532 161 153 145
-0.1289605 5.080011 0.4346221 160 151 136
0.3404719 4.914687 0.7314464 138 129 116
0.8388298 4.693043 1.134748 125 112 94
-0.8909346 5.247173 0.1254045 184 180 168
0.04940892 4.827714 0.9606665 123 116 105
0.651021 4.606057 1.362985 87 73 54
2.291096 3.891217 2.751251 190 185 174
2.916739 3.676604 3.145447 204 201 191
1.019851 3.217241 0.8160427 104 96 73
2.355727 3.696266 3.045287 204 197 190
1.034884 2.934199 0.7548837 89 84 63
0.3475368 3.201941 0.4945945 126 126 114
0.2992733 3.225595 0.4944075 154 155 147
-0.2282278 3.533602 0.4236991 138 138 121
-1.846908 4.946244 0.8448462 192 187 178
-0.5781803 3.603894 0.3170601 166 172 163
-0.7107973 3.626755 0.3078028 150 154 142
-0.6078145 3.538354 0.735076 190 198 192
-0.6002156 3.53378 0.9565925 190 199 194
-0.6396678 3.509122 1.091229 175 177 166
1.559501 1.67894 0.2896089 138 127 107
1.559501 1.67894 0.2896089 138 127 107
1.467853 1.722968 0.3223666 106 95 77
-3.105714 4.775426 1.332801 218 212 205
1.170141 1.736261 0.1585079 110 100 78
1.199795 1.570481 0.2540992 95 82 56
0.2591117 1.61247 -0.4860024 102 90 64
0.3412581 1.450259 -0.4512116 151 149 139
0.8969563 1.189825 -0.08607189 124 119 96
0.2301575 1.395957 -0.4827397 99 90 68
0.3131648 1.354641 -0.4483723 138 134 112
0.4574577 1.197659 -0.3189451 133 121 97
-0.004675464 1.307546 -0.4426311 120 111 87
0.5449945 1.068231 -0.2673165 109 96 75
0.4134562 1.093258 -0.311293 101 91 65
0.757715 0.7944814 0.1641983 117 107 81
-0.4381918 1.163856 0.01843804 189 188 172
0.4751792 0.7855982 -0.08258597 114 102 69
-1.153283 1.345253 1.433643 105 100 78
2.102866 4.355815 1.727699 177 171 164
1.982947 4.376228 1.778317 169 165 158
2.173854 4.292802 1.914369 181 176 169
2.288373 4.209673 1.992352 176 171 163
0.7471742 4.739939 1.062814 124 112 95
0.7471742 4.739939 1.062814 124 112 95
-0.156275 5.010143 0.5440706 146 136 121
0.6953207 4.720275 1.115887 117 107 89
1.220895 4.528327 1.466524 107 94 71
0.7914029 4.671107 1.214907 108 96 72
2.131775 4.185499 2.121852 183 178 172
0.5692916 4.673523 1.212784 108 97 77
1.652615 4.096011 2.35204 152 150 138
0.1642723 3.761944 0.3592476 134 129 119
2.563617 3.746957 3.012567 109 106 90
-0.1338561 3.629542 0.3427876 134 131 115
-0.2243633 3.664281 0.3271432 135 130 114
1.086715 2.998654 0.8115421 86 81 60
0.404351 3.272983 0.4959805 114 112 96
0.4358666 3.241362 0.4966831 132 132 120
-0.3600337 3.614888 0.3728178 176 178 169
-0.1102443 3.47307 0.4714813 175 175 161
-0.1252088 3.464152 0.5152914 158 158 141
0.562518 2.984465 0.538546 105 99 84
-0.4729133 3.602258 0.3560049 129 129 116
-0.1596734 3.386484 0.6727654 183 192 175
0.1366093 3.06834 0.494753 140 140 131
1.770111 2.151476 0.8576005 206 200 193
-0.6915404 3.56368 0.5700913 208 217 208
-0.5535292 3.546742 0.9395864 175 183 174
-0.6274769 3.519487 1.012865 125 121 105
-0.7116455 3.511137 0.9485545 160 156 139
1.464115 1.67413 0.172519 83 74 52
1.418687 1.657646 0.338947 113 103 79
1.269985 1.675989 0.2259813 93 80 50
-3.235842 4.725914 1.445762 220 216 205
1.163572 1.678418 0.1887095 79 65 38
-2.292582 4.278129 2.285745 183 179 170
-3.021507 4.529655 1.837668 209 205 198
0.9750264 1.577015 -0.04049287 113 105 82
0.9080086 1.556448 -0.1033408 117 111 92
0.9969977 1.319604 -0.02199833 104 95 71
0.3976759 1.397531 -0.4399649 70 57 32
0.4144317 1.377599 -0.4309937 155 146 126
0.4297865 1.332502 -0.4060885 117 107 82
0.9489946 1.02489 0.09947908 100 85 57
0.007955091 1.33558 -0.4352821 144 135 112
-0.04315984 1.330354 -0.4552893 175 165 145
0.04269767 1.291388 -0.4300319 119 108 81
0.1589166 1.187124 -0.4819177 184 180 169
0.4567142 0.9798144 -0.2236113 111 98 70
0.1605555 0.9939312 -0.3857371 105 96 73
0.2824689 0.9257292 -0.3060881 118 108 84
0.7551643 0.7554817 0.2101252 145 138 114
0.6565672 0.7479123 0.1346806 168 159 138
-0.1269829 0.9737499 -0.2661395 128 119 95
1.525314 4.600986 1.301208 84 69 46
0.2091802 5.010016 0.538004 124 116 99
1.855558 4.435375 1.604318 169 164 154
1.864687 4.411432 1.624511 152 146 133
2.052608 4.339079 1.767296 176 172 164
1.488606 4.541459 1.451999 125 112 91
1.670661 4.437778 1.580544 138 133 120
2.025795 4.312576 1.842779 168 163 153
1.570529 4.284253 1.800966 142 135 124
0.08947774 4.819527 0.932037 127 120 109
0.5226804 4.667144 1.230258 90 79 57
2.095834 4.053719 2.396675 134 123 107
-0.2949522 4.816344 0.9829643 107 100 87
0.5655986 4.006145 0.9195709 105 96 75
1.881605 4.044685 2.443749 188 186 179
0.6627302 3.494771 0.6032466 97 90 73
2.52545 3.760667 3.078597 191 185 174
-0.2258347 3.728292 0.2763848 113 107 90
-0.2471568 3.737035 0.2614661 81 74 53
-0.1205772 3.663992 0.3196493 126 122 105
-0.2864005 3.718216 0.2443363 109 103 85
0.03309838 3.543895 0.372948 128 124 107
-0.2839229 3.714684 0.2735755 87 77 54
-0.2711273 3.694556 0.285752 123 114 96
-0.5198342 3.733807 0.1656104 149 150 144
-0.6954665 3.817553 0.150008 150 145 129
-0.4632336 3.655456 0.2318732 150 149 138
0.07405764 3.407326 0.4769098 155 154 142
-0.4251118 3.632815 0.30144 146 147 138
-0.5382057 3.635496 0.2449133 166 167 156
-0.4336135 3.59685 0.4070161 152 152 141
-0.5497 3.592827 0.3465431 163 166 156
-0.4450681 3.576038 0.5216675 198 204 201
-0.5810824 3.582005 0.3847371 164 174 166
-0.4749337 3.572265 0.5139896 167 174 172
-0.4479088 3.567036 0.5749969 197 204 202
-0.5062354 3.571045 0.544962 176 189 187
-0.4786019 3.569079 0.747035 210 221 219
-0.511426 3.556602 0.7479396 174 182 177
-0.598637 3.553988 0.660777 184 193 187
-0.552419 3.557378 0.7664214 192 200 198
-0.680283 3.570033 0.6262482 175 183 172
-0.06834994 2.796242 -0.0841761 144 146 136
-0.5754434 3.551693 0.8045005 171 179 174
-0.6094962 3.542528 0.8247911 191 199 193
-0.5627796 3.527138 1.142802 185 190 181
-0.5977781 3.524333 1.130171 126 127 113
-0.6023384 3.510198 1.192647 123 125 107
0.515443 2.010984 -0.2838694 139 134 115
0.9610534 1.733953 -0.07441203 99 89 66
1.38282 1.575799 0.3850811 145 132 104
-2.50421 4.313681 2.230375 207 201 192
0.9509779 1.496553 -0.09048873 90 81 54
0.3963992 1.490586 -0.4386408 156 155 143
0.5884964 1.362033 -0.3175507 143 134 114
0.2096196 1.481056 -0.4793287 138 128 109
0.9203091 1.54619 1.446057 110 104 78
0.1897122 1.483296 -0.4860958 72 62 41
0.1897122 1.483296 -0.4860958 72 62 41
0.8517156 1.225032 -0.1465455 116 108 88
0.6122659 1.269997 -0.3225137 108 95 69
0.4090774 1.29273 -0.3891442 125 112 87
0.2788063 1.323887 -0.4709104 87 76 56
0.5106757 1.236483 -0.3026254 109 97 71
0.06154194 1.379952 -0.4648478 130 121 99
0.7540003 1.200347 0.3824446 121 115 96
0.7545374 1.089239 -0.1357903 129 119 94
0.5258357 1.170494 -0.2910017 162 154 134
0.6651083 1.1221 -0.1746166 104 87 58
0.2624909 1.247968 -0.4365908 131 118 92
0.4410264 1.166221 -0.3211284 136 126 104
0.1961732 1.224682 -0.4831637 137 132 113
0.6235403 0.9567335 -0.1482255 136 126 103
0.4013956 0.9927956 -0.2625991 127 118 94
0.775269 0.8316429 0.1402268 62 47 25
0.775269 0.8316429 0.1402268 62 47 25
0.458537 0.6592318 0.1466116 136 125 100
0.3356022 0.6285752 0.1054406 144 137 115
0.3363207 0.6166167 0.1295795 123 117 92
0.3900991 0.579784 0.3529849 185 184 171
0.9455286 4.810666 0.8960536 135 121 102
1.992586 4.437453 1.579262 176 171 161
1.732043 4.501622 1.483063 141 132 114
2.350867 4.268858 1.898638 105 99 80
1.992501 4.344263 1.788024 145 143 122
0.9335412 4.696599 1.153056 115 106 84
1.596346 4.470167 1.562958 137 128 114
0.6326429 4.790435 0.9675365 123 111 96
1.96253 4.323596 1.834163 145 144 131
0.5610363 4.772344 1.006948 92 79 60
0.5610363 4.772344 1.006948 92 79 60
1.717783 4.341144 1.810407 143 138 128
1.640512 4.360136 1.765941 117 115 99
1.488014 4.416031 1.689615 114 111 95
0.1814238 4.869716 0.8903994 137 129 118
1.84944 4.25983 1.966435 166 165 156
0.1210413 4.823537 0.9460287 100 92 76
0.563495 3.922198 0.8612022 91 84 66
0.159231 3.56795 0.3827212 118 114 98
-0.06669569 3.669513 0.3230965 121 116 98
2.47196 3.68053 3.210702 173 165 157
-1.875794 5.129807 0.4537759 162 159 145
-0.03824795 3.567515 0.3644159 127 127 106
-0.495158 3.763921 0.1587628 137 134 122
-0.3314682 3.695577 0.2490939 95 84 65
-0.370228 3.663387 0.2357974 122 117 102
0.4454856 3.172575 0.4934295 100 98 82
-0.5433128 3.732779 0.2370467 161 161 152
-0.6584674 3.782224 0.1791508 155 155 146
-0.6749422 3.792566 0.1640567 122 116 95
-0.413686 3.64656 0.2473212 139 135 125
-0.4063041 3.64242 0.2721435 123 121 105
0.4020682 3.174998 0.4931042 113 111 94
-0.7193406 3.746974 0.201745 104 95 73
-0.3506366 3.588423 0.3957488 178 183 173
-0.7026863 3.726597 0.220861 173 173 166
-0.4473149 3.604202 0.3753764 166 168 161
-0.5642455 3.573872 0.4117599 167 175 171
0.8756754 2.263662 -0.04800668 119 114 99
-0.56727 3.560805 0.6008994 162 171 166
-0.5422593 3.355755 0.2729068 174 181 170
0.3440566 4.010219 2.663217 63 58 37
1.169285 2.081244 0.1045919 95 85 61
-0.5696666 3.509805 1.209818 162 165 155
0.8362563 1.717469 -0.7136446 101 92 72
1.172225 1.702243 0.1691305 106 96 73
1.190916 1.644678 0.2203645 85 73 48
1.179395 1.643204 0.2063559 111 99 72
1.367754 1.581576 0.3782074 95 84 57
0.2960436 1.89838 -0.322957 83 73 55
0.9283831 1.572651 -0.09764185 115 112 94
0.9283831 1.572651 -0.09764185 115 112 94
0.2972432 1.656272 -0.4829301 93 84 64
0.9747213 1.328317 -0.04232654 91 82 58
0.7854872 1.374099 -0.1617962 39 28 6
0.6742572 1.389564 -0.3143893 102 84 57
0.5683078 1.348492 -0.3187014 129 125 103
0.4094805 1.341064 -0.4231074 107 95 70
0.6196474 1.243025 -0.3088015 130 124 97
0.6967195 1.147998 -0.1716507 120 106 81
0.4855526 1.221686 -0.3078432 127 112 91
0.400541 1.244707 -0.360645 131 116 91
0.433481 1.194913 -0.3232162 89 74 46
0.6648185 1.099061 -0.1710466 125 110 81
0.7346874 1.072588 -0.1321626 142 130 108
-0.04290052 1.348129 -0.4678905 148 138 118
0.4548738 1.140774 -0.2979003 119 106 80
0.7615767 1.00497 -0.1087675 104 91 61
0.3737521 1.142042 -0.3616537 100 87 63
0.7644472 1.005856 -0.07896354 129 118 92
0.9622312 0.9490409 0.250312 163 154 130
0.3284386 1.122134 -0.3728257 158 152 134
0.4169023 1.072761 -0.3021087 117 106 79
0.5268837 1.025874 -0.2496765 121 110 84
0.5313671 1.007949 -0.2444049 116 107 82
0.4814708 0.9776782 -0.2215113 161 152 130
0.3002023 1.036008 -0.3633627 148 142 126
0.3267834 1.02582 -0.3429274 125 116 93
0.2768198 1.024578 -0.3610455 168 161 141
0.531752 0.8744546 -0.1587505 154 142 112
0.7358038 0.8123661 0.1385026 38 30 11
0.7203945 0.8062028 0.1292359 114 102 74
0.2211504 0.9749391 -0.3366354 138 125 97
0.1461026 0.9783455 -0.3887923 161 156 141
0.6989312 0.7863688 0.1234823 137 124 97
0.5072794 0.7960728 -0.08070219 129 114 83
0.06203191 0.9062465 -0.5581849 145 138 111
0.2750627 0.819702 -0.194851 124 113 86
0.2750627 0.819702 -0.194851 124 113 86
0.4809792 0.7423831 0.003600941 116 104 70
0.272466 0.7028106 -0.0872351 141 128 98
0.4133919 0.5959757 0.2045309 186 190 178
0.2425303 0.4780191 0.05501314 101 97 79
1.437906 4.647502 1.19552 119 108 89
1.790228 4.529754 1.417135 127 117 96
1.790228 4.529754 1.417135 127 117 96
2.188063 4.400835 1.665964 162 157 141
1.934088 4.468227 1.528286 133 128 112
2.304332 4.347804 1.757116 164 158 148
2.313749 4.336269 1.774037 96 91 69
0.659844 2.616776 -1.447029 170 161 148
2.49198 4.270799 1.911713 171 164 153
2.262429 4.342401 1.782021 167 163 152
2.380589 4.291521 1.869327 139 133 120
1.137891 4.689083 1.124454 107 97 73
2.464304 4.23011 2.002671 167 162 153
1.668941 4.487954 1.514675 160 151 141
2.003929 4.355773 1.755306 171 168 159
1.774386 4.40137 1.671855 145 139 127
1.008154 1.894205 -1.684086 175 167 156
2.260624 4.219982 2.02854 118 114 91
2.260624 4.219982 2.02854 118 114 91
1.815772 4.355106 1.775265 155 150 141
1.601513 4.429596 1.645369 120 114 99
2.273871 2.400829 0.1212154 172 168 153
1.672388 4.37595 1.761448 135 129 117
1.705247 4.276101 1.972582 154 150 140
2.030642 3.158332 1.251814 177 171 164
-0.5046114 3.959343 0.0988952 153 149 137
-0.5046114 3.959343 0.0988952 153 149 137
-0.4368243 3.647465 0.2482847 127 124 107
-0.601588 3.713485 0.1784873 145 142 129
0.322902 3.223648 0.4943326 134 135 123
-0.1562733 3.515241 0.4362201 158 159 142
-0.1770033 3.523996 0.4305541 142 140 123
0.3304836 3.190944 0.494432 128 128 117
0.4237138 4.1621 2.345994 113 109 96
-0.5045499 3.59753 0.3672599 154 158 149
-0.5045499 3.59753 0.3672599 154 158 149
-0.5269692 3.586897 0.3996026 154 159 150
0.9609293 2.227482 -0.08734145 87 80 59
-0.5906608 3.559611 0.5954506 183 192 184
1.100956 2.08939 0.09278422 77 62 33
-0.6259578 3.538228 0.7994504 166 174 165
-0.6908454 3.554826 0.7571198 175 180 170
0.7825453 2.048775 -0.2131109 137 131 118
0.7632573 2.041895 -0.2070215 146 132 110
-0.6808551 3.512779 0.9747926 177 176 166
-0.6059336 3.496638 1.217099 171 173 163
0.6378465 2.044164 -0.2336481 91 77 44
0.6466004 1.925151 -0.2756989 103 96 78
0.9658723 1.586071 -0.6299493 94 82 58
0.4832715 2.012546 -0.288467 128 123 109
1.177185 1.693337 0.1900805 105 95 72
1.225627 1.638574 0.225943 101 90 62
0.3138629 1.957454 -0.2973774 116 110 95
0.4704086 1.724467 -0.3799538 99 93 78
1.484932 1.398763 0.5224563 144 142 122
0.4080586 1.632657 -0.433817 112 105 82
-0.357872 2.139126 0.03908915 163 163 143
1.193676 1.413114 0.4325928 124 116 87
0.3496747 1.595024 -0.4183881 135 117 82
0.3137331 1.594111 -0.4234384 123 108 81
0.4944945 1.469384 -0.4397351 93 83 64
0.7710811 1.38203 -0.1675413 103 92 63
0.5910961 1.42089 -0.3183931 126 115 94
0.6563775 1.364554 -0.3153694 143 136 116
0.4730718 1.422684 -0.4310328 127 120 94
0.213389 1.445485 -0.4766716 79 69 50
0.8185933 1.220633 -0.1703552 126 119 101
0.499858 1.36241 -0.1722415 135 128 111
0.5801387 1.294899 -0.3238555 135 128 111
0.2177256 1.430192 -0.477542 150 150 139
0.5849065 1.258577 -0.321539 165 159 143
0.3154211 1.338968 -0.4532057 136 132 113
0.8133697 1.116147 -0.1447261 147 143 119
0.4558506 1.245161 -0.3223611 125 110 87
0.968837 1.046068 0.09240862 89 79 54
0.3339745 1.244721 -0.3880799 136 119 91
0.6556252 1.126371 -0.1840427 119 102 76
0.01752806 1.365524 -0.4743279 129 119 97
0.2716574 1.567056 1.724391 88 75 50
0.05226514 1.334568 -0.4415369 151 139 110
1.058243 1.003385 0.4658438 126 117 92
0.03076478 1.320894 -0.43828 149 139 117
0.02356621 1.296227 -0.4322571 168 163 148
0.926587 0.9648991 0.1736248 149 141 118
0.7170568 1.023885 -0.1099395 141 131 107
1.030462 0.9293951 0.4858233 103 92 65
0.5107756 1.03479 -0.253677 158 150 130
0.1649574 1.134545 -0.4637329 162 152 126
0.3827213 1.057132 -0.3148023 102 93 64
0.1811462 1.104978 -0.4379736 133 122 94
0.1158353 1.096858 -0.4408697 140 134 117
0.4780091 0.946942 -0.2028898 146 140 115
0.3072332 0.9962275 -0.3411691 105 96 72
0.8769798 0.8122822 0.4632833 141 132 108
0.4066752 0.8978797 -0.1993598 98 91 67
0.8235898 0.7567866 0.4013902 141 133 109
0.6852679 0.789085 0.1037695 131 119 92
0.3554744 0.8557917 -0.2318752 140 130 108
0.3946248 0.8296942 -0.1659625 122 112 86
0.2743427 0.8303456 -0.2294254 142 131 105
-0.1518437 0.9472173 -0.2549941 187 183 164
-0.1388134 0.9107686 -0.233565 152 146 126
-0.1006788 0.8947764 -0.2232901 183 179 159
0.2414881 0.7532216 -0.1717656 141 128 100
0.190661 0.7509306 -0.3183901 93 78 56
0.1594325 0.7628179 -0.3317739 127 112 86
0.1572844 0.7291642 -0.3061678 171 162 140
0.207093 0.4686344 0.03221991 127 121 101
2.412641 4.313388 1.809297 153 148 138
1.944443 4.447255 1.589922 167 164 153
2.397125 4.254993 1.943295 162 155 146
0.985733 1.795043 -1.852245 171 163 149
2.333757 1.926774 -0.420764 176 170 157
1.979297 4.352338 1.776741 172 170 160
2.217974 4.277112 1.929364 177 172 161
1.951475 4.325837 1.853559 175 171 163
1.527015 4.404857 1.701707 129 119 105
2.309497 1.685831 -0.4442111 194 189 179
0.9622777 4.477487 1.634334 67 53 32
-0.4618096 3.671149 0.2175811 145 144 134
0.3158199 3.203039 0.4897339 147 150 140
-0.656256 3.519995 1.020209 169 166 155
1.438879 1.804319 0.719803 114 103 72
0.4618784 1.579612 -0.8837618 109 108 91
0.9414064 1.891256 1.351383 118 106 74
0.9326515 1.467413 -0.07244451 110 101 79
-0.2473081 2.121377 0.02142794 137 136 119
0.6260524 1.333252 -1.015916 172 168 158
-0.05420896 1.95529 -0.03333709 136 136 125
0.5011794 1.491237 -0.4394844 129 121 98
0.4653173 1.468988 -0.4484914 120 112 93
0.6182891 1.382109 -0.3222859 126 121 101
0.4335364 1.426733 -0.4397547 146 141 126
0.306764 1.44573 -0.4494694 121 119 105
0.8035493 1.251218 -0.1734266 91 79 59
0.5960672 1.304949 -0.3278841 151 147 131
0.7587097 1.248511 -0.173664 111 99 74
0.7775399 1.236759 -0.1744396 87 78 52
0.1863859 1.452891 -0.4894193 151 146 130
0.8137248 1.616568 2.288871 118 111 96
0.5054879 1.274471 -0.3055344 129 115 91
0.5627096 1.246677 -0.3103686 148 143 125
0.7364161 1.188923 -0.1657751 120 107 82
0.5522042 1.223661 -0.3028509 146 139 117
0.08304929 1.403748 -0.4728663 127 119 96
0.5399483 1.222674 -0.3013721 166 157 136
0.5172162 1.220207 -0.2988076 142 132 106
0.8045967 1.097812 -0.1379844 145 141 119
0.5577089 1.184496 -0.2990546 168 159 137
0.4816245 1.206537 -0.3091129 99 88 63
0.06969523 1.368995 -0.4559477 120 110 83
0.1929407 1.274142 -0.4991847 171 162 142
0.1941807 1.258482 -0.4966945 166 160 140
0.5415663 1.135724 -0.2814809 130 122 102
0.4383029 1.152157 -0.3183107 128 118 96
0.9697963 0.9628069 0.2331921 111 103 76
0.4154147 1.129781 -0.3254591 111 101 79
-0.05414328 1.313219 -0.4436226 164 156 137
0.9144572 0.9713363 0.1554615 139 130 106
0.318721 1.156733 -0.3698758 139 131 108
0.9342505 0.9604865 0.1951747 170 162 139
0.6339883 1.01541 -0.1800569 124 113 88
0.2401055 1.139652 -0.3755024 119 104 75
0.9268318 0.9167533 0.2516556 117 109 79
0.5523847 1.0153 -0.2431021 103 90 62
0.3300728 1.085193 -0.369772 133 128 106
0.6976674 0.9327886 -0.09103856 127 112 85
0.2509844 1.078587 -0.3651315 158 151 128
-0.125289 1.226046 -0.3329522 169 159 137
0.6555375 0.9215813 -0.1088406 97 80 53
0.1042593 1.09674 -0.4428283 175 170 154
0.2747322 1.01166 -0.3588886 128 120 97
0.2857841 0.9811302 -0.3454831 153 143 122
0.4840268 0.9016005 -0.1739526 153 141 115
0.2036381 1.002992 -0.3444832 108 88 53
0.4011194 0.9136633 -0.2104006 101 89 62
0.1151499 1.006075 -0.3977967 131 123 98
0.6957879 0.8022747 0.1122392 135 121 94
0.2791193 0.9395581 -0.3219566 119 110 89
0.3528523 0.8969591 -0.2521002 147 138 118
-0.2305794 1.05537 0.02028739 206 203 188
0.1358599 0.9109579 -0.3816815 188 186 170
0.5162227 0.7758942 -0.01598529 134 123 96
0.2061081 0.8821168 -0.263926 28 22 5
0.1561295 0.8934244 -0.3842924 111 105 87
0.286512 0.8353373 -0.2288753 122 113 87
0.5124637 0.7474688 0.02352075 156 146 118
-0.08964396 0.9633072 -0.2353999 147 132 98
0.1500925 0.8295488 -0.3688763 125 113 88
0.5511895 0.6734536 -0.3170988 132 121 93
0.1520457 0.8191631 -0.3657402 121 111 86
0.1381787 0.8264347 -0.3637548 195 191 171
-0.05621742 0.8842849 -0.2497901 195 194 176
-0.33321 0.9712912 1.350848 160 153 130
0.3387987 0.7205883 -0.08076352 106 96 70
0.3152101 0.7033988 -0.07635833 114 105 78
-0.5648565 0.9450281 0.6670688 168 164 142
0.2191853 0.6741216 0.4839252 135 128 104
0.2119033 0.5867998 0.06947125 86 75 50
0.2225123 0.5845414 0.05057807 86 75 50
0.2143218 0.5845784 0.04463139 114 104 79
0.08172191 0.5934877 -0.1584087 162 154 131
0.1454888 0.53095 -0.01208315 114 106 85
0.1670545 0.4889741 0.004888073 106 97 76
0.2241997 0.4639908 0.0411885 105 100 81
0.1980235 0.4423878 0.04507092 132 115 87
2.288484 2.238068 -0.2628107 191 184 174
2.237583 4.332334 1.802315 166 163 152
2.042797 2.000895 0.663623 207 200 194
2.356411 2.017287 1.587323 197 193 186
0.4945392 2.03183 -0.2873308 159 155 140
0.6539912 1.90792 -0.2733827 81 71 50
0.5654019 1.952036 -0.2853078 141 141 131
0.3709111 1.969414 -0.2952543 136 139 129
0.2848594 1.908519 -0.3260082 142 142 132
1.246186 1.508352 0.3346938 105 97 68
1.272514 1.503311 0.4040761 143 131 107
0.9419241 1.511433 -0.09342901 114 109 91
1.220935 1.491964 0.3346439 130 119 88
0.2890436 1.673947 -0.4803601 143 140 126
0.3956029 1.614675 -0.4240635 103 98 77
0.4013546 1.607148 -0.4231063 157 154 134
1.059312 1.380394 0.06409916 126 120 94
0.4922875 1.501957 -0.4444635 131 118 92
0.6071557 1.876825 1.395406 99 73 47
0.6551865 1.376129 -0.3191755 124 118 97
1.050629 1.267817 0.1253581 98 88 65
0.4332618 1.439532 -0.4384668 129 119 98
0.5789368 1.39312 -0.3141637 115 102 78
0.7953414 1.245912 -0.1722576 124 114 93
0.5384196 1.34009 -0.314469 109 96 67
0.5412464 1.329975 -0.3132696 124 112 84
0.7946736 1.234626 -0.1747196 101 93 70
0.2853074 1.411334 -0.444025 109 95 68
0.3065336 1.400211 -0.4426938 139 129 106
0.3442891 1.373091 -0.4457596 142 139 122
0.552958 1.270856 -0.3140988 163 157 139
0.3138388 1.355076 -0.4513279 143 136 117
0.7072681 1.178852 -0.174212 120 107 80
0.2234529 1.343054 -0.5001979 96 91 69
0.5697207 1.213324 -0.308234 166 163 144
0.06966122 1.392873 -0.4697697 115 106 83
0.5433689 1.195771 -0.2983448 164 156 134
0.1885148 1.31565 -0.5082585 187 183 164
0.3850342 1.245805 -0.3601899 75 65 41
0.5020793 1.199376 -0.29787 85 69 42
0.4089016 1.226543 -0.3459551 126 116 93
0.544671 1.172568 -0.2958724 104 95 72
0.1983104 1.283468 -0.5042468 113 105 84
0.4916376 1.168584 -0.287643 138 127 100
-0.0007082713 1.358881 -0.4746862 132 125 103
0.02870859 1.337172 -0.4524785 144 135 115
0.8298802 1.023556 -0.09912487 133 122 89
0.5195237 1.133829 -0.2813509 165 156 135
0.01744409 1.324607 -0.4443012 152 142 122
1.048982 0.9931411 0.4632087 109 99 73
0.7305015 1.045109 -0.1326981 140 132 111
0.632991 1.077341 -0.1811772 78 70 47
0.1920081 1.227687 -0.4840002 145 142 123
0.3491015 1.167546 -0.3676976 147 143 125
0.4885976 1.166443 0.1084822 99 89 65
0.3551205 1.255322 0.3818188 99 89 65
-0.2819428 1.552019 0.6163799 109 98 78
0.1843029 1.211752 -0.4833587 112 105 89
0.732264 1.013553 -0.1279031 117 108 82
0.9693277 0.939821 0.2735671 139 129 105
0.9246411 0.9464474 0.2028078 114 104 76
0.9323707 0.9399772 0.2242346 143 133 106
0.03223722 1.246621 -0.4244318 162 153 131
-0.08701032 1.292185 -0.41062 140 133 111
0.3156114 1.107185 -0.3742984 156 150 132
0.3182018 1.085129 -0.3706869 125 120 103
0.8965632 0.9003565 0.2229899 109 97 71
0.2576198 1.044377 -0.3612528 164 158 140
0.1314882 1.075001 -0.4323847 157 149 129
0.7869418 0.8528554 0.1280884 100 86 56
0.468441 0.9505323 -0.2042617 114 104 79
0.5353357 0.9131819 -0.1887665 170 159 135
0.5341431 0.9055493 -0.1841665 107 99 73
0.4744815 0.8781796 -0.8354085 106 96 73
0.2227171 1.001634 -0.3457667 150 140 116
0.6645552 0.8472396 -0.02003784 98 82 49
0.2988623 0.9710168 -0.3314223 113 103 77
0.5451602 0.8771349 -0.1613263 149 139 105
0.7248955 0.8114914 0.1309671 109 96 71
-0.3458752 1.242822 2.368542 140 133 107
-0.1200185 1.014752 -0.285264 139 130 109
0.5055961 0.770358 -0.0177073 156 146 120
0.6017001 0.7201327 0.1407892 156 151 127
0.2898307 0.7102942 -0.08866565 119 107 81
0.1565881 0.740283 -0.3148111 97 84 59
0.3438463 0.6289672 0.1316469 156 152 131
-0.2931863 0.7949548 -0.04712378 171 166 151
-0.1928846 0.7681023 -0.09890132 159 150 124
-0.6457618 0.787793 0.4456629 208 197 173
0.05579524 0.6110604 -0.1665006 164 159 139
0.1149884 0.5256364 -0.002594001 192 188 167
0.2464358 0.5033988 -0.2862181 170 164 147
0.2268713 0.4048029 0.07536507 142 117 94
0.2643204 0.3682737 0.1440157 192 174 150
1.115732 1.872281 -1.753542 169 159 144
2.295532 1.565657 -0.4856318 179 174 158
1.844997 1.90977 -0.2802108 178 173 166
0.5867953 1.929355 -0.2725345 128 123 102
0.4015158 2.025091 -0.2871844 152 152 142
0.3798091 1.941657 -0.306426 141 141 132
0.8662769 2.729524 2.583927 115 106 77
0.2607806 1.932572 -0.3144246 129 129 119
-1.468956 3.827381 3.118467 124 120 111
1.216559 1.477081 0.3503523 104 93 63
1.097166 1.733379 1.090013 122 112 86
0.8269121 1.914951 1.370584 113 96 67
0.1247514 1.708159 -0.393221 183 187 175
0.7974095 1.372446 -0.1653118 108 97 71
0.3685405 1.453392 -0.4469391 139 134 119
0.3499 1.450489 -0.4486286 156 156 144
0.3121185 1.421496 -0.4490676 133 129 114
0.6175555 1.289779 -0.3280746 98 88 63
0.602938 1.294886 -0.3292531 120 114 94
0.5569938 1.304026 -0.3186207 132 128 110
0.3899799 1.351112 -0.4303389 134 127 109
0.5669591 1.288845 -0.3214065 154 151 131
0.3021891 1.365447 -0.4505374 134 130 115
0.1956389 1.367924 -0.5042837 148 143 127
0.02375169 1.414122 -0.4978539 106 101 81
0.01505089 1.414296 -0.4971626 152 146 128
-0.1195571 1.442337 -0.472803 157 157 147
0.9411012 1.051421 0.1805209 95 83 53
0.6105259 1.020193 -0.7486321 112 105 84
0.9634398 0.9852293 0.1728945 121 108 80
0.94447 0.9854942 0.1593275 105 92 63
0.9582142 0.9754773 0.190099 153 147 121
0.5562175 1.034944 -0.2531114 121 112 89
0.5436786 1.039357 -0.2591679 98 84 59
0.1132249 1.189208 -0.4696955 113 109 93
0.9342511 0.897611 0.2835191 120 112 83
0.9024867 0.9004909 0.2300874 137 127 101
0.288069 1.088763 -0.373668 167 161 145
0.01369515 1.198624 -0.4122202 181 176 159
0.8866305 0.8738136 0.244859 126 116 88
0.824985 0.888472 0.1252526 147 136 110
-0.1484294 1.239279 -0.4031934 158 149 127
0.07333203 1.125497 -0.4365678 143 139 124
0.7628328 0.876325 0.02697122 142 131 101
0.7521846 0.8741736 0.01684071 125 114 87
-0.00696406 1.142355 -0.3751022 196 189 168
-0.01564398 1.132241 -0.3658116 122 111 87
0.2420764 1.011806 -0.3538709 165 160 141
0.2530271 0.9939415 -0.3500279 172 167 149
0.08041427 1.014245 -0.402429 161 157 137
-0.1452577 1.089559 -0.3085432 146 145 128
0.1359661 0.9605056 -0.3869324 128 123 107
-0.1316416 1.063635 -0.3062904 122 118 100
-0.1820195 1.061435 -0.2902285 177 173 159
0.1500445 0.9305881 -0.3848391 159 156 139
0.1578901 0.9186552 -0.3810153 121 117 102
0.7260926 0.7209108 0.4477364 164 158 138
0.3909172 0.8196064 -0.1579841 97 85 53
0.3433605 0.8183212 -0.2003472 135 122 96
0.7581106 0.6393654 -0.9086601 130 116 90
0.1445127 0.8619975 -0.3783264 138 132 112
0.1387879 0.7936338 -0.3516944 189 184 164
0.2492901 0.702401 -0.08186714 110 91 59
0.2043478 0.7162082 -0.1295463 158 146 121
0.4305865 0.5947935 0.3734939 162 160 147
-0.1913653 0.7922304 -0.1011301 164 151 119
0.2461203 0.6102226 0.6113679 161 157 141
0.1217537 0.5785648 -0.08159282 173 168 153
-0.250372 0.6281518 0.3470929 197 186 168
-0.05713632 0.5245943 0.1023932 164 159 136
0.1769254 0.361474 0.3127373 197 191 169
0.2432965 2.374737 0.09620184 57 54 45
-1.823553 4.230462 2.355608 74 68 56
-2.198906 4.090181 2.678787 198 197 196
0.57583 4.787842 0.9851921 89 78 61
-1.506092 4.554946 1.621518 185 181 180
1.857013 4.699802 1.013551 109 103 93
2.624899 4.494555 1.380182 157 152 144
-0.2676889 3.476488 0.8269362 214 226 230
0.6573038 3.972092 2.686981 90 91 84
1.418036 3.359286 3.919073 89 87 72
-0.133863 0.7899586 -0.132412 178 176 162
0.2701053 4.856467 0.8831303 122 116 106
0.7559276 4.714456 1.129246 87 75 59
-1.397918 4.501358 1.751498 181 179 177
-0.02347306 4.088464 2.540944 122 128 118
-2.213927 4.00384 2.86377 211 209 211
0.1710576 3.784987 3.114088 140 145 146
0.07441574 0.9890162 -0.3784571 118 117 96
0.1181133 0.9514716 -0.377277 173 173 163
-0.01679535 0.789354 -0.2133991 119 112 96
0.8054649 5.44562 2.383042 67 56 35
1.703491 4.582364 1.296748 115 107 94
1.170898 4.370519 1.83451 77 64 46
-0.4892742 4.685651 2.896352 200 212 216
0.01288655 3.208883 0.5692147 127 133 121
2.253705 4.250879 1.956988 135 130 121
0.6411639 4.215989 2.210262 109 110 103
-0.1928742 3.194749 0.7693686 177 186 181
-2.079068 3.892362 3.067395 190 189 187
1.997284 3.740858 3.035329 79 77 58
2.070351 2.700467 5.298423 114 106 85
-0.3360736 1.102292 -0.2065453 138 135 121
-0.09660427 0.8436927 -0.2072873 111 108 92
-0.06671071 0.8222446 -0.2151445 190 191 183
0.05974121 0.7659152 -0.2715057 188 188 176
1.640774 4.867351 0.740388 127 119 104
-1.263346 4.648413 1.39222 189 189 189
0.5775678 4.63806 1.30381 65 53 33
1.010873 4.6449 1.246355 89 78 58
0.8436414 4.561796 1.440452 72 59 40
1.02097 4.541521 1.463636 73 61 39
1.02097 4.541521 1.463636 73 61 39
-0.1004621 3.540212 0.3927502 109 109 97
-0.2333892 3.513053 0.4689294 156 161 157
-0.1597172 3.492961 0.4614105 111 108 95
-0.3118532 3.503692 0.7303846 195 206 211
2.094346 4.388106 1.612752 141 137 128
-0.3763564 3.507849 0.8875944 163 173 169
-0.5052571 3.513339 1.208103 195 206 203
-0.6348256 3.481434 1.243614 168 173 167
-0.6348256 3.481434 1.243614 168 173 167
1.32821 3.985116 2.614702 82 74 49
-1.140302 1.886361 -0.3754878 195 195 198
-1.140302 1.886361 -0.3754878 195 195 198
-0.9795936 2.051988 0.487486 215 215 215
-0.09757278 1.280593 -0.395079 117 111 87
0.001323048 1.274399 -0.4140819 189 186 172
-0.2463679 1.248569 -0.3042503 201 202 191
-0.2332995 1.213726 -0.305126 142 139 122
0.02798572 0.665835 -0.1569438 178 178 170
0.876465 4.844578 0.8338996 131 119 105
-0.2454013 4.812829 0.9795881 78 72 60
0.8353357 4.759248 1.003205 94 84 66
1.264161 4.763193 0.9635509 135 125 110
1.645248 4.669212 1.131588 112 103 90
-0.1906798 3.562785 0.3886466 95 93 78
-0.1840987 3.454305 0.5662061 150 152 144
-0.09064589 3.41391 0.5413506 134 138 126
-0.1605888 3.41732 0.6269102 175 181 178
-0.515323 3.539693 0.8929407 194 202 204
1.513578 4.336513 1.862974 115 110 98
-0.5450011 3.530874 1.030398 164 171 166
-0.6161518 3.507004 1.056035 162 168 163
2.398835 4.318306 1.793425 119 117 107
2.832823 4.306672 1.787541 162 158 149
-0.6234716 3.503483 1.141678 165 169 163
-0.4209714 3.470294 1.220523 196 207 203
0.7988992 2.346982 -0.8156837 151 148 141
-0.02867383 4.163607 2.378321 135 141 131
-0.666197 3.451443 1.382796 171 173 164
-1.695911 3.713963 3.419068 200 200 198
2.333439 3.739638 3.014316 165 161 152
1.914858 3.624146 3.310202 87 79 57
0.1772148 1.634177 -0.1920855 168 173 166
0.1335488 1.178057 -0.4657508 123 123 112
0.04380463 0.8207439 -0.2779999 191 191 179
-0.2308709 0.7786961 -0.1002417 140 135 121
-0.09142105 0.7454313 -0.1224447 183 183 175
-0.2316606 0.7337663 -0.09055158 158 154 132
0.02041215 0.4787906 0.1474919 206 209 201
1.148317 4.887196 0.7192895 114 105 94
-0.9979458 4.792888 1.1009 168 168 169
-0.42146 4.665126 1.306543 70 60 40
1.592154 4.704817 1.066282 114 104 91
-1.276567 4.634175 1.447248 175 175 173
-1.737747 4.543482 1.643542 184 184 182
-1.603702 4.508635 1.704499 199 196 197
-1.267632 4.493943 1.750008 180 190 185
-1.975295 4.449418 1.894427 136 136 126
-1.866245 4.427276 1.918435 192 190 191
-0.7280961 4.434869 1.841793 146 155 152
-0.4957784 4.368722 1.965156 174 183 182
0.01186275 3.392763 0.4941026 80 77 60
-0.2309348 3.452331 0.7067233 191 205 207
-2.326226 4.260702 2.279609 199 199 201
-0.5182929 3.538188 0.9447926 192 202 203
-0.2796202 3.480986 0.8844455 179 192 192
-1.667521 4.233353 2.318685 165 162 152
-0.5396228 3.523236 1.083342 167 173 167
-0.6623059 3.500768 1.093908 164 170 168
2.326473 4.279161 1.878802 145 139 131
-0.4313029 3.484728 1.186789 162 169 159
-0.3665348 3.477294 1.181383 200 212 210
-0.5203643 3.495651 1.267323 147 151 141
-0.6965146 3.472962 1.303859 183 185 176
-0.4571442 3.482615 1.308653 180 188 175
-0.5656929 3.482353 1.333419 142 145 136
-0.579626 3.466965 1.366628 159 163 154
0.07649282 2.962916 0.4786387 142 146 144
0.051016 2.553984 0.2581491 78 80 68
-0.7523031 2.638962 0.6313861 130 128 108
-1.303182 3.656913 3.544672 107 106 86
-0.835271 2.037176 0.4120856 77 74 52
2.247293 3.327003 3.904125 84 76 53
-0.2561832 1.209949 -0.2763518 189 190 180
-0.4005251 1.251483 0.4238914 146 134 108
-0.2058361 0.9218134 -0.2141639 163 162 150
0.1887589 0.8707077 -0.4917322 113 104 83
-0.0749696 0.7777808 -0.1685503 157 154 136
0.008056161 0.6105679 -0.1328363 182 177 162
-1.244367 4.82568 1.043642 189 189 189
1.629308 4.874068 0.7103372 110 100 83
-1.104192 4.794259 1.109647 177 176 174
0.6081662 4.78579 0.9707608 64 53 34
1.50138 4.735041 0.994256 108 99 82
1.549469 4.736656 0.9972654 103 95 82
-1.668287 4.593311 1.563475 175 174 172
1.664096 4.649451 1.170183 110 102 89
-1.105186 4.517977 1.702798 214 216 208
-0.3373583 3.539539 0.4741694 168 176 175
-0.1749404 3.525415 0.4336253 111 109 96
-0.2952601 3.520972 0.498197 148 153 147
-1.15794 4.397469 1.921445 187 193 183
-2.104072 4.341722 2.12784 203 202 199
1.514631 4.422725 1.665939 98 93 81
-1.939467 4.30973 2.188598 191 191 188
-0.3091206 3.493958 0.8087988 179 190 192
-0.5752767 3.525208 1.032483 176 184 184
-0.5846632 3.490934 1.224588 136 140 132
-0.5773179 3.445323 1.424607 145 151 141
1.996042 4.127426 2.230934 150 145 140
0.7307695 3.747505 3.174196 73 78 67
0.04155795 2.173098 -0.08745504 100 102 96
-0.4403348 2.167685 0.08952058 97 99 79
-0.5995406 3.645056 3.473253 108 109 94
-0.2976881 2.102478 0.03863998 121 118 101
-0.284043 3.570185 3.603974 136 141 139
-0.5034122 2.095453 0.1610376 132 131 109
-0.808777 2.204599 0.5842209 153 152 135
-0.7019129 2.099317 0.4065847 145 140 127
0.2209021 1.772235 -0.4193812 176 175 169
-0.9624847 1.929716 0.5115096 175 153 128
-0.2601303 1.761115 -0.1083824 110 114 106
-0.2997845 1.660636 -0.126238 118 122 114
-0.2249624 1.365105 -0.3133031 144 140 124
0.131413 1.291036 -0.4728713 195 198 186
-0.07380822 1.237373 -0.3689954 30 23 8
1.515735 2.222289 4.717786 122 117 103
-0.2557082 1.123871 -0.2679994 97 94 76
-0.2335836 1.123042 -0.2812964 130 132 121
-0.2670694 1.058147 -0.2348045 199 203 193
-0.2561251 1.013741 -0.20864 193 192 183
-0.3396247 0.9834552 -0.1335411 196 198 190
-0.1990303 0.9328758 -0.2242836 187 185 171
-0.159892 0.7794744 -0.09960777 126 114 90
0.9483981 0.8222689 1.667789 118 108 83
-0.1854985 0.6930945 -0.06972523 162 160 137
-0.09132741 0.563224 0.2340657 190 194 184
-1.116614 4.808072 1.049104 155 150 144
-1.255362 4.788564 1.125475 144 140 128
-1.15982 4.786632 1.1292 161 157 151
-1.280662 4.745419 1.178367 167 166 160
-1.015211 4.734075 1.211871 124 127 119
1.478726 4.752911 0.9715813 103 93 78
1.478726 4.752911 0.9715813 103 93 78
1.701065 4.643734 1.159347 104 96 83
-0.3773789 3.530838 0.649218 195 206 211
0.03089537 3.331954 0.5251024 126 125 111
-0.5916961 3.52005 1.046441 137 143 135
-1.874734 4.194524 2.425065 200 196 195
-0.4092204 3.470281 1.262183 173 180 170
3.008304 4.235841 1.925675 168 164 159
0.07900956 2.479236 0.1807508 159 162 160
0.7208894 3.623765 3.442753 120 120 118
0.2008626 2.09984 -0.05777519 139 139 130
-0.5133243 2.079006 0.1927468 128 127 105
-0.4743163 3.492488 3.813071 112 113 108
-0.7137635 2.08678 0.4040182 83 82 63
-0.05483812 1.904838 -0.08865052 140 140 137
0.00269876 1.782919 -0.3070888 176 180 174
-0.0007051925 1.745168 -0.3095507 175 177 171
-0.4753736 1.73058 -0.08939639 117 116 101
-0.4451352 1.711711 -0.05519459 114 117 101
0.4105504 1.391402 -0.4379286 123 117 103
-0.2292904 1.375355 -0.3165795 124 124 113
-0.4893126 1.383316 -0.01271098 175 174 152
0.1679782 1.295342 -0.4934189 168 165 149
0.1585965 1.295954 -0.486777 99 92 72
-0.2411951 1.291486 -0.2981498 142 140 128
-0.05945044 1.277846 -0.4080898 132 128 110
2.212067 2.461267 4.853926 73 63 38
0.9464815 2.523515 5.783346 81 71 45
-0.29232 1.178121 -0.2355218 182 176 160
0.7473778 1.721579 2.762316 124 118 102
0.1075334 1.155487 -0.4577747 169 171 159
-0.01562456 1.101227 -0.3508079 127 123 105
-0.2760755 1.053142 -0.2207023 149 147 133
-0.1973066 1.037145 -0.2692114 165 166 156
-0.2764678 1.021223 -0.2037696 168 161 143
0.05723812 0.9925055 -0.3799606 110 110 94
0.08960811 0.975216 -0.3818504 96 93 75
-0.2835878 0.9763093 -0.1778402 145 143 128
-0.3648594 0.9681749 -0.1082443 115 108 90
-0.2157568 0.9415793 -0.2094091 162 161 150
0.09762531 0.9075319 -0.3498436 207 210 200
-0.06492532 0.9032269 -0.241805 149 149 139
-0.3935334 0.8663232 0.02191761 128 128 104
0.1295009 0.8198793 -0.3584483 132 129 113
0.04284477 0.7978671 -0.2756746 133 131 116
-0.1041933 0.7925524 -0.1665258 154 151 131
0.03963269 0.7598912 -0.2373663 195 193 182
0.1133747 0.7511355 -0.3029753 183 183 172
0.0380971 0.7090591 -0.2192895 119 115 99
0.1180095 0.6722514 -0.237765 148 146 131
0.07682084 0.6045678 -0.1652386 118 107 88
0.1091342 0.4681311 0.0996239 146 148 133
-1.215276 4.815207 1.04266 175 172 169
-1.200136 4.779456 1.14414 178 178 176
-1.26911 4.759068 1.192518 183 183 180
-1.361112 4.750092 1.211592 183 183 180
1.697523 4.71205 1.029067 125 117 104
-0.2800942 3.519574 0.5085759 166 173 168
-0.9616475 4.372902 1.945144 177 185 174
-1.810688 4.227686 2.3771 205 204 202
0.4572409 3.898178 2.900728 125 126 119
-0.05198233 3.848595 3.006005 94 95 86
-0.5075984 2.348725 0.1732477 114 111 97
0.4858874 3.178439 1.784455 151 155 148
0.441604 3.0531 1.750358 124 125 118
-0.5664565 2.236662 0.1679884 104 106 85
-0.3779694 2.142998 0.0644585 110 109 93
-0.4475589 2.151804 0.09941048 115 114 96
0.2285825 2.110788 -0.09344464 107 114 109
0.179994 2.128923 -0.03169043 135 137 126
-0.2855385 2.102421 0.03550443 138 138 128
-0.4084854 2.103043 0.0909332 128 128 107
-0.3156494 2.079677 0.05792496 153 155 143
-0.2331107 2.059716 0.01098726 116 120 114
-0.2314686 2.048087 0.00978722 163 164 157
-0.3217252 2.05868 0.06791253 145 147 138
-0.9072242 2.031644 0.4333563 126 114 106
-0.9099193 2.022915 0.4364598 89 86 70
0.2293158 1.789659 -0.4231728 97 93 78
0.1986369 1.785722 -0.3958309 119 117 108
-0.2356653 3.368684 4.061098 124 125 120
-0.1764465 1.853265 -0.09800089 131 131 129
-0.3195237 1.791158 -0.09338374 132 133 126
-0.9147139 1.871941 0.4228935 184 162 141
-0.2368137 1.734057 -0.1185749 118 120 118
-0.9149714 3.205216 4.501317 131 133 115
-0.4796234 1.70282 -0.02636786 138 141 121
-0.3326063 1.674353 -0.1098727 120 124 115
-0.4887035 3.128226 4.591375 153 152 146
-0.2696278 1.625035 -0.1395674 160 160 158
-0.2976292 1.592231 -0.1388735 125 129 123
-0.3286366 1.580021 -0.1280813 116 118 103
-0.2016473 1.484257 -0.313082 77 70 52
-0.3245555 1.519632 -0.1404677 121 127 117
-0.2280161 1.480408 -0.2888474 175 176 169
-0.2296064 1.464668 -0.2910063 183 183 177
-0.3161827 1.488878 -0.1464324 147 149 144
0.1248912 1.391747 -0.4497622 163 159 137
-0.2163378 1.379115 -0.3160462 124 121 112
-0.3492543 1.408564 -0.1295032 188 189 183
-0.3083595 1.381355 -0.1891119 211 215 211
-0.2528449 1.343043 -0.3072084 115 114 102
-0.3888886 1.357055 -0.09678584 159 161 150
0.5877641 2.588309 5.646603 153 155 141
2.817364 2.517391 5.610626 91 81 52
1.7672 1.877753 2.893525 69 62 40
-0.2641056 1.189027 -0.2600856 195 195 183
-0.2625625 1.189259 -0.2577765 195 195 183
0.09404057 1.157421 -0.448083 185 185 173
0.0584712 1.157382 -0.4227927 158 160 152
-0.1985776 1.057644 -0.8478923 162 162 151
0.1035956 1.133022 -0.4447121 156 154 144
0.1268442 1.123671 -0.4552967 107 104 83
-0.0009950093 1.125379 -0.3650417 141 137 124
-0.3894683 1.128688 -0.1357886 146 142 116
-0.01290179 1.111075 -0.3570654 122 118 104
-0.2018814 1.053302 -0.2702622 107 108 92
-0.1809167 1.045666 -0.2834425 184 184 174
-0.2024498 0.9898191 -0.2606059 136 127 108
-0.1593972 0.9813644 -0.2760802 138 133 109
0.1100848 0.9504665 -0.3713455 185 185 174
0.09554724 0.9466098 -0.361988 183 183 173
-0.2211139 0.9354768 -0.2045079 202 202 191
0.06071974 0.9323267 -0.3377083 162 155 136
0.1192697 0.8635131 -0.3665729 131 131 121
-0.02174534 0.8635702 -0.2520486 159 156 141
0.07859195 0.8427455 -0.3265024 168 170 161
0.07859195 0.8427455 -0.3265024 168 170 161
0.01867782 0.8153546 -0.252722 161 161 149
-0.02186371 0.8116191 -0.2301252 140 133 117
-0.06620508 0.8005123 -0.1814512 164 162 147
-0.2008086 0.7992785 -0.1065332 146 136 114
-0.2857368 0.7976336 -0.07822709 121 119 109
-0.07901834 0.7797122 -0.1629275 148 145 127
-0.08866304 0.7801977 -0.1560993 166 163 142
0.1142303 0.766584 -0.3082248 201 201 189
0.02973338 0.7668183 -0.2292219 166 166 156
-0.1145557 0.7446271 -0.1089487 151 149 137
-0.1696861 0.7371606 -0.1003763 127 126 111
0.6605102 0.7885637 1.319667 113 102 74
-0.1305178 0.7051938 -0.08812651 133 127 111
-0.1930949 0.6996192 -0.07887315 166 162 140
-0.1560818 0.6953047 -0.088972 113 105 84
-0.1040078 0.693644 -0.08048487 147 142 126
0.1207035 0.6842634 -0.2561907 158 158 140
-0.01996681 0.6734897 -0.1228949 192 192 184
-0.0152353 0.6549164 -0.1339601 148 149 141
0.03315354 0.6226197 -0.1688848 133 131 116
0.2015398 0.4578892 0.02665545 97 86 64
0.1553861 0.4233249 0.1310662 199 201 194
0.8937265 1.469447 1.343974 125 125 115
1.055949 2.933797 1.646538 69 69 56
0.9943458 2.923043 1.739339 143 144 135
0.3485357 3.182179 1.658716 172 176 170
2.997286 4.553413 1.265827 89 83 74
0.8642665 3.023196 2.220065 117 117 102
0.9611617 2.98047 2.062992 145 145 133
0.988854 2.971295 2.030926 168 172 163
-0.9719883 3.906232 2.960526 193 195 193
1.16535 2.96784 1.79846 140 139 126
0.5057794 1.145859 1.477015 143 144 125
1.639278 4.203389 2.126016 63 60 48
0.07103826 3.29785 2.385923 157 162 149
0.4506682 0.6283516 0.8204821 92 94 90
0.2342412 0.540706 0.6915736 141 136 117
0.6843656 0.6796622 0.32695 108 108 101
0.3826113 0.6053432 0.8621451 125 129 116
0.9774283 3.002207 2.243007 85 87 74
2.621264 4.480684 1.402753 145 136 119
2.022953 4.593587 1.26051 119 110 93
1.625569 2.041353 0.3488718 167 157 138
0.8583446 0.8739207 0.8050942 125 125 109
0.7270434 0.7264395 0.2825563 135 117 95
0.4174654 0.5789592 0.4536102 129 124 104
0.494973 0.6232396 0.3774011 148 140 116
-10.26153 10.49837 -2.32192 80 76 72
-0.08054198 3.791725 3.173938 175 175 167
0.6663592 3.028218 2.031717 174 174 163
1.207891 2.997575 1.718756 139 132 112
-0.8633744 4.093472 2.648635 195 192 185
3.092847 5.125839 0.01266064 167 155 135
0.4239074 2.668573 1.586294 194 206 210
1.655903 2.102606 0.408197 161 150 131
0.4627305 0.755908 0.9572068 163 161 148
1.005681 1.190851 0.4784104 99 93 64
0.1276687 0.6400381 1.008706 191 195 187
0.9525965 -0.5937918 1.271614 159 158 143
-10.39463 11.38312 -1.598045 43 33 23
-10.73354 10.49594 -1.353148 73 66 62
-10.50493 10.75587 -1.671662 90 84 84
-10.52365 9.716958 -1.506878 93 91 93
-10.52769 10.00568 -1.689676 41 35 28
0.4252848 0.6187693 0.2727407 169 165 153
-11.01781 10.80875 -2.94805 56 53 55
0.164099 0.6297259 0.269374 136 132 119
-10.96586 11.13316 -3.709907 82 81 85
-10.7882 11.26017 -3.98783 59 59 61
-9.85922 7.900338 -1.961783 48 42 37
-9.332716 8.167642 -2.787604 90 84 76
-15.17294 10.72934 -5.093599 39 32 28
-14.67285 10.39454 -5.78382 29 22 15
2.489058 4.2672 1.876452 142 130 116
3.01368 4.434563 1.467453 118 108 96
0.4418021 3.264883 2.594395 136 135 131
2.968524 4.827697 0.7616821 165 157 140
-0.8845823 4.031644 2.70522 193 188 182
1.69194 4.683757 1.100667 126 116 96
-2.203538 3.997669 2.863879 206 201 195
1.302598 1.414498 0.7699839 143 140 127
-0.8632422 2.567052 1.227286 175 183 185
1.013305 0.915894 0.6483616 153 153 141
1.014077 0.9248232 0.6459233 153 153 141
0.6907183 0.6730334 0.7113851 0 0 0
0.3476326 2.029395 0.1147693 124 120 100
-10.63333 11.17282 -1.495136 68 61 57
0.3512465 0.5686232 0.6632526 156 158 148
-10.5188 10.64948 -1.405872 58 48 41
0.5240809 0.6200384 0.5157737 170 167 154
0.789212 0.7627425 0.3108552 158 155 141
0.2998838 0.5598337 0.5679482 124 120 100
-10.25066 10.58839 -1.985714 34 28 22
-10.15112 10.83595 -2.286397 44 35 28
0.696499 0.7165928 0.2336558 149 141 120
-10.6084 9.358949 -1.427917 62 55 51
-10.73089 10.26572 -2.016371 77 72 72
-10.77698 10.97919 -3.341878 53 49 49
0.3511952 0.6063235 0.2059896 143 138 121
-9.113036 8.358192 -3.281089 80 74 66
-9.20755 8.252962 -3.553319 130 129 132
-14.40935 10.4399 -4.168858 78 78 80
-14.03073 10.26634 -6.342194 91 92 98
-14.64673 9.96336 -6.092609 66 64 65
2.842443 4.51457 1.428676 147 136 119
0.7645748 2.966435 2.054948 174 179 176
-0.3274076 3.56161 2.564167 175 185 180
2.10455 4.759401 0.9370781 124 113 94
0.3483072 3.188468 1.823698 168 176 170
2.113578 5.005998 0.5689124 151 139 119
-2.321723 4.092914 2.603292 186 182 173
0.3809815 0.7995971 1.23693 180 185 176
0.9433712 0.910153 0.7474648 182 185 176
0.3948373 0.69139 1.039818 175 180 176
0.4487834 0.6798976 0.9733133 84 76 59
0.04962523 0.6731586 1.061775 186 189 185
0.8975771 0.8297818 0.598763 160 158 145
0.3851952 0.6224648 0.8639246 166 170 162
0.4678981 0.8866717 0.676294 189 187 172
0.8360574 0.7838078 0.4973989 165 158 137
0.8360574 0.7838078 0.4973989 165 158 137
0.5768995 0.6437618 0.6122844 178 176 161
-10.15404 11.64358 -1.871758 38 30 23
0.3021291 0.5663966 0.6637923 186 185 172
-10.11622 11.06681 -2.102497 51 42 36
-10.36885 10.47395 -1.770522 54 48 42
-10.20414 10.83724 -2.502616 72 63 57
0.4461215 0.5938413 0.4051978 164 160 147
0.5031513 0.6363931 0.3198811 163 159 141
-10.12604 10.92079 -2.899812 69 63 56
-9.975497 11.10868 -3.36672 70 64 58
-0.2040298 0.9392738 0.2368468 125 115 90
-0.7783281 1.661692 -0.4560176 188 192 179
-14.56264 10.19717 -6.054375 68 68 71
-2.083604 0.5854821 -1.029882 141 145 147
0.04436054 6.029598 -10.25326 196 194 180
-0.7477986 6.204239 -10.71798 194 192 178
-1.470883 -0.08990744 -0.9146674 249 143 150
2.522361 4.327028 1.818739 114 102 83
2.862371 4.431787 1.578234 156 144 128
0.6918122 3.972267 2.705215 157 155 151
1.112017 4.11798 2.34675 121 121 113
0.533052 3.935722 2.55914 152 161 164
-0.7283957 3.834712 3.122407 196 196 192
3.03414 4.660841 1.075297 160 150 134
-0.961031 3.806121 3.170954 198 195 189
1.097733 2.966998 1.966654 141 148 141
1.005358 2.956933 1.989566 183 191 191
1.000736 2.951613 1.942106 134 136 125
1.030232 2.941552 1.881661 137 138 125
1.309529 3.003146 1.685123 128 125 110
0.3357789 3.121911 1.919016 164 168 163
0.6527124 3.126657 1.649121 133 138 135
-1.960947 3.990786 2.866388 160 155 139
1.458319 4.754825 0.9684381 112 100 80
-0.5632553 3.497957 2.058187 216 220 212
-2.102806 4.036588 2.77336 203 199 194
1.844172 4.890335 0.6568042 137 125 105
-2.2648 4.023998 2.817916 184 178 170
1.04133 4.313035 1.062282 97 98 82
1.904602 4.948596 0.5379346 142 130 107
0.7179813 2.253148 1.48052 176 187 193
1.95392 5.16958 0.04260047 143 130 105
0.4095344 0.9564771 1.580227 190 186 175
-2.247911 4.401511 1.924055 192 184 173
0.8510681 1.296646 1.245741 126 127 112
1.137432 1.347618 1.044987 109 98 75
1.125078 1.16885 0.5884601 125 119 94
0.9767066 0.9089409 0.709128 163 161 147
0.4151185 0.7108362 1.037287 108 106 91
0.1383059 0.7038029 1.111023 149 152 144
0.1365645 0.7046657 1.112475 149 152 144
0.4980029 0.6485564 0.7917758 190 191 182
0.6908487 0.6567549 0.6956683 145 142 129
0.6873778 0.669632 0.6922588 145 142 129
0.7709051 0.6814666 0.601549 177 177 163
0.2117976 0.6044491 0.85976 174 176 168
1.092638 0.8073342 0.34782 132 123 91
0.07185073 0.6268405 0.864363 184 178 156
0.5970042 0.6580622 0.6146422 143 136 120
0.9497511 0.8804576 0.3310958 117 104 77
0.8624641 0.8020799 0.3986308 156 156 146
0.8834897 0.8060252 0.3853521 122 108 82
-10.54215 11.34378 -1.230762 55 51 47
-9.98559 11.81291 -1.916453 36 32 25
-10.19029 11.4096 -1.806206 66 57 52
0.4662165 0.5984043 0.5969339 195 195 180
-10.12451 11.327 -1.965474 52 43 36
0.534438 0.6201769 0.4655403 124 116 94
-10.43332 10.3289 -1.585491 50 43 39
-9.764497 11.27289 -2.706002 64 58 52
0.6471649 0.6877835 0.2626071 159 154 138
-10.76431 10.19501 -2.171084 60 56 55
-11.17956 10.60075 -2.286502 60 56 55
0.3493312 0.5745742 0.3119673 152 149 134
-9.255118 8.342657 -3.089185 53 48 37
-9.838965 8.238505 -2.862038 117 113 110
-9.134604 8.660909 -3.541648 38 32 24
-10.39301 7.672284 -2.412179 77 75 77
0.3178671 0.5414655 -0.007870555 145 137 114
-15.014 10.29644 -5.580281 64 64 67
-15.014 10.29644 -5.580281 64 64 67
-14.91711 9.940978 -5.691648 68 66 67
-1.084418 0.6933575 -0.7321581 82 78 76
0.06501987 3.773016 3.172277 180 179 174
0.106705 3.883926 2.982812 175 174 170
1.065341 2.997384 2.083534 152 159 152
1.608285 4.36214 1.792098 127 119 106
1.241403 3.004064 1.952495 131 133 122
0.2707587 3.2774 2.439376 172 179 173
1.225569 1.168354 1.933631 204 212 214
3.043832 4.724887 0.9416921 132 120 101
-0.9224073 3.891908 2.991783 129 122 98
0.2599148 3.229995 2.375843 189 202 209
1.354048 3.045361 1.765832 124 127 116
3.245474 4.791147 0.7286468 163 152 135
1.129757 2.959017 1.864787 157 160 157
0.7031625 2.984812 2.076864 208 216 220
1.135527 2.970326 1.81821 152 154 144
-0.4368798 3.607101 2.553057 202 207 201
-0.04444209 3.323341 2.317874 224 230 228
0.739547 2.938331 1.847415 189 200 203
0.5668556 3.006449 1.93347 185 193 194
1.524655 4.602275 1.289046 87 75 53
0.9998184 2.944434 1.641663 167 167 158
-1.981692 3.968498 2.917109 174 169 153
1.355571 2.809427 1.333338 97 91 67
-1.986744 3.956681 2.861979 190 185 180
-0.03385812 3.309577 1.932373 166 170 161
-1.869448 4.077403 2.663064 182 174 164
-1.871225 4.081645 2.663763 182 174 164
1.949069 4.92888 0.5623792 105 97 75
1.216593 2.508841 1.234776 105 107 92
1.823549 4.933037 0.5508546 121 112 88
1.276265 2.373111 1.159737 129 129 113
1.348204 4.874965 0.696318 115 104 83
0.6282462 2.360544 1.450316 164 175 180
-2.21338 3.70318 2.614451 204 201 195
1.173139 2.692418 0.8566419 118 118 106
1.016827 1.470596 1.103405 153 153 149
1.30327 1.438679 0.8314688 136 131 117
0.8615056 0.7461995 1.250911 165 170 164
0.3868655 0.7858193 1.428993 127 124 114
1.208339 1.341694 0.7850736 73 69 53
1.208339 1.341694 0.7850736 73 69 53
1.433757 1.494809 0.5805507 131 128 113
0.425894 3.249943 0.3605579 136 134 122
0.7983745 1.02796 0.9761845 179 183 176
1.322569 1.466696 0.5605537 138 130 112
0.7837638 -0.08899611 1.36311 165 164 151
0.3914385 0.8028263 1.160708 186 186 175
0.3508475 0.787632 1.168198 186 187 181
0.3189352 0.6442791 0.9749026 120 113 93
0.417237 0.6024939 0.8053148 128 128 118
0.671805 0.6568622 0.6532398 207 208 199
0.4946166 0.6049811 0.6932139 130 128 115
0.8586261 0.7901862 0.3785589 129 115 91
0.5248771 0.6115898 0.6082143 167 163 155
-0.004323039 0.5863145 0.8363717 141 139 134
0.161811 0.562045 0.7436546 203 206 202
0.9380407 0.9836144 0.1654702 126 116 87
-0.7498596 2.668863 -0.2417865 158 155 141
0.1847768 0.5419465 0.714842 202 207 203
0.1847768 0.5419465 0.714842 202 207 203
0.06990219 0.5634421 0.7441155 202 203 199
0.5468607 0.6242937 0.5163938 164 162 150
1.463017 0.2053486 0.3947222 158 147 128
0.489233 0.6048203 0.4639032 183 181 167
0.4570358 0.5892875 0.4700348 143 141 125
0.688031 0.6943325 0.2540141 157 149 129
-0.01177731 0.7907791 0.4509787 166 165 150
0.2537317 0.5286478 0.4906438 159 157 143
0.5201492 0.6433918 0.2992572 144 139 124
-11.21175 10.49984 -2.180494 59 56 54
0.5719117 0.6691685 0.2493002 139 136 121
0.1828446 0.5217357 0.4411399 129 118 94
-10.25304 11.26064 -3.681096 51 44 40
-10.25304 11.26064 -3.681096 51 44 40
0.3905132 0.6132262 0.237612 120 114 91
0.4975489 0.6983112 0.08943874 138 130 112
0.4808411 0.6886036 0.06037869 70 62 35
0.4328909 -0.0842683 0.594294 164 162 147
0.8081666 -0.4278637 0.6025936 209 209 198
-14.47533 9.975148 -5.074936 73 75 80
-0.3824612 5.796874 -10.66759 211 211 203
-1.661626 -0.06352016 -0.9995841 255 163 169
-1.757735 0.006584631 -1.427254 120 118 106
0.7267678 3.95836 2.734936 141 138 131
2.398332 4.34281 1.793788 81 77 58
0.8578508 4.051426 2.517648 121 121 115
0.955839 4.07532 2.458808 109 106 98
-0.1635705 3.845967 3.052912 183 182 179
2.210182 4.353928 1.790253 127 119 103
-0.5033078 3.808936 3.156907 143 141 133
1.098729 3.245131 2.230688 178 184 185
1.098729 3.245131 2.230688 178 184 185
2.435483 4.462863 1.549769 75 70 55
-0.2927566 3.885396 2.977076 184 181 175
1.92955 4.377888 1.727709 130 122 106
1.928425 4.391051 1.726079 130 122 106
1.0478 2.996213 2.136151 186 192 192
-0.7174605 3.835072 3.095216 176 174 162
-0.7174605 3.835072 3.095216 176 174 162
1.858036 4.405243 1.707369 136 128 115
-0.6153058 3.881158 3.008269 183 178 172
2.312107 4.527411 1.420782 93 87 73
-0.9221592 3.826362 3.127453 178 172 164
-0.4766971 3.95787 2.84733 195 191 188
2.223121 0.7545177 1.416246 150 140 123
0.8969017 2.994422 2.11234 167 169 159
1.151556 2.98894 1.976342 143 149 140
-0.9193437 3.873648 3.05882 191 186 181
-0.6208719 3.939408 2.876666 171 166 158
0.4345086 3.080996 2.316022 187 197 199
-0.6158064 3.961157 2.838975 179 175 168
-0.6158064 3.961157 2.838975 179 175 168
-0.1936571 3.528911 2.595448 214 220 214
1.100061 2.955662 1.840686 132 129 114
-0.8939626 3.952757 2.848696 188 185 180
-0.768601 3.99285 2.767067 187 183 175
0.3249259 3.127464 2.178936 184 188 180
0.7288341 2.956456 1.880532 160 164 157
0.7713374 2.93598 1.83817 155 157 155
-1.94429 3.990014 2.898142 197 192 186
0.4812618 3.172022 1.728268 165 169 163
2.318594 0.381905 1.094194 142 132 109
2.022398 4.925682 0.5437972 130 120 100
-2.235059 4.06111 2.714877 201 198 191
1.274029 2.507457 1.165603 107 110 97
-1.868989 4.208944 2.368498 190 186 179
1.167003 0.6587104 1.215731 99 96 76
0.3876052 2.693563 0.9360963 78 74 56
0.7233116 1.71346 1.047522 130 132 119
0.8577873 1.05375 1.158493 186 191 185
0.8577873 1.05375 1.158493 186 191 185
1.029963 1.138142 1.008085 124 122 106
1.332426 1.415195 0.755735 142 140 128
0.8159818 0.9270557 1.004543 184 189 183
0.3445581 0.7890239 1.205476 193 197 190
0.9879293 0.920935 0.7198822 149 149 137
0.274103 2.63538 0.2244718 167 165 151
0.1664133 0.715372 1.140963 207 210 203
1.066201 0.9412026 0.6290351 144 142 128
0.9393731 0.8777887 0.6805771 182 182 169
0.9895499 0.8904926 0.6388063 157 156 142
0.08056812 0.7039731 1.097285 155 150 136
0.09198268 0.7010538 1.078562 188 183 167
0.9859141 0.858224 0.5687072 160 160 145
0.5460019 0.6983031 0.824889 198 198 185
0.8290535 0.7846885 0.6469446 144 141 126
0.2917123 0.63979 0.9413416 164 158 139
0.517393 0.6864721 0.8031595 162 158 145
0.2655022 0.6267738 0.9101425 101 90 65
0.4594098 0.640763 0.8184467 133 127 107
0.2397703 0.6250746 0.9046901 121 113 92
0.6727173 0.6610823 0.6790065 209 211 203
0.5843009 0.6747353 0.6904756 181 177 161
0.9098831 0.8483949 0.4546945 144 135 107
0.7539296 0.6842174 0.6031193 127 121 101
0.4136405 0.5918946 0.7589899 192 192 182
0.1764019 0.59446 0.8283575 201 202 195
0.9279479 0.9066933 0.2598934 111 100 69
0.5691412 0.6342956 0.5574964 184 182 170
0.5690999 0.6343963 0.5575936 184 182 170
-0.2914796 0.3729815 1.067115 70 63 59
0.6508417 0.645965 0.5021383 141 143 128
0.5414798 0.6213378 0.5395675 148 145 130
0.4954033 0.6050565 0.524515 152 150 134
0.4914865 0.6072289 0.4371667 140 135 120
0.462023 0.5934445 0.4489084 149 144 129
0.5427646 0.6393653 0.3853343 170 167 150
0.2122144 0.5247922 0.568642 187 189 180
0.4981437 0.6286599 0.3647295 155 148 128
0.7662973 0.8344949 0.116471 133 120 90
0.5770366 0.6565917 0.3027172 144 140 122
0.3127961 0.5492923 0.439977 181 178 165
0.5635369 0.6720632 0.2192837 166 159 141
0.2642462 0.5415357 0.3965309 140 136 120
0.3604641 0.5725197 0.3349081 132 125 104
0.7933227 0.800009 -0.02691317 134 125 96
-10.21711 8.771813 -1.944635 64 61 62
0.3788015 0.6220918 0.2081804 146 142 123
-11.55121 11.04424 -3.328851 83 82 87
0.01180839 1.904728 -0.7404936 128 118 92
-14.5079 10.31676 -4.2999 78 80 83
-14.4904 10.05117 -4.626973 50 46 45
-15.0544 10.28743 -4.964412 69 67 70
-14.66626 10.09248 -5.716575 73 73 76
-14.73842 10.0308 -5.733121 50 50 52
1.652671 4.110506 2.33039 152 149 142
1.249859 4.017271 2.521187 135 134 128
0.05297939 3.782754 3.151686 165 163 154
1.407908 4.062981 2.429595 130 127 121
-0.1643165 3.767452 3.212396 157 151 138
1.382684 4.08817 2.385485 118 115 108
1.341696 4.093679 2.369343 114 111 102
1.79013 1.415985 1.914613 120 115 107
1.656901 4.182177 2.159169 127 121 113
0.5596102 3.977381 2.698231 132 129 122
-0.09435434 3.836679 3.041622 155 151 138
-0.3745988 3.783276 3.182374 180 177 168
-0.3019844 3.793882 3.128295 177 176 169
-0.270935 3.834884 3.110666 196 196 194
-0.2639743 3.83774 3.058056 153 153 144
-0.4441349 3.808063 3.151438 178 174 169
-0.4441349 3.808063 3.151438 178 174 169
2.151355 2.644619 1.675374 128 119 104
-0.3203306 3.83259 3.072973 179 176 168
-0.3167202 3.84622 3.04847 168 165 156
1.702859 4.285055 1.966131 124 119 106
1.13651 3.078987 2.194154 135 142 134
1.810143 4.327817 1.87478 129 121 108
-0.3309266 3.867656 3.003584 152 151 139
-0.4083373 4.675018 3.064315 178 176 175
-0.56533 3.82725 3.115215 178 176 169
-0.56533 3.82725 3.115215 178 176 169
-0.6906123 3.827626 3.136191 184 179 173
0.4040451 3.267127 2.504202 201 214 222
-0.2726592 3.927289 2.860202 165 165 157
0.6851668 3.09907 2.32005 189 198 202
-0.6221405 3.902567 2.972573 145 145 138
-0.6221405 3.902567 2.972573 145 145 138
-0.9615533 3.822139 3.138426 178 173 168
-0.6817089 3.880521 2.979128 186 180 175
0.9137613 2.992001 2.12151 193 201 203
0.01665049 3.404679 2.571898 198 208 206
0.9361799 2.987096 2.076681 188 194 193
-0.9525195 3.871544 3.054085 151 146 136
2.512512 4.627538 1.196095 116 109 88
1.106185 2.957614 1.919866 158 164 162
-0.6812298 3.982555 2.763595 180 177 170
1.053803 2.954977 1.870767 157 161 155
0.4136202 3.086148 2.181449 161 161 153
1.226054 2.989707 1.748176 147 147 135
1.255805 3.005421 1.710761 155 156 146
2.277927 1.156415 1.168363 158 149 132
1.179042 2.918942 1.589996 140 143 132
1.409683 2.634878 1.079245 116 105 85
0.8622724 1.461069 1.398961 113 112 97
0.452422 2.073595 1.469915 125 131 126
0.4074424 5.753472 0.5140097 113 108 92
0.8705128 0.8995752 1.421496 144 144 135
1.268608 1.505783 0.993497 124 122 108
1.090201 1.321632 1.121462 129 129 117
0.8799744 1.292051 1.222486 132 129 115
1.446011 1.533062 0.8799978 122 120 105
-2.26486 4.553622 1.713754 184 180 170
1.206424 1.364904 0.8485811 138 133 116
1.064133 1.184787 0.9435446 115 107 86
0.9031721 1.77644 0.8150281 115 107 86
1.063728 1.191449 0.913122 115 108 82
0.4856247 0.8233112 1.222474 176 176 168
0.4763157 0.8347164 1.202914 157 153 141
0.462779 0.8245726 1.204376 135 132 118
0.5466157 0.8961673 1.118549 135 132 113
1.32784 1.457524 0.5273044 119 112 91
0.9534819 0.981838 0.8315256 44 44 29
0.3243688 0.7714152 1.16865 180 184 177
0.8754863 0.9247233 0.8468961 145 141 126
0.4879215 0.7785724 1.033037 138 136 124
0.2382707 0.7229491 1.11276 190 187 175
0.1996289 0.7139866 1.126566 198 201 198
-0.382326 1.681541 0.9143602 141 141 129
0.1084687 0.7089832 1.139316 199 201 191
1.125294 1.789867 0.1775795 127 117 89
0.8404306 0.8198777 0.7499872 127 125 115
0.4941113 0.728692 0.9095175 153 149 135
0.5542952 0.7088213 0.8839089 175 177 168
0.361324 0.6515402 0.9750604 160 160 147
0.467843 0.6945632 0.9002627 75 67 47
0.467843 0.6945632 0.9002627 75 67 47
0.9189039 0.8268932 0.5783398 131 127 106
0.2221738 0.6107812 0.9709959 117 104 87
0.4014538 0.6224541 0.8881192 189 193 189
0.9157574 0.8237556 0.5663828 128 124 104
0.5185263 0.6724774 0.7883234 139 139 129
0.255886 0.6268862 0.8928043 152 145 124
0.6860327 0.6736854 0.6745309 139 138 126
0.4812276 0.637531 0.7700937 172 168 160
-2.057493 3.376061 0.2893163 182 184 168
0.939418 0.8844995 0.4276835 146 137 110
0.4783765 0.5972114 0.6999014 159 159 149
0.1434329 0.5954893 0.8149737 200 204 196
0.3701593 0.5834175 0.706426 161 158 145
0.7220542 0.6714671 0.5143678 150 143 115
-0.02343795 0.5873444 0.8494666 192 196 189
0.7370673 0.7234564 0.4545984 125 117 94
0.2709585 0.5713059 0.6916273 191 191 180
0.07566165 0.5621274 0.7418131 201 200 195
0.5598761 0.6285103 0.5056067 140 135 119
0.274913 0.5627474 0.6559813 142 137 121
0.781316 0.746998 0.317914 142 137 125
0.1207767 0.561771 0.6781534 190 186 171
0.2867649 0.5481175 0.6011506 153 151 137
-0.6102017 1.76142 0.06294218 156 156 144
0.3184434 0.5644048 0.5126323 151 147 132
0.6959581 0.6976159 0.2689007 135 124 97
0.7222843 0.7142311 0.2336414 159 151 129
0.08107195 0.5429115 0.5937518 157 159 150
0.5312138 0.6454676 0.3450402 129 119 95
0.8140042 0.8788624 0.07390822 141 134 113
0.5074539 0.6357464 0.3543751 171 164 144
0.6638292 0.6894861 0.2557648 161 155 139
0.7065967 0.7099388 0.2169718 157 153 134
0.5580488 0.6534525 0.3023944 147 143 131
0.2686239 0.5342895 0.4965518 135 132 117
0.2889991 0.5553486 0.4583155 158 154 136
0.1406446 0.4641892 0.5603613 131 133 123
0.3887989 0.5727646 0.3664851 153 150 132
-12.22224 11.4005 -2.656684 87 86 90
0.05736015 0.3733633 0.6249979 131 134 129
-11.31927 10.74281 -2.642516 64 64 67
-2.117615 3.307763 -0.7295125 110 108 94
0.06134981 0.3490974 0.5981919 178 185 178
0.4431761 0.6229268 0.2381682 130 125 107
0.4152863 0.6135809 0.2513593 167 165 152
-12.11024 11.19857 -3.062244 64 64 62
-12.17792 11.15837 -3.054744 92 90 93
-12.06413 11.17363 -3.138242 89 88 92
-11.29503 11.15173 -3.540998 60 58 56
-12.14781 11.4741 -3.687888 72 71 75
0.3446143 0.6079856 0.1783895 121 114 94
-11.58319 11.17585 -3.720887 87 88 94
-9.596334 8.653417 -2.558623 54 48 45
0.5734904 0.8203156 -0.1150944 150 137 109
-0.1364623 1.126589 -0.1866674 111 107 91
0.3920578 0.7645366 -0.09904847 117 106 79
0.3920578 0.7645366 -0.09904847 117 106 79
-0.01612568 0.4926752 0.2659144 184 183 163
0.2540413 0.3311301 0.2956818 174 175 165
0.2749364 0.3329189 0.2578817 201 199 185
-9.438051 7.989089 -2.956865 74 70 67
-14.05584 10.42418 -3.537767 83 82 86
-14.41647 10.61727 -3.94884 39 35 34
-14.60812 10.63684 -4.070663 32 31 31
0.1109682 0.725934 -0.1947128 138 135 120
-0.04388172 -0.181542 0.5794882 81 84 92
-14.61347 10.14145 -5.921444 53 51 52
-14.2842 9.208723 -5.293264 54 51 52
-14.47572 10.23034 -6.324433 52 48 48
0.2117591 -0.4446651 0.4783363 123 126 133
-1.694718 0.76508 -0.7226727 112 115 120
-1.997447 0.3412748 -1.43551 112 115 103
1.808297 3.345721 2.153632 156 152 143
0.7657951 3.935782 2.772551 138 136 127
-0.4102768 3.682959 3.396827 191 190 184
2.379725 0.7757192 1.564239 96 87 70
-0.1096735 3.791634 3.166432 169 166 158
1.577106 4.141623 2.242189 131 127 121
2.292011 4.318025 1.854968 73 65 43
0.0534403 3.840705 3.028383 168 167 163
2.091233 0.8927718 1.697355 86 81 65
-0.1927371 3.802588 3.1308 174 170 162
-0.5418329 3.738921 3.303522 199 198 194
-0.405915 3.799155 3.173363 179 177 169
-0.405915 3.799155 3.173363 179 177 169
1.026943 -0.2785533 2.160845 196 191 188
-0.1895284 3.844505 3.042758 181 178 171
-0.7769367 3.772079 3.246624 191 185 180
-0.5825806 3.729577 3.128866 178 175 169
-0.6256035 3.916341 2.994747 192 189 183
0.7525823 0.7352952 2.203848 166 162 158
1.617049 4.396451 1.702226 99 92 76
1.947925 1.021115 1.483712 114 105 89
1.067447 2.950687 1.873976 140 144 133
0.9912021 2.932554 1.910547 164 169 165
1.018408 2.934946 1.889993 137 139 131
-0.7071118 4.023017 2.750259 203 202 197
0.5061846 3.074126 2.098724 173 173 162
1.28558 2.821144 1.511474 156 166 165
0.2224237 3.136377 1.995051 195 201 193
1.283639 2.53267 1.12209 0 0 0
0.8064917 1.502832 1.462351 157 158 155
1.416774 1.242927 1.127579 142 146 139
0.8065369 1.156786 1.228818 109 106 92
1.349103 1.457218 0.8838589 115 111 90
1.280907 1.430622 0.8858116 146 143 129
0.68712 1.112701 1.253653 131 135 125
-1.724589 4.953374 1.224866 175 179 172
1.26369 1.421844 0.8845942 145 142 129
0.4815049 1.619292 1.134614 134 138 130
1.001702 1.101594 1.019757 112 103 78
1.211214 1.373172 0.8335461 139 135 116
0.1558806 1.040754 1.42588 165 167 161
1.23323 1.384492 0.8106852 135 133 117
1.210807 1.365291 0.8206956 77 72 53
0.9886953 1.097695 1.004148 116 108 85
0.5223828 0.8760874 1.286135 144 147 144
1.005557 1.132685 0.9609908 119 112 88
1.146371 1.292902 0.8293614 26 25 12
1.097228 2.257998 0.5020354 133 131 117
0.685636 0.955609 1.135775 118 114 93
1.159514 1.290844 0.7874386 132 129 110
0.8077164 0.9462916 1.028131 189 193 188
0.8510288 -0.1508733 1.410646 151 154 147
1.352797 1.465713 0.5586931 114 109 93
0.9300488 1.02092 0.9006031 120 117 103
1.255079 1.427659 0.6052832 131 119 91
0.4205003 0.7977277 1.216252 184 185 175
0.1243723 0.8285265 1.326051 171 176 167
1.32348 1.456882 0.5425261 108 102 78
0.4192293 0.7960567 1.20291 125 121 104
0.4192293 0.7960567 1.20291 125 121 104
0.5382562 0.876349 1.107772 146 143 129
0.398486 0.7942548 1.193239 186 183 171
1.412585 1.612412 0.3838309 135 121 83
0.8214662 0.8727019 0.9294229 152 153 143
0.9438871 0.984768 0.8180065 140 142 131
0.1745248 0.7914666 1.240207 167 167 157
0.4890446 0.7992865 1.05654 139 139 131
-0.8854749 2.991717 0.7090669 176 179 168
0.3128689 0.6922687 1.109425 130 126 116
0.4379489 0.7409091 1.030948 149 149 139
0.443307 0.74695 1.01559 133 126 109
0.6758361 0.7439169 0.9117208 190 195 190
0.7395625 0.7809699 0.8643566 125 123 114
0.7863464 0.8216227 0.8229328 144 141 125
0.08019827 1.162076 0.9235048 97 92 76
-0.1040902 0.7871373 1.1634 174 177 165
-0.1715206 1.635899 0.7571635 164 166 157
0.5725887 0.6948407 0.8565691 197 201 192
1.067831 0.6651936 0.6534826 172 170 150
0.827193 0.7958659 0.6901522 154 152 141
0.263984 0.6255978 0.9324946 149 143 121
0.3322394 1.313726 0.5319222 179 177 163
-0.1144597 1.016068 0.8544238 147 144 126
0.3534052 0.6167389 0.8511804 202 204 194
0.8155493 0.7091992 0.6044289 114 108 84
0.8189167 0.7671817 0.5721253 143 137 115
0.04942329 0.6322994 0.9659746 164 163 150
0.1087496 0.635193 0.9340505 141 137 120
0.4460919 0.6114884 0.7833611 168 168 161
0.2801878 0.6319222 0.837427 175 170 155
0.5335968 0.6467478 0.7213192 176 176 169
0.4363423 0.5981825 0.7802681 176 179 176
0.4283571 0.5920188 0.7812411 141 137 124
0.859099 0.7263793 0.5211136 166 158 138
0.592521 0.6703333 0.6574762 142 138 121
0.3138382 0.6205053 0.7994634 200 205 197
0.4816835 0.6108544 0.7259863 135 137 128
0.5315105 0.6393691 0.6832476 154 151 138
0.5188855 0.6251946 0.688794 145 143 129
0.4895936 0.6023128 0.6981344 130 129 114
0.2764091 0.5983655 0.7870439 184 185 178
0.2348472 0.592335 0.7926203 64 57 44
0.5067168 0.6068455 0.6656482 134 134 124
0.3533043 0.5932301 0.7340767 128 125 111
0.4944737 0.5992458 0.6554841 173 174 164
0.4948389 0.5984138 0.6562282 173 174 164
0.6729127 0.650365 0.5470568 134 132 114
0.3099494 0.5715542 0.7380216 163 166 163
0.4155115 0.5924906 0.6780539 185 184 170
0.5059227 0.6019629 0.6312045 164 162 149
0.5070667 0.6006728 0.6316618 164 162 149
0.5118398 0.602746 0.6212712 129 126 110
0.78479 0.7602314 0.414692 141 138 123
0.6706176 0.6488319 0.5224082 126 123 100
-0.03889282 0.5808656 0.8481827 177 182 176
0.65179 0.6488699 0.5260261 179 178 165
0.2979304 0.5657564 0.7133061 194 196 186
0.7066829 0.683563 0.4726369 126 116 88
0.6380769 0.6433111 0.5117136 162 162 150
0.7674695 0.7427933 0.3923321 172 168 154
0.7622996 0.7410119 0.3839023 133 130 115
0.8649254 0.8280768 0.2805498 87 74 46
0.4873962 0.5956469 0.5794026 147 143 123
0.7756588 0.7438675 0.3698014 179 176 165
-0.0217486 0.560828 0.792648 177 182 176
0.08622925 0.5656076 0.7472206 161 159 152
0.684713 0.6794009 0.4354648 166 162 146
0.05555462 0.5617329 0.7584881 151 155 150
0.3360957 0.5647792 0.6412396 187 185 171
-9.812517 11.70036 -2.357951 55 48 47
-0.1952769 0.6281226 0.803349 173 176 156
0.01399423 0.5526448 0.7590495 199 199 195
0.5117651 0.6091928 0.5183931 179 178 163
-10.59938 11.06015 -1.785229 64 55 50
-9.824007 11.57446 -2.46561 46 39 34
0.5917863 0.6417704 0.4474494 185 183 169
0.4139771 0.5684819 0.5605419 173 175 165
-10.08919 11.25587 -2.287223 65 59 54
0.3651016 1.330627 0.05745276 186 182 169
0.4860561 0.6026896 0.4841475 169 167 152
0.5905417 0.6398896 0.4179224 163 161 144
-0.01672705 0.5403852 0.7183944 181 183 174
0.3801968 0.5652287 0.5338621 179 179 167
0.5262089 0.6247919 0.4211566 131 124 103
0.5559222 0.6398531 0.3923739 151 149 127
0.5559222 0.6398531 0.3923739 151 149 127
0.4401264 0.5791906 0.4746474 157 154 139
0.8445374 0.9264978 0.07540713 145 138 116
0.5296867 0.6362561 0.389717 169 164 148
0.5477379 0.6481188 0.3557736 167 159 138
0.6472357 0.6827892 0.2581371 167 161 145
0.7918487 0.8599272 0.07573654 157 151 132
-0.1989876 0.6167965 0.6125392 189 193 187
-0.188649 0.6063054 0.6033867 202 203 192
1.015059 -0.4402544 0.8740488 133 127 106
0.5396098 0.6499933 0.2857974 122 115 95
0.4284036 0.5909393 0.3643371 165 162 147
0.7757355 0.8718276 0.03376542 100 85 53
0.3587936 0.5495015 0.4185397 181 181 171
0.5046364 0.6426854 0.2731738 164 160 146
0.2245767 0.5197117 0.4690528 151 147 132
0.2667696 0.5426476 0.4152877 143 139 125
0.3922462 0.5826305 0.334266 133 129 110
0.3459817 0.5599406 0.3590658 127 121 103
0.6956766 0.835655 0.02496153 158 151 131
0.2563821 0.534532 0.4013602 160 156 144
0.04453739 0.3567692 0.6054089 165 169 161
0.4672762 0.6332288 0.2437392 141 138 123
0.4394661 0.6208487 0.2542512 169 167 154
-0.1680963 0.5611997 0.5206494 198 195 186
0.4030977 0.612368 0.2634727 144 142 128
0.6659333 0.8386337 -0.007147182 154 145 121
-0.1160501 0.4769137 0.5487053 160 158 144
0.638891 0.7669954 0.04718943 124 117 96
0.334958 0.5833746 0.266449 147 143 127
-12.07218 11.27843 -3.256633 84 84 86
0.2216655 0.5077872 0.3410952 143 140 125
-11.90328 10.87148 -3.143555 75 75 78
-11.66273 11.53092 -3.753509 76 76 79
-1.881248 3.379575 -1.101703 105 105 92
0.5628844 0.8186425 -0.04791608 122 110 78
0.07057358 0.3322092 0.511537 218 205 185
-0.2303134 1.057491 0.05270179 128 126 112
0.3481438 0.6148495 0.1638804 137 128 107
0.171531 0.3820064 0.3460084 209 218 218
-9.663099 7.964187 -2.301339 94 88 83
0.2624104 0.339219 0.2950102 119 114 100
-10.39057 7.992744 -2.24373 92 87 82
0.3031504 0.3665513 0.2494506 90 90 77
-10.01648 7.568596 -2.200674 116 112 110
0.03043172 0.5045188 0.1788848 142 135 112
-9.586711 8.178338 -3.094104 78 74 71
0.02905034 0.5262517 0.1211421 159 155 135
0.223227 0.7110353 -0.1095639 148 138 113
0.2255264 0.717166 -0.1216693 127 118 90
-15.45873 10.95022 -4.64929 55 55 58
-14.31324 9.866124 -5.297523 64 66 68
-14.24398 9.538707 -5.082747 64 64 66
-14.10072 10.38893 -6.396623 65 67 72
-14.27187 10.2993 -6.434988 63 63 66
0.09232796 -0.2947098 0.3781453 104 100 98
-14.52224 9.196609 -5.468826 91 88 86
-0.4420706 -0.1789731 0.06950096 98 100 105
-1.13412 0.4556558 -0.5217276 93 93 96
-1.796917 0.9396909 -1.013573 105 105 105
-4.342645 1.294192 -2.630082 150 130 128
1.804983 3.20799 2.112191 151 146 140
-0.4392208 3.719977 3.304096 188 185 179
0.4598157 3.250574 2.501435 162 172 170
-0.602317 3.936832 2.915602 177 176 173
-0.9583485 3.87808 3.038469 191 186 181
1.904606 0.8399225 1.468953 116 107 90
0.8389114 -0.1450475 1.972762 185 181 175
0.6983055 2.600467 1.186297 130 132 122
1.52419 2.365206 0.8181635 103 99 77
0.2366448 3.088271 1.228064 126 126 114
0.6367401 0.8904182 1.548934 130 134 133
0.7570841 1.364386 1.369885 116 112 96
0.3231893 1.165581 1.519057 148 154 152
0.9820688 3.313621 0.6118501 115 114 93
0.3108354 1.166743 1.509293 139 146 144
1.320908 1.456459 0.9278995 116 112 94
1.351032 2.133581 0.6834238 109 101 80
0.6858149 1.310438 1.236452 156 160 153
1.198958 1.436854 0.9419516 133 122 97
1.302179 1.43524 0.8721989 138 135 120
0.7736917 1.501668 1.096426 125 127 114
0.8875186 1.06392 1.154365 142 146 135
0.3648648 1.198726 1.358168 182 190 191
-0.6904897 3.01873 1.273861 95 97 90
1.088043 2.120409 0.7090114 133 128 112
1.099973 1.230592 0.9653645 122 116 97
1.082533 1.197999 0.9749333 121 119 100
1.362212 1.432069 0.7614432 139 134 117
0.8099529 1.025073 1.146772 164 162 150
0.8172082 1.024014 1.141794 62 62 49
0.9644464 1.069322 1.056623 134 127 107
1.15511 1.308326 0.8913256 109 99 72
0.8605071 1.006889 1.120519 139 136 121
1.369245 1.437272 0.7401546 119 113 91
1.158404 1.314386 0.8716848 113 107 88
0.9903573 1.094576 1.022331 140 137 118
0.1469183 1.037784 1.42591 166 167 161
0.3251125 0.9097356 1.381245 147 144 135
0.3316018 0.913368 1.376086 180 182 173
1.211634 1.363251 0.8104375 140 136 122
0.8434393 0.9944949 1.090411 151 149 135
0.1205403 1.029294 1.401852 154 156 147
1.154505 1.575523 0.7408793 132 129 116
1.346164 1.41312 0.6933112 114 108 86
1.108062 3.843084 -0.04565353 106 99 80
1.24572 1.356181 0.7523448 105 102 85
1.447369 1.511557 0.6031753 123 119 101
1.123754 1.279119 0.8293243 134 124 101
0.9351523 1.102083 0.9732263 109 98 66
0.2522551 0.9173067 1.346599 192 190 176
0.5465552 4.692219 -0.1420853 126 124 109
0.6576278 0.9364213 1.140523 128 122 101
0.293063 1.284554 1.182189 108 98 76
0.4597929 0.8126228 1.252163 123 118 102
0.9898385 1.092953 0.8836378 130 130 125
0.3811735 0.7953396 1.26622 182 181 168
0.389054 0.7955129 1.263483 137 138 126
0.389054 0.7955129 1.263483 137 138 126
1.282949 1.453895 0.6014457 112 96 56
0.3819505 0.7957076 1.248598 195 195 188
0.3819505 0.7957076 1.248598 195 195 188
0.5155522 0.8682506 1.136534 122 126 119
0.1130589 0.8310468 1.326804 159 163 154
0.1306925 0.8212547 1.31171 182 189 179
0.3448322 0.7858559 1.193341 179 179 170
0.8799841 0.9375266 0.8862359 153 151 139
0.7188672 2.939151 0.1301196 122 115 90
0.7742994 0.6977867 1.009326 130 134 128
0.7977207 0.8727569 0.926506 160 165 156
-2.152997 4.29116 0.7883646 161 159 145
0.9855349 0.655974 0.9109664 135 133 116
1.263407 0.1879189 0.9727794 131 127 109
1.423237 -0.1598173 1.04995 111 108 89
0.3368458 0.755617 1.136806 166 169 159
1.117494 0.9952707 0.6562181 119 116 91
0.7465604 0.8032678 0.8884841 137 137 128
-0.412235 1.5616 1.033646 150 149 137
0.2077845 0.7090968 1.118373 148 148 139
1.090849 0.9628888 0.6078048 111 108 86
1.097137 0.9656249 0.5997123 131 128 105
0.02813489 0.7053609 1.152333 150 153 150
0.5746962 0.7074382 0.9115343 202 207 202
0.289369 0.6632073 1.049589 178 182 174
0.29758 0.6603343 1.044652 200 204 194
0.07391944 0.7125883 1.114961 156 153 140
0.321812 0.6581045 1.032701 166 168 155
0.3222933 0.6481082 1.013279 128 126 106
1.009472 0.8959106 0.5912473 141 134 114
0.1071614 0.7009819 1.071508 193 189 172
0.9122551 0.8517429 0.6413563 176 176 162
0.2827912 0.6336338 0.9936276 131 133 122
0.6681755 0.69183 0.7825517 151 152 141
0.2040479 0.6243287 1.012128 148 144 138
0.6096835 0.6795362 0.8101468 193 195 184
0.4946124 0.6900102 0.843072 92 89 74
0.3591143 0.6340803 0.9190832 183 188 180
0.8462178 0.7881228 0.6327826 155 153 139
0.2452891 0.6195409 0.9615012 187 183 170
0.05434709 0.6451002 1.029399 153 155 146
0.2704321 0.6200858 0.947136 99 81 64
-0.1635307 1.709833 0.5558167 97 91 75
0.05430733 0.6418944 1.021586 147 150 138
0.8858117 0.8092814 0.5698372 140 139 124
0.6894896 0.6842965 0.7160667 139 135 121
0.1302756 0.6333169 0.9768489 168 170 163
0.4550872 0.6525531 0.8234897 123 119 100
0.3891416 0.61725 0.8617552 177 181 173
0.001422652 3.112185 -0.3280898 163 161 145
0.2244453 0.6153573 0.9243025 189 188 176
0.2244453 0.6153573 0.9243025 189 188 176
0.4244267 0.6170074 0.8414141 174 176 172
0.2018872 0.6147645 0.9292559 191 188 173
0.9698419 0.5924668 0.6182593 160 159 142
0.8269086 0.7748826 0.5740387 115 108 88
0.2975484 0.6392248 0.8613127 184 181 164
0.3188446 0.6304252 0.8571151 210 210 199
-0.06406395 1.586617 0.4881766 156 154 142
0.9024002 0.8326912 0.4612156 123 113 86
0.9891338 0.9380695 0.3644867 113 107 90
0.2069324 0.6070849 0.8724439 184 183 169
-1.079048 3.341046 -0.1574912 150 151 143
0.4782003 0.6119062 0.7344097 155 157 147
-0.006993318 0.6579929 0.9051721 169 169 159
0.818101 0.5905449 0.5874228 112 88 63
0.8094413 0.766468 0.4821768 144 137 117
0.8018587 0.7620889 0.4838976 116 110 89
0.5430076 0.6396613 0.6577622 147 144 129
0.1734355 1.043642 0.5698401 174 173 157
0.1266643 0.6068721 0.843044 175 174 161
0.1098455 0.6153559 0.839253 199 197 178
0.593659 0.2035662 0.8752038 179 179 167
0.1540857 0.5977545 0.8180826 185 183 171
0.2996604 0.5748706 0.7494777 168 171 168
0.5816985 0.6450495 0.5846274 162 160 144
0.9267447 0.8858025 0.2931146 114 103 74
0.713739 0.6803207 0.4935309 139 128 98
0.1964998 0.5668934 0.7699078 209 209 198
0.9494219 0.9419612 0.2371811 117 108 79
0.8827937 0.8294791 0.3259366 128 118 95
0.3416575 0.566447 0.7031782 171 175 170
0.4189453 0.5914249 0.6543043 145 141 125
0.07693731 0.582435 0.7880493 205 209 206
0.188339 0.5618957 0.7519071 206 204 190
0.1691323 0.5643069 0.7463219 219 224 219
0.6999514 0.6804222 0.4592739 128 121 98
0.854389 0.8072399 0.320219 144 135 112
0.7725626 0.7473894 0.3820321 179 175 164
0.09183136 2.62856 -0.5417301 177 171 150
0.5870246 0.6442695 0.5100464 188 185 173
0.5870246 0.6442695 0.5100464 188 185 173
0.7881553 0.7524133 0.3486659 151 147 128
0.7787796 0.746984 0.3447184 122 116 95
0.4725368 0.5983049 0.5546574 192 189 176
0.8826493 0.8907557 0.2102 122 112 83
0.7262324 0.7225356 0.3666784 186 184 172
0.1965372 0.5403282 0.6942735 140 140 131
0.7541893 0.7317164 0.3486539 162 159 145
0.5478687 0.6193695 0.5008569 170 168 158
0.06004714 0.5601617 0.7296516 203 201 191
0.8065338 0.757609 0.2958653 149 147 135
0.1486077 0.5519339 0.6861687 188 186 170
0.3503109 0.5644312 0.5991648 167 165 151
0.6583443 0.6788209 0.3966168 144 134 109
0.6593838 0.6787104 0.3967715 144 134 109
0.7930697 0.7475513 0.299703 155 153 141
-0.02530841 0.5475198 0.7460171 217 216 207
0.4345769 0.5798563 0.5387136 171 168 155
0.8354092 1.082713 0.03696506 113 104 75
0.1313888 0.5573691 0.6598718 180 175 157
0.1953495 0.5288615 0.6514565 194 196 187
0.4400332 0.5790679 0.5150911 165 164 150
0.13613 0.5554481 0.6449963 176 171 155
0.147848 0.5564731 0.6364317 133 129 112
0.8879507 1.0495 0.01526039 129 125 108
0.668912 0.6803041 0.3216596 139 135 125
0.668912 0.6803041 0.3216596 139 135 125
0.6472507 0.6718113 0.3165475 151 149 135
-0.2882424 0.8452968 0.5606959 234 237 231
0.5054469 0.6202356 0.4050217 125 119 93
0.6060508 0.6605679 0.3190585 199 197 188
0.3483472 0.5577593 0.4770442 161 161 149
0.2388835 0.5238444 0.5369291 155 152 143
0.7712461 0.8443031 0.104602 123 111 79
0.4997416 0.6400403 0.3391489 103 95 76
0.3761764 0.5576643 0.4439846 152 150 136
0.4245385 0.5789411 0.4113296 130 126 110
0.622704 0.6726626 0.2644749 136 129 109
0.4677594 0.6123871 0.3567286 153 144 121
0.6070859 0.6726674 0.258435 138 134 111
-1.076541 1.575351 0.2701807 198 201 194
0.4185457 0.5793737 0.391744 157 154 136
0.7691416 0.8491755 0.06515715 152 140 117
0.5449996 0.6533634 0.2764252 157 153 140
-1.171232 2.206239 -0.1673311 122 118 102
0.490471 0.6378415 0.2960108 146 141 122
0.7124202 -0.1791893 0.7930333 165 161 148
0.4819546 0.6375718 0.2849346 144 139 121
-0.2469945 0.5935665 0.5800793 165 169 159
0.332594 0.5534105 0.378571 171 171 159
0.7124084 0.8393556 0.0254737 155 151 132
-0.03620838 0.3427423 0.6619493 148 150 138
-0.06841537 1.036392 0.1541692 133 128 113
-10.197 10.99625 -3.425639 70 65 63
0.6148052 0.7390136 0.06854583 149 145 128
0.343437 0.5937347 0.2517014 146 141 123
0.2824358 0.5561287 0.2994168 142 137 122
0.1703791 0.4904485 0.366178 130 130 118
0.2848093 0.5658786 0.2613554 119 112 92
0.2887662 0.570401 0.2509905 131 127 109
0.3853154 0.6423369 0.1355255 124 118 98
-1.205912 3.031506 -1.147389 115 110 90
0.469 0.6735962 0.06979158 136 125 97
-0.05886652 1.445057 -0.3440028 141 132 108
0.3816979 0.6995992 0.00854615 117 109 84
-0.4934266 1.220549 -0.109364 168 168 158
-0.0005746874 0.4893219 0.2638436 164 162 146
0.2449652 0.3287335 0.3050461 108 106 91
0.2734776 0.6349597 0.02787465 107 95 69
0.0271397 0.4926341 0.2282202 171 168 153
0.3063342 0.7393565 -0.1176149 126 114 87
-0.165084 0.9350843 -0.115402 197 199 183
0.2473859 0.7410935 -0.1399988 123 113 88
0.9251588 -0.2734795 0.481454 129 122 99
-0.002905424 0.4600432 0.1643468 172 166 145
0.06803238 0.6763689 -0.09192561 116 107 80
-0.6390174 1.445661 -0.5251552 216 217 207
0.27977 -0.4038507 0.5731167 102 96 92
-14.48087 9.98489 -5.297593 47 48 49
-14.2329 9.606386 -5.369457 71 71 75
-1.248618 0.8390574 -0.6925461 101 96 93
0.7393096 3.854735 2.941428 161 158 149
1.611431 3.812004 2.964789 147 138 123
1.713576 3.758899 3.060586 139 130 114
0.6138967 3.869877 2.921885 146 142 130
1.413754 3.831751 2.942639 163 158 144
1.155688 4.008828 2.585176 74 70 58
0.8810192 3.776077 3.091525 118 114 98
0.7125348 3.847249 2.958031 110 105 89
1.354918 3.795136 3.006145 118 111 89
1.19079 3.926303 2.755076 136 130 114
1.319602 3.60809 3.413889 154 144 131
1.521705 3.67681 3.244816 162 155 138
1.385533 3.684517 3.250665 157 149 135
1.62589 3.986065 2.59472 168 166 162
1.199087 3.964368 2.675162 166 167 162
-1.667527 5.545411 -0.4175536 158 149 136
-2.33919 5.97511 -1.194089 189 184 174
0.8339624 0.9107172 0.9262894 120 118 106
0.9026214 1.100244 -0.01080197 93 88 72
0.864197 0.8116205 0.4700755 104 94 69
0.3007627 0.5112792 0.2483065 85 75 48
1.631959 5.045816 0.3760313 142 133 118
1.306288 3.850797 2.894471 172 171 165
1.41992 3.045697 2.066113 164 164 162
0.05365798 5.416538 -0.2540955 130 121 104
0.05365798 5.416538 -0.2540955 130 121 104
1.570737 1.678031 0.6592667 129 130 123
1.49364 1.698477 0.4093579 83 76 58
1.308323 1.609199 0.3471288 96 87 65
-1.187183 3.498626 3.906032 180 177 171
0.6256287 1.790832 -0.3313686 183 177 167
0.5476005 0.9666998 1.223575 176 176 168
0.8522711 0.7939412 0.4127808 156 156 144
0.5254034 0.7782286 -0.5970836 65 62 58
1.225994 5.235149 -0.008431218 140 129 110
1.289845 3.852359 2.914277 171 171 165
1.289845 3.852359 2.914277 171 171 165
0.3221343 3.552826 3.597605 180 177 170
-0.2932987 5.410494 -0.2015639 145 138 122
-0.4019629 3.722615 3.315978 178 175 168
-0.4996459 3.793909 3.180664 169 165 159
-1.030776 5.336774 0.03360999 179 173 163
-2.247734 3.407238 4.1261 205 205 203
0.6143039 0.9106956 1.085323 173 177 171
0.7747029 0.8234897 0.8836519 131 131 119
0.8589308 0.793895 0.5164685 172 172 161
0.869202 0.8307701 0.2183841 96 88 67
0.5497175 0.6105311 0.463165 118 111 91
0.2516429 0.5086961 0.4910666 160 160 149
1.543246 3.806044 2.965865 144 136 124
2.102384 3.015981 0.09069242 131 123 103
0.9474722 5.517458 -0.5362099 162 152 141
1.081183 1.168766 0.3550059 90 79 50
1.040465 0.9809513 0.4076889 117 113 96
1.040465 0.9809513 0.4076889 117 113 96
0.9208201 0.8437212 0.6291392 163 165 153
0.9668004 0.9130701 0.290494 90 80 56
-3.989733 3.446584 4.282885 207 203 198
0.7919467 0.6820675 0.5674187 86 64 41
0.7050204 0.8228172 0.02239178 128 122 103
0.4530736 0.5854537 0.4078551 155 155 144
0.3255436 0.5701763 0.2890142 137 135 121
1.72772 3.880004 2.786753 155 150 144
1.600905 3.893822 2.780999 172 169 163
1.600905 3.893822 2.780999 172 169 163
1.484614 5.372503 -0.3187985 157 151 135
1.439456 5.34724 -0.2617319 150 141 126
1.422669 5.10654 0.2410155 136 128 108
1.089595 3.422262 3.804973 186 184 179
0.8379011 4.60021 1.358707 72 60 40
0.5768763 4.074844 2.504442 150 156 146
0.5112758 5.022895 0.4943083 99 91 71
0.5112758 5.022895 0.4943083 99 91 71
0.2808337 5.591642 -0.6474416 155 146 129
0.9222898 2.988984 2.06688 155 159 147
0.1077316 5.166364 0.2683931 116 107 91
-0.1314273 4.084205 2.518036 161 168 166
1.541951 1.690787 0.8210726 78 70 50
1.405186 1.485514 0.6456081 103 98 82
0.9836972 2.030594 0.004224624 72 63 43
1.222327 1.405108 0.6065179 135 131 112
-1.788378 5.794229 -0.8749269 151 144 130
1.19107 1.461431 0.3667749 76 66 39
1.141811 1.300652 0.5077899 81 75 49
1.025301 1.542104 0.04065287 82 74 53
-2.746398 6.216672 -1.614805 172 166 156
1.053892 1.353881 0.140595 78 70 49
1.082053 1.113803 0.3779035 83 77 55
0.9081903 1.453441 -0.1053706 80 71 47
1.065966 1.058129 0.3696315 82 74 50
0.8585612 0.9853083 -0.02159177 62 54 33
0.7782055 0.2542235 -0.1330686 127 121 102
1.712902 3.761873 3.062286 148 143 132
1.701068 3.673336 3.230673 145 139 126
1.606919 5.31886 -0.215225 150 141 124
1.53509 3.999771 2.586726 164 163 157
1.450176 3.772118 3.043171 164 160 152
1.319585 5.10663 0.2562358 124 112 94
1.374546 3.775647 3.05429 159 156 147
1.226451 5.061824 0.3654972 135 127 107
1.125016 5.120614 0.2399128 115 104 84
1.497817 3.168361 1.969986 105 102 83
1.081816 3.682166 3.267083 159 158 152
0.9372478 3.743636 3.143399 137 137 127
0.9372478 3.743636 3.143399 137 137 127
0.9134715 3.366985 3.939184 187 183 177
0.7921095 3.468691 3.746853 191 191 186
1.353116 3.101185 1.295444 70 63 41
0.7888631 3.369959 3.945707 180 179 175
0.7385675 3.858568 2.942848 174 173 169
0.7500964 3.360656 3.973393 192 190 188
0.3517872 5.334445 -0.1141534 131 123 104
0.3517872 5.334445 -0.1141534 131 123 104
0.402874 3.722001 3.256435 174 174 169
1.154788 3.071445 0.8976296 69 62 35
0.2450876 5.328663 -0.07999139 122 114 93
0.9296634 3.00214 2.106827 200 206 207
0.237019 5.242465 0.08544125 129 118 101
0.1883799 5.077585 0.4253434 115 107 90
0.1515906 5.545181 -0.5032883 157 149 133
0.1515906 5.545181 -0.5032883 157 149 133
0.04935988 5.175097 0.2625753 143 134 118
-0.170162 5.223024 0.1630113 133 123 104
-0.2348385 4.78747 1.070729 66 59 39
1.506745 1.701476 0.3951475 91 88 73
1.391427 1.478938 0.5191707 125 123 109
-1.292964 5.404819 -0.1632689 169 165 153
0.9568171 1.982452 -0.009423664 79 72 47
0.9457336 1.991021 -0.0299959 93 87 65
-1.806381 3.743436 3.484444 210 211 207
1.139971 1.488877 0.2863239 91 81 57
1.039326 1.606406 0.0371564 92 88 69
1.032753 1.148424 0.9889597 103 97 75
1.083245 1.393769 0.1944007 87 78 53
1.075302 1.37139 0.2374257 66 57 36
1.06821 1.129175 0.3398052 80 67 40
1.070177 1.107068 0.2944047 109 107 92
0.9976012 1.298213 0.007929412 74 56 30
0.9976012 1.298213 0.007929412 74 56 30
1.084304 0.9666073 0.5310799 74 67 40
0.3839048 0.6944887 1.038039 175 181 172
0.3839048 0.6944887 1.038039 175 181 172
0.5694277 0.6582302 0.6925208 149 146 131
0.5753214 0.6419562 0.6124449 181 181 173
1.670349 4.44822 1.592851 113 106 90
1.624864 5.363456 -0.3215426 154 143 126
1.639004 4.536678 1.402808 114 105 92
1.664568 3.68848 3.211934 152 146 136
1.580357 5.304475 -0.1978352 146 137 120
1.575961 5.217399 0.006140227 130 119 103
1.623757 3.573808 3.463092 149 143 131
1.555684 3.74935 3.07937 165 160 146
1.497663 4.396253 1.712073 115 107 95
1.499299 3.878438 2.82505 155 152 145
1.518027 3.546054 3.512888 159 154 148
1.396109 5.119032 0.214401 120 108 86
1.382431 4.903437 0.6718318 112 104 85
1.423074 3.778653 3.045078 157 152 143
1.439487 3.474879 3.665545 177 174 168
1.383029 3.79624 2.993593 175 174 167
1.383479 3.737643 3.1351 173 170 164
1.341145 3.990352 2.595912 143 143 135
1.256477 5.058032 0.3527133 108 97 77
1.3089 3.837664 2.925202 172 171 165
1.289133 3.754383 3.095006 169 168 161
1.176533 5.007979 0.4721695 100 90 70
1.144942 5.14516 0.1856813 119 108 89
1.138927 5.04389 0.3993116 111 103 83
1.165588 3.704438 3.215562 158 155 148
1.039708 3.830057 2.957554 154 153 147
0.8711382 5.090763 0.3209997 122 111 91
1.429842 2.986754 1.461799 82 78 57
0.7285897 5.506983 -0.516983 151 143 125
0.6537629 5.053618 0.4510676 96 88 69
0.6419894 5.306908 -0.09467241 132 124 104
0.502113 5.555326 -0.5940776 137 126 107
0.5061722 5.035475 0.4610539 130 121 104
0.4821485 5.22845 0.08121146 127 117 100
0.2267817 5.306726 -0.05036793 124 116 95
0.1990044 5.363187 -0.1607985 130 120 100
-0.003804686 5.08885 0.4097215 117 110 92
1.591107 1.778774 0.6685728 57 53 34
-0.1632905 4.727628 0.8253698 79 68 43
1.514345 1.604355 0.7089869 106 105 93
1.009669 1.619409 -0.01353095 102 95 75
1.099966 1.40996 0.2219018 91 80 53
1.037961 1.169682 0.8784167 153 153 141
1.072816 1.374305 0.1085737 69 59 35
-0.9370291 3.415519 0.3545485 110 104 82
0.9344298 1.057609 1.061967 121 118 99
0.9373135 1.040636 1.077081 95 90 69
1.026984 1.336542 0.02650112 78 63 40
1.079024 1.111107 0.3529536 93 86 60
1.079024 1.111107 0.3529536 93 86 60
0.9190319 0.9754632 0.9069713 96 92 78
1.062004 1.067504 0.3515695 100 92 69
0.883927 1.374172 -0.1080841 99 95 74
0.6750689 0.9579676 1.118344 164 162 153
0.5263792 0.8846717 1.228773 87 78 56
0.7810603 0.8075196 0.7996311 142 139 124
0.6673758 0.7790542 0.978367 191 196 193
0.8805533 0.9801852 0.04810607 113 106 88
0.854178 0.9636198 0.0004828533 108 102 79
0.8306702 0.76186 0.2906772 144 143 131
0.4170107 0.7073609 1.035445 117 119 103
0.4703968 0.6922122 0.8990737 61 57 40
0.4703968 0.6922122 0.8990737 61 57 40
0.7026478 0.708572 0.3645464 171 171 161
0.6648038 0.7708125 0.04142493 115 110 94
0.5130315 0.6183583 0.36244 145 139 120
1.778291 3.646565 3.263767 143 138 124
1.756534 3.91883 2.715596 165 159 155
1.762958 3.807001 2.931259 168 163 157
1.683691 4.820915 0.8182836 94 83 64
1.683235 4.705643 1.046861 116 108 92
1.736941 3.729068 3.117456 150 144 134
1.659399 4.701661 1.065523 100 90 76
1.634607 5.037101 0.3801779 143 134 119
1.692981 3.887536 2.78675 122 118 98
1.613539 5.328127 -0.2439415 120 109 89
1.681354 3.742389 3.096308 168 165 158
1.616204 4.617908 1.236996 99 90 73
1.585753 5.234542 -0.04082007 130 118 98
1.586859 4.944133 0.5671937 106 95 74
1.649991 3.650102 3.273123 165 160 153
1.56774 4.954574 0.5565881 130 120 103
1.622969 3.933886 2.699776 140 136 123
1.620523 3.911324 2.740056 128 124 111
1.619975 3.91406 2.741877 128 124 111
2.359646 1.617144 1.918092 166 161 156
1.562709 4.692377 1.10318 100 88 72
1.523698 5.164491 0.1067843 124 112 92
1.606935 3.632299 3.339188 146 141 132
1.534896 4.715073 1.052388 91 81 64
1.537446 4.715021 1.054443 91 81 64
1.515425 5.017136 0.4145 128 120 102
1.558237 4.043395 2.462188 106 108 98
1.506849 4.879886 0.7025834 112 102 82
1.579185 3.610098 3.369403 113 107 88
1.492547 5.023057 0.4132695 89 81 61
1.475006 5.187276 0.07361694 114 103 84
1.462826 5.097365 0.2577678 110 100 77
1.450633 5.083776 0.2880287 94 83 63
1.459921 4.840027 0.7916411 105 93 74
1.518662 3.716086 3.166382 150 145 133
1.396037 4.950805 0.5673482 93 84 64
1.396037 4.950805 0.5673482 93 84 64
1.454195 3.688756 3.238587 159 153 147
1.442815 3.815779 2.955275 156 153 146
1.359852 5.292842 -0.1316865 117 106 88
1.439033 3.754888 3.087501 155 153 145
1.437061 3.610893 3.388976 118 113 98
1.403326 3.853287 2.895692 171 171 162
1.408047 3.689486 3.226559 133 129 116
1.387257 3.694659 3.228312 170 165 159
1.354317 3.739138 3.138242 118 118 109
1.257309 5.110069 0.258685 112 103 81
1.330559 3.802423 2.981695 140 140 130
1.295197 3.894898 2.815413 161 159 152
1.235466 5.034021 0.4057477 95 84 64
1.320137 3.441027 3.755528 173 169 163
1.309632 3.555566 3.517516 183 179 177
1.198449 5.290468 -0.1332055 127 116 96
1.278654 3.700724 3.209455 171 171 165
1.215786 4.692083 1.127733 100 92 72
1.265806 3.699126 3.229647 173 172 166
1.239164 3.532319 3.578674 171 168 162
1.181729 3.617928 3.393033 169 166 160
0.9758127 5.186935 0.1125605 116 105 85
0.9262843 5.064104 0.3806406 119 109 91
0.7405711 5.349572 -0.1922157 132 124 102
0.5737292 5.318176 -0.1181203 119 110 93
0.0972781 4.560604 1.510988 73 69 48
0.03680994 3.752392 3.205973 166 163 156
-0.03326948 4.296935 2.060266 83 79 63
-0.1151613 4.247785 2.164895 85 82 63
1.627073 1.727705 0.5496886 87 83 61
1.521708 1.642884 0.4758439 91 87 66
1.493161 1.668302 0.4131346 96 89 70
1.473145 1.544374 0.649925 130 128 114
1.396341 1.45449 0.6984878 95 92 73
1.334412 1.680409 0.3197543 98 88 60
1.347179 1.436795 0.7911483 143 144 129
1.230824 1.45219 0.9630864 160 163 152
1.183739 1.405222 1.026294 91 87 68
1.281109 1.540901 0.3479327 47 31 13
1.225384 1.43973 0.4380129 99 91 68
2.137928 0.2746536 0.4285599 133 133 119
1.202331 1.39509 0.5403491 87 81 57
1.105388 1.655784 0.1766686 86 76 50
1.098968 1.58541 0.1447045 92 88 69
1.104561 1.244594 0.9227214 123 119 106
1.133092 1.485126 0.2339427 75 67 46
1.140922 1.34881 0.4698497 93 85 59
1.079553 1.202085 0.9355542 102 98 79
1.121359 1.29431 0.4236596 97 93 72
1.112678 1.336467 0.290866 93 90 70
1.124721 1.235087 0.4917806 75 69 42
1.115703 1.218615 0.5229748 98 94 74
1.102028 1.318215 0.2161692 73 62 42
1.075157 1.382924 0.09610397 85 78 60
1.009996 1.306737 0.07321702 59 47 23
1.110775 0.9895358 0.5626875 91 85 63
1.06517 1.100967 0.2924868 115 113 98
0.9005964 0.9637427 0.9046497 161 161 151
0.8804145 0.9502729 0.9196216 173 175 168
1.05249 1.066821 0.2083307 122 121 103
0.8132439 0.8751627 0.9393699 179 185 176
0.9819187 0.9498687 0.2549469 98 90 68
0.4498228 0.8066567 1.122553 149 151 142
0.7426907 0.6578032 0.5657309 123 120 101
0.3518367 0.667104 1.044343 176 178 169
0.3212344 0.6392026 0.9762071 126 123 107
0.4548153 0.5859476 0.3971785 162 161 149
0.3150581 0.3541533 0.2406396 83 72 52
1.74 3.914065 2.716456 111 107 94
1.738423 3.919252 2.719393 111 107 94
1.68248 4.892788 0.6665418 97 88 70
1.747012 3.71663 3.14289 167 166 161
1.72843 3.90592 2.754088 128 124 112
1.657544 4.994566 0.4547119 135 126 112
1.702115 3.94692 2.674502 132 129 119
1.714136 3.653931 3.283862 147 142 129
1.64804 4.755999 0.9490117 101 93 73
1.648213 4.758109 0.948015 101 93 73
1.643116 4.798778 0.8692436 92 80 60
1.709718 3.614641 3.368847 141 138 122
1.627877 4.82544 0.8185701 106 95 76
1.617925 4.999949 0.4495488 99 91 71
1.697836 3.616977 3.337641 155 155 147
1.638689 4.467578 1.559752 113 107 91
1.658074 3.723074 3.138888 147 143 129
1.654325 3.669561 3.242647 150 145 133
1.562168 5.268284 -0.1063569 121 108 89
1.550412 5.17465 0.09174078 121 111 90
1.552695 4.954685 0.5475045 104 93 74
1.599097 3.832257 2.914242 136 128 114
1.567461 3.787526 3.011872 147 143 130
1.484629 4.942496 0.572535 103 95 74
1.520639 3.730889 3.134368 144 139 127
1.446797 5.014462 0.4272518 87 79 55
1.521741 3.698254 3.19544 136 133 121
1.436701 4.653094 1.196361 92 84 65
1.405352 5.344401 -0.2626371 113 105 83
1.475647 3.848679 2.88715 166 163 156
1.479322 3.744545 3.10054 168 164 156
1.470065 3.841463 2.906318 145 143 134
1.479791 3.656118 3.288756 124 120 112
1.350757 5.312381 -0.1861466 115 104 84
1.387064 3.841616 2.905371 130 130 120
1.383136 3.606453 3.400786 164 161 154
1.254647 5.242258 -0.03428919 121 112 93
1.338168 3.743511 3.116411 146 144 135
1.337873 3.599743 3.422541 127 124 115
1.180147 5.45623 -0.4614823 127 119 97
1.258636 3.883138 2.840417 157 157 151
1.262326 3.852739 2.887177 150 149 143
1.166819 5.444351 -0.4396812 142 130 112
1.258419 3.671644 3.266596 148 148 140
1.126587 4.6871 1.158795 82 71 48
1.835905 1.94968 2.788212 124 121 106
0.9011226 5.509449 -0.5476086 103 96 71
0.7250283 3.395054 3.887764 142 142 135
0.6361446 3.607632 3.481217 186 185 181
1.110586 2.795504 0.7555673 71 64 41
-0.1598277 4.241091 2.198005 108 107 89
-0.2041818 4.24577 2.209277 95 94 78
0.3773519 3.099772 2.208819 159 161 151
-0.3563404 4.858833 0.9635276 67 59 38
1.532436 1.599445 0.5426849 86 80 58
1.473144 1.538112 0.864943 117 111 93
1.478906 1.649015 0.4030794 87 81 60
1.439367 1.533954 0.7708158 116 111 97
1.486002 1.544327 0.561801 121 119 103
1.324383 1.408657 0.7454979 119 117 102
1.176597 1.432135 0.964004 126 119 98
1.156778 1.335029 0.9550638 98 96 76
1.194605 1.345619 0.7885759 48 45 29
1.108669 1.698846 0.1661788 78 68 43
1.158651 1.318979 0.8408151 134 132 118
1.14638 1.336161 0.5806935 101 93 70
1.130628 1.239834 0.6468922 91 84 64
1.037172 1.157453 1.022116 103 100 86
1.037172 1.157453 1.022116 103 100 86
1.145149 1.126116 0.712378 91 85 65
1.10454 1.253906 0.4099919 102 94 72
0.9381684 1.066889 1.049807 129 125 107
1.099264 1.129366 0.3974805 102 97 81
0.9164525 1.070812 0.9533095 118 112 90
1.095973 0.975305 0.6184098 117 115 93
1.07964 1.131155 0.278554 95 87 63
0.5458488 1.155602 1.462789 152 157 148
0.8841693 1.009228 1.000796 129 130 116
0.5908926 1.125576 1.371181 118 118 108
1.076625 0.9537378 0.6071572 156 157 141
0.5842314 1.083926 1.350426 120 120 108
1.019242 0.9063998 0.5967249 137 134 115
0.854389 0.9115924 0.8962868 108 105 93
1.036331 1.043344 0.1864673 112 110 91
0.5389476 0.9998802 1.318916 125 122 106
0.8528122 0.8831891 0.8507444 141 143 133
0.9381145 0.819276 0.7928953 145 145 135
0.8747179 0.8498461 0.742314 123 123 111
0.9396828 0.931434 0.2074848 118 108 85
0.6864384 0.811155 0.9561439 147 148 139
0.4633469 0.8231533 1.190079 152 147 132
0.7891237 0.7325444 0.7476066 132 129 115
0.8559404 0.7892084 0.3316732 81 71 51
0.4990154 0.7583647 0.9755551 133 130 115
0.7569347 0.7331394 0.3681881 177 177 168
0.1420275 0.3927519 0.5508322 125 125 113
0.3187056 0.3845753 0.2470728 105 103 93
0.3146764 0.3486601 0.2505434 116 113 102
0.5459463 0.386605 -0.1091652 105 97 80
1.763857 3.641429 3.301653 123 119 104
1.732257 3.866652 2.81469 118 114 101
1.631307 4.015154 2.525941 133 129 121
1.612152 3.5712 3.477257 169 165 157
1.506276 4.865422 0.7336254 105 96 76
1.498016 4.952442 0.5699241 129 121 105
1.544628 3.648568 3.298289 154 150 141
1.465544 3.690103 3.220792 143 139 129
2.157984 1.739753 2.517187 195 191 188
1.396051 3.757431 3.082165 155 151 144
1.319323 3.617759 3.368411 153 152 145
1.298444 3.62376 3.399829 166 163 157
1.284226 3.687615 3.225367 156 156 149
0.9483148 3.497529 3.683451 171 170 166
0.3812517 5.967258 -0.4864939 128 119 99
-0.1850114 4.386685 1.900175 89 85 66
1.555241 1.655059 0.90289 91 87 69
-0.3351931 4.453983 1.759956 97 96 81
1.541974 1.612202 0.89652 129 128 113
-0.4827509 4.822439 1.0381 74 67 48
1.455377 1.565735 0.7336993 74 67 48
1.430022 1.511571 0.8242569 90 85 69
1.336908 1.408717 0.6966121 148 150 137
1.085613 1.326014 1.120651 151 152 143
0.7128084 1.559646 1.5047 167 174 169
1.133431 1.254942 0.6507786 15 9 1
1.110651 1.421101 0.2740081 79 74 53
1.149409 1.11552 0.7384194 126 123 108
1.006481 1.112647 1.088421 143 139 123
1.099852 1.233203 0.3989288 86 76 48
0.9170376 1.029705 1.092442 142 144 131
0.8799416 1.005119 1.094736 171 172 159
0.9041689 1.024795 0.9793521 78 79 63
0.5825255 1.12305 1.383737 100 101 86
0.8638721 0.9886033 1.025654 152 153 145
1.006424 0.9392135 0.7211292 122 121 108
0.5719728 1.079343 1.376376 127 129 119
0.8445967 0.9430155 1.005463 98 96 81
1.046654 1.012169 0.299332 110 110 97
0.896527 1.050167 0.02155675 28 22 5
0.9228892 0.8444614 0.3991194 141 141 128
0.5961137 0.8345057 1.039353 176 180 175
-0.3476956 1.33685 1.266522 180 182 170
0.4940615 0.7767832 1.00701 94 89 74
0.4512622 0.6303603 0.8442639 162 164 154
0.6470481 0.6550719 0.4210414 148 145 129
0.7007437 0.4592652 0.7785839 152 149 138
0.7209247 0.6874623 -0.9561233 49 48 47
-1.119487 0.5089992 -1.778759 134 157 80
0.7844297 3.64311 3.382141 61 58 42
-1.847725 4.101256 2.627658 176 172 166
-2.946074 3.830512 3.567607 199 199 197
1.177084 4.038418 2.520838 86 84 70
1.086895 3.620058 3.406718 168 166 156
1.361171 3.851195 2.899985 160 157 147
1.631953 4.613206 1.250389 123 114 98
1.476384 4.741569 0.9946973 115 107 89
0.3791595 5.116833 0.3034266 76 69 58
1.369231 4.554452 1.396378 99 89 68
0.9387943 4.495692 1.584135 55 45 30
1.632273 3.980658 2.589191 169 168 167
1.619438 3.554674 3.524467 162 160 154
1.154924 4.239694 1.711038 69 57 37
0.7618333 4.894747 0.7558323 110 101 87
1.481926 3.252672 1.584807 88 82 61
1.479812 3.186376 1.648998 120 120 108
1.333854 2.975896 1.352914 94 91 76
1.333854 2.975896 1.352914 94 91 76
-0.5654995 3.506361 3.789524 196 199 198
-1.603714 5.691473 -0.6098803 163 157 151
-1.603714 5.691473 -0.6098803 163 157 151
-2.245186 4.638019 1.690639 133 138 131
1.294695 2.355974 0.9072288 114 115 103
1.195113 2.271821 1.080954 37 32 16
-3.498059 4.00448 3.368306 186 182 180
-9.844373 8.01993 -1.963105 29 25 24
1.165298 1.341698 0.4960218 82 72 47
1.132174 1.285908 0.5727893 101 100 84
1.089973 1.099205 0.3554694 77 72 52
1.182867 5.046344 0.3787757 129 121 105
1.085416 4.241277 1.895452 12 9 5
1.034416 3.512113 3.635389 186 186 184
1.536102 3.519747 1.928058 80 73 55
-0.3618634 5.448345 -0.2955457 159 154 143
-0.7929208 5.425241 -0.132432 153 147 137
-1.708746 3.450795 4.050979 195 199 198
-1.70849 3.453336 4.049112 195 199 198
-2.056703 4.051351 2.896137 169 166 160
1.206048 2.172568 1.045679 61 57 40
2.13371 1.352971 1.4787 191 190 191
1.591229 1.901023 0.7404164 94 89 72
1.60341 1.906147 0.6848251 82 73 50
1.108995 1.489927 0.1823322 91 84 64
1.090554 1.140067 0.1884652 72 59 41
0.9494871 1.201416 0.04540515 82 74 54
0.863883 0.8121472 0.470053 95 88 68
0.8343293 0.9087784 0.03423467 88 81 62
0.8180722 0.7693676 0.2332117 76 72 56
0.6330711 0.6975058 0.3326412 155 158 155
-1.969449 0.07317834 -0.1611322 50 63 35
-33.32891 -4.355348 -0.5877052 131 149 79
-33.40694 -4.872862 -0.3315126 69 85 39
0.9940135 4.979281 0.5494976 124 116 102
0.7428404 3.60715 3.424534 185 185 184
1.509547 3.291812 1.628603 110 107 94
0.1882625 4.6049 1.421447 91 85 67
0.08365573 5.343837 -0.1456266 152 144 130
-0.03548358 5.439008 -0.3250012 151 143 130
1.456224 3.036228 1.527154 117 116 104
1.387495 3.029094 1.662352 177 183 183
-0.1468683 5.500664 -0.4022666 142 135 122
-0.16362 5.377969 -0.1833061 154 149 136
1.163429 3.237644 0.9594186 89 85 66
-0.8258447 5.362302 -0.04986217 152 146 136
-1.264502 5.815391 -0.9680718 144 138 130
1.262627 2.519256 1.193055 156 162 159
-1.759539 3.581835 3.803442 178 177 172
-2.14007 5.953961 -1.137589 165 160 154
-2.357842 4.856894 1.179074 92 86 65
-2.588001 3.992535 3.174267 198 198 196
-2.912836 3.584313 4.026364 178 176 170
0.719234 2.050127 1.410773 121 127 119
1.573153 1.80865 0.8447241 80 72 50
-10.66178 9.433599 -1.794962 83 81 83
-10.65327 8.729625 -2.064239 63 61 62
-0.1917678 1.907862 1.789696 169 157 138
1.331464 1.525375 0.9711093 166 171 169
1.471104 1.555076 0.7241814 84 77 57
1.48872 1.546998 0.6050718 107 104 85
-15.29023 9.648339 -3.580892 38 33 32
-14.64529 9.73292 -4.477995 73 77 80
1.350375 1.420929 0.6938134 141 140 125
1.27659 1.529786 0.382008 111 105 83
-15.72096 9.055878 -3.695732 53 53 53
1.258777 1.464491 0.4635551 85 77 54
-14.93171 9.07888 -4.891739 61 60 64
1.177808 1.304796 0.7055449 91 85 65
1.163149 1.236518 0.7179236 71 68 51
1.134388 1.38936 0.3237435 92 87 69
1.080499 1.031734 0.7277997 159 164 158
0.9824816 1.302526 -0.007369059 75 65 45
1.082636 0.9540281 0.6041799 143 146 133
0.8592772 1.315045 -0.1296556 99 95 82
1.057999 1.076851 0.2556419 86 79 63
1.033814 1.020798 0.1861273 82 76 58
0.8802502 1.126969 -0.07634588 75 71 56
0.8659214 0.9684734 0.05048348 89 85 72
0.8659214 0.9684734 0.05048348 89 85 72
0.7578776 0.851391 0.07930081 117 112 101
0.4573823 -0.2193283 1.086205 70 80 54
1.651172 4.329605 1.853898 144 142 134
1.546464 5.127306 0.1737266 141 132 119
1.54215 3.809407 2.967999 147 142 129
1.381581 3.831002 2.944211 172 171 168
1.228686 4.23228 2.091681 103 98 85
1.156812 4.370502 1.836171 79 69 50
0.985162 4.01108 2.571023 161 161 159
0.760523 3.412453 3.853068 189 192 193
1.566754 3.243448 1.907691 81 73 53
1.540839 3.334981 1.724531 107 103 89
0.4560167 3.425437 3.977301 191 191 191
1.490298 3.222479 1.717358 103 100 85
0.4302041 3.507927 3.668518 181 181 180
1.485987 3.192192 1.763083 118 116 104
1.454886 3.210498 1.529696 119 117 105
1.398922 3.070889 1.780311 142 147 139
0.01628407 5.279697 0.0289602 154 148 138
0.01570556 5.071363 0.4618979 145 140 127
1.623039 2.548938 2.219618 168 166 159
-0.2487349 5.32836 -0.04895871 157 152 139
-0.2565998 4.689905 1.305658 84 80 60
-0.4201133 3.742152 3.32276 177 176 172
1.318678 3.030925 1.297786 77 70 52
-0.5275791 3.436524 3.959004 166 166 159
-0.698819 3.558679 3.662386 194 194 194
1.314406 2.812819 1.265201 75 73 53
0.3779095 3.120487 2.158305 184 187 184
1.269519 2.786915 1.245584 136 139 130
-1.249084 5.245811 0.2789074 179 176 169
-1.326959 5.717505 -0.7635266 146 140 130
-1.835011 5.765025 -0.7419012 179 174 169
1.255626 2.414207 1.108476 116 116 102
1.255626 2.414207 1.108476 116 116 102
-2.473222 4.396775 2.183324 90 82 58
-2.59328 6.030131 -1.241784 175 172 165
-2.679562 3.665217 3.801692 183 182 178
1.315384 2.339257 0.8138078 90 92 83
-3.824552 3.847436 3.656937 182 179 173
-4.028483 4.068078 3.179675 207 206 204
-4.028483 4.068078 3.179675 207 206 204
-4.497662 3.842484 3.791327 186 183 177
1.645224 1.907943 0.5073994 93 88 72
-10.43595 9.11165 -1.574946 42 38 35
-10.39952 8.59556 -1.638132 56 54 55
1.485565 1.876435 0.2988372 87 79 58
1.513175 1.613002 0.7435391 135 137 127
0.9805785 1.566188 1.297209 163 171 172
-10.2306 7.992436 -2.147946 92 88 86
1.53122 1.581382 0.6545659 97 92 73
-15.27219 10.70687 -4.776707 60 59 63
-15.0789 9.981563 -3.505324 75 78 85
1.158948 1.415709 1.070018 129 132 121
1.325032 1.445353 0.8579603 115 108 82
-14.50117 10.13215 -4.843848 60 62 65
-15.23474 10.49197 -5.04467 60 62 65
-14.68817 9.821196 -4.204493 32 30 31
-14.84473 9.670817 -4.106811 76 75 79
-15.21489 10.10375 -5.241429 76 78 83
-15.21489 10.10375 -5.241429 76 78 83
-14.75696 9.503683 -4.442135 48 48 50
0.8999088 1.316335 1.228923 160 165 160
-14.97306 9.408504 -4.13167 45 45 48
-14.71277 9.534537 -4.681579 65 67 70
-15.6047 9.271913 -3.634133 66 68 72
-14.57085 9.526102 -4.955461 32 32 34
-14.57085 9.526102 -4.955461 32 32 34
-15.26618 9.200254 -3.825612 54 53 57
-14.79091 9.249815 -4.614233 33 33 35
-14.62556 9.205101 -5.211047 52 51 52
-15.16993 8.916664 -4.49114 63 61 64
1.105341 1.246412 0.9247906 121 119 105
1.160019 1.218674 0.6829798 90 86 67
1.160019 1.218674 0.6829798 90 86 67
0.9743262 1.132831 0.956212 121 114 94
0.9748805 1.081251 1.043571 130 128 114
1.089256 1.465183 0.0995716 72 61 42
1.128871 1.274764 0.4892202 103 96 74
0.337732 1.009982 1.446966 122 124 117
1.124796 1.239037 0.5009667 81 77 56
1.102745 1.093766 0.7821666 161 165 158
1.096452 1.192671 0.3326086 116 112 91
1.095229 1.136998 0.4333355 104 100 80
1.084322 1.107853 0.4512655 87 83 63
1.076808 1.145203 0.2505005 118 116 102
0.4512981 0.8189614 1.222031 168 173 170
1.084507 0.9901526 0.5176831 88 85 68
1.062271 0.9887843 0.4847172 83 76 56
0.8801143 1.276992 -0.1097406 79 71 50
0.9491861 0.8760322 0.6990246 153 156 148
1.040699 0.9584059 0.4709783 95 88 68
0.8626156 0.8040304 0.6227784 113 113 104
0.8758762 1.00893 1.398766e-05 80 76 57
0.7581084 0.7277572 0.4652218 111 107 92
0.7256482 0.7532798 0.1508238 84 75 58
0.5507568 0.8336156 -0.1020273 111 107 94
0.2659068 0.4644677 0.2537892 80 79 64
-33.18932 -3.754152 -0.2485019 80 95 56
-33.18932 -3.754152 -0.2485019 80 95 56
2.952801 0.06529655 0.5436024 62 71 42
1.730786 3.562952 3.470809 171 167 163
1.714328 3.757122 3.062097 145 143 133
1.607647 4.351387 1.797204 133 129 120
1.604792 4.199239 2.128383 148 146 140
1.596134 3.894293 2.782853 167 166 162
1.561269 4.714721 1.036035 128 120 106
1.555725 3.73048 3.136833 159 156 150
1.489 3.724656 3.166019 159 156 150
1.42365 5.215604 0.009510378 140 131 116
1.256912 4.363346 1.8183 94 85 68
1.256912 4.363346 1.8183 94 85 68
1.22994 4.203645 2.1504 108 104 96
1.198697 4.205084 2.205375 119 115 106
1.067763 4.223514 2.116112 96 92 75
1.01656 4.068474 2.420495 149 150 145
0.959122 5.094151 0.2880672 140 133 117
0.8383813 4.598238 1.35694 86 75 55
0.7938339 4.796392 0.9476596 103 93 76
0.714066 3.450471 3.772584 191 191 191
0.5187413 3.434471 3.851212 191 191 191
0.3926404 5.162276 0.2298482 141 133 120
1.48446 3.153011 1.851045 115 112 95
1.48446 3.153011 1.851045 115 112 95
1.646709 2.475953 2.831484 187 187 187
1.44323 3.096982 1.873125 120 122 111
0.2094239 5.585791 -0.6398394 156 148 135
0.1664015 5.149816 0.293125 142 134 121
-0.01660025 5.338474 -0.07738037 153 148 135
0.04422752 3.605268 3.495651 183 182 180
1.208495 3.35909 1.099782 87 83 64
1.355746 3.03732 1.356466 82 75 56
1.28675 3.165249 1.184014 79 72 47
1.050645 2.951134 1.952995 177 188 189
-0.5551178 4.582544 1.528125 98 90 69
-0.616154 3.721736 3.360969 182 181 177
-0.6875639 5.316149 -0.009281756 168 164 155
1.032575 2.945193 1.750334 177 183 182
-0.7209406 5.294377 0.05926559 167 163 153
-0.9755032 5.360852 0.02263763 154 148 140
-1.136214 5.232892 0.2754585 138 130 117
-1.059845 4.569232 1.62859 95 90 74
-1.310192 3.888258 3.075664 201 204 203
-1.587595 5.984369 -1.249994 176 171 165
-1.652388 5.655624 -0.582337 144 138 130
-1.827927 5.856596 -0.9672422 175 172 165
-1.883657 3.899071 3.235898 182 181 177
1.407572 1.76718 2.396985 196 196 198
-2.291032 3.480472 4.069621 187 187 185
1.136916 2.270177 1.289775 127 130 124
-2.815022 3.871058 3.463162 185 182 176
1.041156 2.213023 1.340253 95 96 83
-2.983074 3.474335 4.146359 181 177 171
-3.024051 3.996984 2.986256 178 176 169
-3.237837 3.775041 3.715386 183 182 178
-3.246083 3.843999 3.563129 200 200 198
-3.379749 3.961111 3.391132 180 177 174
-3.394338 3.741915 3.772028 194 192 191
1.162257 2.098683 1.178905 91 94 79
-3.538588 3.837482 3.590628 193 192 188
-3.461937 3.482612 4.169254 177 176 172
1.593126 1.935102 0.8235723 68 65 46
-4.03718 3.813124 3.737537 199 198 194
1.588673 1.830926 0.6813745 96 91 72
-10.50513 8.964444 -1.501648 59 55 54
1.503653 1.929742 0.3212467 78 70 49
-9.771424 8.309418 -2.760936 59 55 52
1.561506 1.662952 0.4939031 104 99 78
0.9783062 1.524902 1.282039 87 85 70
0.9375463 2.107816 -0.05437052 103 95 72
1.522881 1.593716 0.52416 78 68 43
-15.65394 9.686071 -3.444779 69 63 63
1.34184 1.417042 0.6568401 84 74 47
1.114627 1.297097 1.01056 85 79 57
1.199444 1.35172 0.8114226 150 151 140
1.255872 1.434191 0.5854031 127 124 107
-14.97186 9.118192 -4.303486 37 36 34
-14.52737 9.31481 -5.124696 67 70 74
1.172479 1.403024 0.4410407 79 73 51
1.172873 1.403897 0.4397516 79 73 51
1.040883 1.621204 0.01903614 79 74 58
1.039841 1.605894 0.03786484 94 89 75
1.132378 1.281641 0.6362676 14 14 6
1.116817 1.479805 0.1927502 98 93 74
1.155903 1.168819 0.6989685 102 97 78
0.5966751 1.049729 1.279753 108 104 83
1.125839 1.293158 0.3601184 80 75 57
0.8421121 1.011184 1.117824 169 172 169
0.7353923 1.003193 1.1657 134 136 126
1.117145 1.21734 0.3264347 68 64 48
1.032162 1.029471 0.7693585 76 73 56
1.123806 1.066634 0.5968913 88 85 70
1.105999 1.170757 0.2838588 114 112 97
1.010256 1.294506 0.04992335 94 87 69
1.112303 1.164461 0.2376661 67 57 40
0.7758561 0.8222272 0.8817182 119 124 114
0.7138626 0.8051295 0.9197007 161 166 163
1.03836 0.9443459 0.4452003 85 81 64
1.041335 1.054375 0.1627138 99 96 81
1.023847 0.9657393 0.2883718 97 90 70
1.00211 0.9823694 0.230579 110 106 91
0.7985728 0.7330802 0.5490577 98 93 77
0.7952186 0.7595903 0.4579132 105 100 84
0.8438563 0.8008954 0.2603338 109 105 91
0.7988634 0.8206263 0.1526798 104 96 79
0.6665589 0.6494022 0.4472006 71 64 46
0.6086981 0.6358886 0.4800243 149 149 138
0.7547536 0.747263 0.1969886 104 99 82
0.9366245 0.04433274 1.377565 160 166 152
0.9608652 0.2277739 0.9018209 104 112 88
-33.24653 -2.311116 0.3197858 48 59 32
-33.51148 -2.254559 0.05458636 25 33 18
-33.84141 -4.446176 -0.2615484 134 150 78
-33.85012 -4.920505 -0.8927127 133 150 74
-33.40505 -5.035336 -0.6149197 79 94 43
-33.45108 -5.281178 -0.8133373 143 162 79
-33.45108 -5.281178 -0.8133373 143 162 79
1.971197 -0.3710194 0.9234123 165 170 113
1.707788 4.832071 0.7822551 110 101 87
1.701284 4.689974 1.080136 126 118 105
1.685381 4.672052 1.121101 126 118 105
1.663565 4.750785 0.9635724 123 115 102
1.677308 3.422315 3.767472 181 177 174
1.649393 4.961662 0.4994375 121 112 96
1.630919 4.975622 0.4757181 136 128 115
1.578614 4.451888 1.578951 131 124 115
1.578478 3.847426 2.886761 161 160 155
1.557903 4.483759 1.539771 126 118 108
1.553138 4.800602 0.8592234 125 116 101
1.595156 3.742887 3.0994 165 161 156
1.556711 3.910229 2.75227 168 167 164
1.556898 4.889579 0.6528819 123 115 102
1.481274 3.638236 3.333634 170 166 163
1.391123 4.420564 1.69006 100 92 73
1.319893 5.264347 -0.1022691 145 138 122
1.24089 5.111991 0.2340412 136 127 112
1.239108 3.630913 3.367355 175 175 173
1.213413 4.315121 1.922238 69 60 43
1.193347 4.392955 1.763156 80 68 49
1.143183 4.947718 0.5855929 106 98 80
1.213536 4.079512 2.107904 123 121 104
1.082941 4.889351 0.7176467 115 106 93
1.077329 3.835439 2.962966 172 172 170
1.028118 4.855439 0.7966919 107 96 80
1.016001 4.544156 1.464345 76 64 45
1.017969 4.540511 1.463711 76 64 45
0.9474397 4.964156 0.5693351 124 116 103
0.7464686 4.739929 1.066094 109 100 85
0.7023563 4.00865 2.604945 159 159 158
1.553088 3.256 1.885496 100 97 80
1.526637 3.292745 1.70066 117 115 103
1.522188 3.306579 1.676227 92 87 71
1.486007 3.166054 2.005173 146 149 142
1.503076 3.245039 1.626878 112 110 97
0.2104197 4.85931 0.8644562 92 85 67
0.2148211 5.197356 0.1451009 128 119 106
0.1456772 5.366082 -0.1761466 151 143 130
1.430058 3.11401 1.663274 122 119 104
0.1003325 5.507272 -0.4499499 154 146 134
1.340839 3.012043 1.969594 134 136 123
-0.03437343 5.304779 -0.01850441 137 129 116
-0.1894552 5.243104 0.1157909 154 146 134
-0.1956603 5.44729 -0.3052811 131 123 111
1.433952 2.963296 1.508604 91 85 62
-0.3335974 5.487917 -0.3819314 159 153 142
1.327606 3.065198 1.306666 92 88 68
-0.3704415 3.653682 3.426927 193 193 191
1.431656 2.847647 1.476585 97 93 76
1.281394 3.103129 1.222488 96 89 69
-0.4059107 3.691514 3.374852 191 191 189
1.071074 2.976702 1.785418 73 72 53
1.350834 2.899961 1.298545 95 91 75
0.976045 2.930531 1.929802 161 166 165
1.136831 3.2286 0.9306458 95 89 69
1.344315 2.783857 1.398228 146 153 147
-0.8010981 3.815674 3.204389 178 177 171
1.115773 3.173833 0.8637429 99 93 73
-0.9645929 5.67228 -0.6760789 155 152 142
1.27569 2.865968 1.188286 94 92 74
-1.089677 3.60236 3.669171 171 170 166
-1.262778 3.923194 3.057452 183 183 182
0.6913734 3.379797 0.6242374 88 80 60
1.175865 2.70098 1.259764 90 84 63
-1.587079 5.785074 -0.7752956 176 171 165
-1.662979 5.61803 -0.5129576 186 182 179
-1.662979 5.61803 -0.5129576 186 182 179
-1.80212 5.714835 -0.6209124 180 178 172
-1.731974 3.834629 3.345516 185 185 179
-1.73894 3.753979 3.44178 186 186 184
-1.929676 3.664061 3.670251 183 183 180
-2.243504 3.898646 3.321016 181 180 176
-2.285154 5.904633 -1.017764 159 154 148
-2.275168 3.788255 3.475654 188 187 183
1.325899 2.392777 0.8696382 84 82 67
1.148586 2.306122 1.243202 96 94 79
1.165812 2.257 1.173718 97 91 69
1.180302 2.259868 1.053925 94 90 74
1.177239 2.21022 1.154857 93 89 68
1.300452 2.235362 0.8800531 103 106 95
-3.122208 4.057087 2.930322 193 192 188
1.207361 2.203245 1.028303 92 85 65
1.3689 2.159665 0.4574961 70 64 46
1.593605 1.863742 0.8012502 81 79 61
1.584028 1.797302 0.7819331 93 90 73
1.599457 1.796214 0.7551679 103 100 85
1.581201 1.756585 0.7736264 87 84 66
1.530602 1.973343 0.3565285 72 65 47
1.578729 1.805371 0.6610901 93 89 70
1.647884 1.74573 0.5531638 81 75 52
1.485538 1.930609 0.266925 100 93 75
-9.528769 7.919914 -2.130646 72 70 71
1.572314 1.713574 0.4653036 95 87 65
1.559826 1.616714 0.6287919 150 151 139
1.02996 1.513005 1.21838 71 66 46
0.9753307 2.074187 -0.02501433 74 70 51
1.517936 1.573779 0.5393444 106 100 78
1.408118 1.498346 0.6280401 83 76 50
2.345315 1.172238 0.3477342 108 102 82
1.286723 1.4966 0.4280429 108 102 82
1.27723 1.379045 0.687748 134 135 120
-15.0764 8.976359 -4.267893 78 77 80
1.18711 1.459111 0.3398971 97 89 67
1.116115 1.253873 0.8189051 127 126 110
1.175079 1.42452 0.4025147 101 93 73
1.020699 1.143537 1.07711 110 110 98
1.054657 1.584491 0.06813862 83 77 55
0.9158366 1.609166 0.08013894 104 99 80
1.016587 1.608582 -0.01694766 96 91 77
1.023844 1.177346 0.9169936 148 144 125
1.124041 1.343592 0.3173807 94 88 69
1.13944 1.13602 0.700794 18 15 8
1.13944 1.13602 0.700794 18 15 8
0.9069243 1.038315 0.9978387 124 126 117
1.053913 1.071902 0.8022804 106 103 86
0.948105 1.042407 0.8989845 133 137 129
0.9143681 1.031307 0.9201823 42 39 28
0.8837986 1.430451 -0.123392 77 72 56
2.655927 0.6909003 0.6309125 129 126 107
1.008661 0.9696723 0.7746342 88 84 66
1.069413 1.102609 0.1497739 79 62 43
0.9021565 1.215929 -0.05138089 98 93 77
0.8083121 0.8353522 0.8237798 157 159 148
0.4770981 0.7646427 1.02127 35 37 26
0.7751971 0.799714 0.8165492 66 63 46
0.8899146 1.173862 -0.08821882 75 70 55
0.964932 0.8941447 0.4436662 110 107 88
0.839776 0.776154 0.6362323 135 136 129
0.9847476 0.8974848 0.3389944 60 55 39
0.7755399 0.7229185 0.7569884 89 87 73
0.8848225 1.059967 -0.0554464 12 12 8
0.8092105 0.7364858 0.5943413 89 86 72
0.6651071 0.6611112 0.4893306 98 93 77
0.6395955 0.7412184 0.1229036 119 115 98
0.6699353 0.7880425 0.02050351 104 102 88
0.4764259 0.6577893 0.0842523 122 118 106
0.3159339 0.423451 0.234193 90 92 84
0.6858609 -0.153759 1.279216 72 87 42
3.038836 0.2115349 0.4647968 141 142 138
-33.04935 -3.438389 -0.4012393 39 47 27
1.725552 4.032611 2.514324 162 158 156
1.727251 3.783095 3.025763 169 168 161
1.697243 5.120596 0.1911716 146 138 126
1.703686 4.72118 1.013741 119 110 98
1.703058 4.720062 1.012162 119 110 98
1.673712 4.85499 0.7350125 109 100 87
1.658528 4.61531 1.24711 106 97 84
1.664057 3.687889 3.224186 143 140 133
1.633039 4.4738 1.542789 135 129 120
1.640138 3.829664 2.919095 164 159 149
1.597812 4.507565 1.478586 124 116 104
1.5883 4.492014 1.513995 126 118 107
1.614252 3.491959 3.639336 165 164 162
1.570917 4.908381 0.6281346 109 99 84
1.564966 4.207025 2.126097 145 143 137
1.497249 4.649801 1.193633 126 117 104
1.470452 5.01401 0.4166878 136 129 115
1.470452 5.01401 0.4166878 136 129 115
1.381905 4.594783 1.308084 111 100 83
1.367955 4.958242 0.5494969 127 119 103
1.380984 3.805426 2.998351 174 174 172
1.338975 4.439627 1.651894 111 102 87
1.343019 5.277077 -0.137586 140 132 118
1.350446 3.586941 3.459523 176 176 176
1.335273 3.840362 2.929511 167 167 166
1.316752 3.822601 2.967776 176 176 176
1.309065 4.146457 2.265325 146 145 142
1.305726 5.117845 0.2060884 109 97 78
1.305726 5.117845 0.2060884 109 97 78
1.285944 5.094304 0.2651177 133 124 109
1.287815 4.586404 1.332882 116 107 92
1.271254 3.837954 2.902408 172 172 170
1.251711 3.46217 3.721554 178 177 176
1.216314 3.773472 3.065605 171 171 169
1.206195 4.022914 2.532395 157 157 157
1.19389 3.916756 2.778183 166 166 164
1.164976 4.495673 1.542262 100 91 74
1.157069 4.164151 2.248924 66 62 52
1.206416 4.128736 2.112009 78 72 53
1.09702 4.351094 1.866092 67 55 35
1.105146 3.607944 3.464885 185 183 184
1.084188 4.677732 1.167701 94 84 68
1.194402 4.044211 2.18057 95 95 84
1.102674 3.521454 3.6116 183 183 181
1.102674 3.521454 3.6116 183 183 181
0.9834912 4.485552 1.598182 81 69 49
0.9284863 4.866329 0.7755485 125 118 102
0.8113538 4.885976 0.7513672 120 112 96
0.7394611 5.373637 -0.2459092 155 148 132
1.562546 3.415818 1.72002 40 35 14
0.7198865 4.749614 1.043693 93 85 65
0.7089412 3.485737 3.734679 187 187 187
0.5923259 3.489913 3.765779 192 195 194
0.5586501 4.26277 2.111284 86 80 59
1.508887 3.265436 1.665668 93 91 74
1.483194 3.124128 1.928767 63 56 35
0.347887 4.894714 0.7719318 91 86 70
1.465462 3.12078 1.913831 131 131 119
0.1970309 5.276882 0.01912809 119 109 93
0.211993 5.249671 0.02690923 119 109 93
0.120985 4.823929 0.9475702 93 85 72
0.1127418 5.145532 0.2747506 107 100 82
1.426833 3.121142 1.636628 91 85 64
0.09410726 5.509602 -0.5008383 155 147 135
1.456766 3.066477 1.561298 93 91 74
1.514827 2.427904 2.834194 196 196 197
-0.1478241 5.020603 0.6608403 128 121 107
-0.1177587 4.989626 0.6638452 128 121 107
1.492017 2.946217 1.564423 111 111 99
-0.1135303 4.992126 0.6061398 128 122 110
-0.09113417 3.552865 3.673578 166 165 161
-0.09113417 3.552865 3.673578 166 165 161
1.440993 2.949728 1.56754 108 108 96
1.284153 3.009138 1.735392 141 146 138
-0.1957498 4.337897 2.025047 98 93 77
1.246162 3.002718 1.818991 121 123 112
-0.3317347 3.516972 3.804938 188 188 186
1.310824 3.096279 1.247069 74 66 45
1.167161 2.967411 1.800007 138 141 131
1.129487 2.958516 1.865437 170 176 176
1.111544 2.973843 1.827591 161 163 158
1.435508 2.849724 1.450163 63 48 25
1.080173 2.95629 1.907943 171 181 182
1.080173 2.95629 1.907943 171 181 182
1.272169 3.085712 1.182055 79 73 53
-0.7049286 5.642484 -0.6640542 143 138 127
1.346177 2.87438 1.298142 77 70 49
-0.7815408 5.393021 -0.1412626 146 141 128
-0.8001117 5.644724 -0.6551175 139 134 121
-1.118893 5.901316 -1.15993 168 163 157
0.7265289 2.954477 1.818137 151 156 152
1.221761 2.761348 1.292845 136 137 126
-1.154428 4.483948 1.811359 101 103 91
0.6754882 3.49256 0.6291944 109 104 88
1.20286 2.738311 1.296216 129 127 109
-1.2777 3.767609 3.379741 175 174 170
-1.299328 3.782786 3.387198 175 174 170
1.322466 2.737737 0.9985598 24 21 7
1.322466 2.737737 0.9985598 24 21 7
-1.330815 3.44136 4.040691 190 190 188
-1.351181 3.454872 4.049849 190 190 188
1.400288 2.484373 1.317951 154 160 152
-1.541018 3.44138 4.084323 189 189 187
-1.91086 6.135493 -1.477478 157 154 147
1.267136 2.503941 1.186569 170 177 171
1.297135 2.483252 1.117274 160 164 159
1.318309 2.48537 1.061023 71 68 49
1.316935 2.45533 1.006167 95 91 77
-2.155908 3.44817 4.126863 181 181 179
1.195798 2.210303 1.059015 20 18 5
1.211803 2.152388 1.016859 103 99 86
1.570055 2.029783 0.7013413 101 97 78
1.599395 1.91175 0.7338256 106 102 84
-12.16875 11.25666 -3.851 40 40 40
1.570013 1.680247 0.9157773 89 86 69
1.533199 1.665689 0.9549385 138 144 132
1.578836 1.682633 0.5296982 122 118 99
1.552968 1.693801 0.472809 67 57 34
1.482502 1.571249 0.7732269 146 146 137
1.498099 1.708988 0.3578908 83 63 39
0.9852737 2.050422 -0.008817915 99 92 72
1.511159 1.562457 0.5811984 117 114 97
1.121605 1.473777 1.111706 112 110 94
1.512377 1.561722 0.5576907 103 96 74
1.200364 1.466009 1.013196 102 100 83
0.7253554 1.469042 1.430434 112 116 103
1.41001 1.483482 0.6786019 118 113 95
1.304664 1.649112 0.3002562 94 84 62
1.15406 1.365629 1.023668 95 87 67
1.335153 1.418385 0.7574989 165 168 160
-14.56521 9.68651 -4.736899 41 40 41
1.231905 1.392764 0.8545183 125 122 107
1.285541 1.589255 0.3259957 96 88 67
1.210168 1.37571 0.8396631 146 148 137
1.0379 1.779945 0.07494836 102 95 75
0.518006 1.309816 1.457305 121 119 108
-14.50902 9.343745 -4.974529 52 52 54
1.239259 1.418225 0.6037545 94 84 59
1.10976 1.665249 0.1475894 89 85 70
1.131702 1.625228 0.2043014 98 90 70
1.008937 1.242761 1.130559 122 122 113
1.247943 1.53434 0.3081278 65 49 28
1.234278 1.41834 0.5581569 98 94 73
1.116406 1.617712 0.1828866 95 87 67
1.251511 1.473618 0.400653 73 65 42
1.12849 1.276559 0.9024079 89 81 60
1.242958 1.427487 0.49322 93 87 63
1.125739 1.284675 0.8765092 103 96 76
1.081565 1.213807 1.012305 86 72 51
1.103642 1.252411 0.8936107 80 73 51
1.198764 1.436449 0.4006681 91 80 56
1.090777 1.226992 0.8996469 96 88 68
1.055524 1.175143 1.023651 129 129 121
1.166704 1.258682 0.7402874 117 117 104
1.166031 1.367222 0.4849063 96 87 66
1.173268 1.399554 0.4080603 64 56 33
1.144995 1.447229 0.305561 96 83 56
1.126539 1.459102 0.2523237 82 78 59
1.002746 1.628235 -0.0342207 76 69 49
1.005469 1.106669 1.061092 87 79 59
1.134849 1.396509 0.3362859 94 87 69
1.076802 1.168846 0.8358893 159 164 156
1.115772 1.450376 0.1931954 77 68 51
1.124576 1.367743 0.31872 96 88 70
1.099563 1.408517 0.2365632 37 31 15
1.099563 1.408517 0.2365632 37 31 15
1.108567 1.429388 0.193271 98 91 67
0.5683218 1.04436 1.336836 100 97 82
0.9165775 1.084738 0.9449145 109 105 85
0.66026 1.019904 1.21953 166 170 167
1.119757 1.21202 0.4737965 76 72 53
0.8500635 0.9754397 1.024236 122 123 111
1.100273 1.176417 0.3956069 91 84 66
1.023343 1.322061 0.0786868 91 84 66
0.8948411 1.264722 -0.08015218 96 89 69
1.055252 1.024248 0.3756272 79 71 49
1.051846 1.024426 0.2925929 108 107 91
1.035077 1.030816 0.1662831 76 72 53
1.032144 1.0402 0.1431518 79 67 48
0.9227795 0.8384768 0.5891865 130 132 121
0.8884078 1.138595 -0.08736864 73 65 50
0.9997755 0.9814132 0.2068275 95 91 69
0.9690892 0.9421352 0.2473951 111 107 92
0.8275644 0.7639624 0.5994699 125 125 115
0.8743491 1.00663 0.01760143 93 87 72
0.8647532 1.068965 -0.1066533 82 66 48
0.8722273 1.011369 -0.0600187 75 57 43
0.8647384 0.9661191 0.0274254 100 95 80
0.8776267 0.8751901 0.1893377 99 95 79
0.87536 0.8588688 0.2213416 111 108 93
0.862291 0.8186399 0.2739255 59 51 37
0.862291 0.8186399 0.2739255 59 51 37
0.837392 0.9351753 0.01042029 98 95 81
0.7430735 0.7088497 0.466184 111 107 91
0.8233612 0.7680521 0.3085079 107 101 85
0.7429901 0.8743197 -0.04471071 108 104 84
0.7759988 0.7232997 0.2784815 104 103 88
0.6497582 0.6620989 0.4153249 138 135 123
0.4995573 0.6362149 0.39143 140 138 129
0.5032359 0.5921664 0.4628961 147 147 138
0.6547306 0.779285 0.001564676 90 79 63
0.4311142 0.8042538 -0.1105881 77 72 57
0.5532175 0.5379003 0.4661262 118 118 108
0.1240953 0.4881887 0.546078 131 133 124
0.4846372 0.6926509 0.07328118 109 107 94
0.1344235 0.3927735 0.5155852 113 111 99
0.1206457 1.34756 -1.70871 165 184 118
0.2690737 0.4780145 0.2219511 91 91 80
1.605292 0.1172701 0.9875835 124 137 55
-34.11905 -4.190676 -0.6395501 94 106 61
1.726953 4.679924 1.096566 123 115 103
1.733813 3.910777 2.717415 167 166 161
1.706885 4.603526 1.274287 121 112 100
1.71227 3.855566 2.857127 158 154 148
1.664563 4.645686 1.18943 122 114 101
1.684498 3.53952 3.524359 180 181 182
1.652101 4.660375 1.15905 120 112 100
1.655449 4.512947 1.453779 128 119 107
1.639585 4.636969 1.202135 119 111 99
1.646522 3.577168 3.447567 161 158 152
1.610018 4.422312 1.661782 128 122 113
1.611673 4.966924 0.4980501 135 127 114
1.597576 4.102166 2.342809 150 149 145
1.608935 3.628395 3.343141 146 142 136
1.585949 4.425532 1.648588 123 117 109
1.589223 3.777452 3.044311 169 166 156
1.604278 3.479249 3.659404 169 168 165
1.580768 3.467599 3.702221 171 170 168
1.588496 3.481854 3.653586 153 148 144
1.553124 4.553378 1.38761 124 115 102
1.553863 4.55402 1.387196 124 115 102
1.551049 4.467618 1.565522 113 105 93
1.558039 3.695747 3.207188 155 152 146
1.542484 4.044486 2.467892 160 159 156
1.547348 3.764421 3.062344 138 134 124
1.517038 4.34661 1.847279 123 119 108
1.529599 5.123253 0.1804933 145 136 123
1.523443 3.652899 3.306655 51 47 34
1.502851 3.70452 3.195497 167 166 160
1.474026 4.513938 1.466129 119 110 96
1.470142 4.778153 0.9154587 125 116 101
1.477144 3.850281 2.890733 165 164 162
1.461589 4.402646 1.724092 117 112 99
1.4522 4.737562 1.001732 96 87 70
1.443277 4.40144 1.709417 101 94 78
1.432181 4.757404 0.9673713 119 110 95
1.432166 4.413349 1.693311 117 109 96
1.432166 4.413349 1.693311 117 109 96
1.421143 3.779041 3.031097 164 163 160
1.401598 4.45893 1.592321 120 112 101
1.394497 4.083423 2.401938 156 156 153
1.383932 4.25336 2.042667 133 130 121
1.375612 4.397291 1.739499 107 98 83
1.374833 4.397429 1.739592 107 98 83
1.367801 4.220306 2.097038 133 130 124
1.352999 4.071684 2.42643 143 143 141
1.339732 4.88524 0.7091922 122 114 99
1.355376 3.747175 3.121056 171 170 168
1.356132 3.493508 3.646121 168 167 163
1.327517 5.291649 -0.1602662 87 77 57
1.315349 4.712996 1.072606 124 115 100
1.336695 3.63674 3.353822 165 164 162
1.313392 3.463994 3.721437 166 163 159
1.279275 5.269945 -0.100556 147 138 123
1.284711 5.270841 -0.1221477 60 49 32
1.29899 3.701025 3.208332 172 171 168
1.262478 4.1673 2.262519 119 118 112
1.253658 4.745913 0.9917476 126 118 105
1.244985 3.724946 3.175933 174 174 172
1.202167 4.667901 1.174786 104 93 76
1.190246 3.610953 3.409672 178 178 176
1.167504 4.155441 2.269957 123 121 113
1.150982 4.901997 0.6831667 91 84 68
1.192307 4.129576 2.177694 75 73 59
1.125881 4.518249 1.497265 88 77 57
1.101124 4.899309 0.6943556 97 88 73
1.100725 5.075174 0.3185933 136 126 112
1.199894 4.069885 2.1724 116 118 109
1.0887 5.09752 0.2911783 109 99 82
1.079153 4.874302 0.7489818 96 87 72
1.061446 4.983512 0.5193052 108 98 81
1.215207 4.038225 2.09164 88 86 73
1.066332 3.646658 3.346382 174 174 172
0.9603674 4.835254 0.8432195 84 77 59
0.9604332 4.831896 0.8447729 84 77 59
0.9178863 4.993758 0.5450611 91 83 61
0.9267614 4.983062 0.5449204 91 83 61
0.9266752 5.002444 0.5036566 93 87 68
0.9436442 3.918123 2.778381 155 156 151
0.9269465 4.012365 2.601371 161 161 159
0.9030426 4.755268 1.010237 97 89 73
0.8980881 4.715488 1.100706 97 88 71
0.9227219 3.73738 3.158181 175 175 175
0.8974852 3.940778 2.736547 152 152 145
0.8740349 4.93702 0.6333435 114 105 90
0.8778747 4.398603 1.769118 41 29 12
0.8789315 3.779555 3.091468 129 130 124
0.83942 3.772181 3.105931 160 160 158
2.613572 2.845156 0.3230823 120 112 96
0.7261364 5.334427 -0.1985905 157 150 132
0.7463216 3.44061 3.769835 191 191 191
0.6086664 4.787085 0.9712049 75 67 47
0.5622389 3.975004 2.697061 147 147 141
0.5334836 3.91689 2.83729 161 160 156
0.522319 3.933577 2.806151 139 138 132
1.517944 3.253162 1.743439 96 93 76
0.4443218 5.176939 0.1948666 100 93 75
0.4443218 5.176939 0.1948666 100 93 75
1.508974 3.260425 1.681822 113 113 102
0.4477966 3.410175 3.912395 185 185 185
0.3376613 4.902955 0.7435976 128 123 110
0.3234708 4.834075 0.9009977 108 102 84
0.311254 4.445585 1.746128 82 76 56
1.45206 3.134771 1.767086 100 97 83
1.541163 3.157536 1.488574 114 112 98
1.409779 3.083249 1.819734 108 109 94
0.137645 4.963058 0.6710337 113 105 92
0.1447522 4.954807 0.6723277 113 105 92
0.09839682 3.830799 3.040168 173 171 167
-0.1032227 3.335189 4.155013 192 192 192
1.278896 2.988918 1.856262 144 149 144
-0.2980332 5.468993 -0.3423468 110 105 92
0.9507844 3.018755 2.197666 190 202 206
1.445748 2.851367 1.506484 97 94 79
1.163618 2.980997 1.773473 172 176 172
1.413464 2.897124 1.429039 74 70 51
-0.3993397 4.194761 2.341753 107 94 78
0.910977 3.012494 2.18194 184 192 193
1.425163 2.847922 1.43573 93 88 71
1.395654 2.862844 1.368713 71 66 44
1.387734 2.796163 1.511483 139 149 141
1.036182 2.951435 1.782861 139 142 132
1.035885 2.951264 1.781421 139 142 132
1.358479 2.858977 1.314497 85 80 64
1.344383 2.794301 1.367182 110 113 105
-0.7527698 3.527565 3.829769 161 161 155
0.9995632 2.926518 1.711866 169 174 171
0.7286659 2.993108 2.061132 173 178 176
-0.8203025 3.609222 3.627228 171 170 166
1.312473 2.823406 1.26275 62 57 36
1.309893 2.81942 1.243288 89 87 67
1.302966 2.789862 1.268794 130 133 122
0.423748 3.090929 2.215672 163 167 163
1.289747 2.819201 1.176716 71 67 50
1.306273 2.776026 1.118898 84 83 65
-1.159436 3.860406 3.169052 175 174 170
1.198708 2.747931 1.319691 137 138 129
-1.224242 3.838545 3.230339 173 172 168
1.137252 2.976806 0.8618946 89 86 66
1.324193 2.722073 1.009345 82 80 63
1.16225 2.706944 1.300017 71 70 52
1.324565 2.694498 1.01508 79 78 60
1.266778 2.692913 1.093423 85 78 52
1.176363 2.65624 1.314563 89 92 79
1.188486 2.628884 1.306574 139 146 139
-1.682196 4.440999 1.977646 102 102 88
-1.851904 3.504268 4.040132 181 180 178
1.308288 2.47529 1.077572 108 112 103
1.316792 2.470587 1.025153 92 89 76
1.314726 2.446707 1.054958 92 90 75
1.304159 2.430281 0.9190025 105 100 84
1.292454 2.425835 0.9377187 126 126 115
1.342637 2.397603 0.8220636 70 68 51
1.467534 2.429262 0.5603322 67 63 44
-2.691357 5.133914 0.7111912 151 149 140
1.337731 2.362775 0.8270139 111 114 104
1.301545 2.32798 0.8759024 114 120 111
1.153276 2.21622 1.261271 102 104 88
1.115412 2.213253 1.294753 90 93 73
1.187409 2.273675 1.036393 58 54 36
1.187514 2.215695 1.079301 73 70 54
1.175928 2.167864 1.163138 69 67 49
1.175406 2.136797 1.136125 75 73 59
1.209163 2.160724 1.030393 34 31 13
1.570174 2.119364 0.6132539 9 8 4
1.202881 2.134799 1.05804 78 79 63
1.648506 1.979052 0.5006364 64 58 36
1.66632 1.893391 0.5844682 77 72 50
0.7975905 2.01627 1.308321 101 101 89
1.580795 1.755179 0.9421602 90 89 67
1.669269 1.831275 0.57231 74 69 46
1.587308 1.691965 0.8971204 66 62 40
1.561017 1.681404 0.7423001 84 81 62
1.492123 1.918559 0.2964338 98 91 73
0.988 1.696023 1.296162 96 99 83
1.492989 1.607989 0.9344076 159 165 156
1.089601 1.652882 1.224705 42 41 24
1.550786 1.657951 0.6634341 120 119 106
1.535044 1.642901 0.692506 104 102 87
1.592336 1.711858 0.4811411 62 42 19
1.173809 1.570652 1.114925 141 142 129
1.173809 1.570652 1.114925 141 142 129
1.468437 1.539108 0.8820331 163 169 160
1.53146 1.723943 0.4056892 108 102 82
1.555575 1.614484 0.5998316 102 99 77
1.535208 1.591289 0.6280394 99 96 75
1.45845 1.52739 0.8209226 144 144 131
1.523663 1.57106 0.6159634 121 118 100
1.031734 1.491197 1.216982 109 107 94
1.509422 1.639239 0.449833 72 63 39
0.995531 2.047373 0.009691764 76 68 48
0.890282 1.47368 1.339473 137 140 134
1.181214 1.46742 1.035135 122 122 110
0.8692713 1.454844 1.324002 151 153 143
1.121159 1.440556 1.136187 116 116 103
-15.30266 10.03482 -3.59747 76 79 82
1.417308 1.470015 0.7447735 74 66 44
0.8227125 1.433895 1.317329 122 119 106
0.7800189 1.425506 1.364786 129 127 113
1.172774 1.429569 0.9773368 42 36 21
1.428292 1.581948 0.4283145 85 75 53
1.46372 1.520984 0.5170346 114 112 87
1.317673 1.659043 0.3140785 52 42 18
-14.69122 10.09882 -4.98543 61 63 66
1.131014 1.349164 1.084999 97 90 70
1.136216 1.352207 1.060098 127 127 112
1.427063 1.496557 0.5038041 92 82 58
-14.88214 9.780701 -4.618856 73 75 78
1.192557 1.377844 0.9045497 125 125 112
1.320819 1.407659 0.7328244 149 151 140
1.021089 1.827084 0.04220111 101 95 79
1.302572 1.584104 0.3521212 100 92 72
-14.98982 9.529897 -4.828 43 43 46
1.279364 1.451928 0.5431069 98 91 67
1.281862 1.487139 0.4562927 109 103 82
1.271121 1.514874 0.3888289 108 102 81
1.273342 1.53185 0.340265 100 95 72
0.5381088 1.244796 1.453003 76 71 58
1.116307 1.631924 0.155928 87 82 64
1.102866 1.246599 1.004592 122 124 113
0.8161114 1.856348 -0.1361207 94 88 69
1.203615 1.385941 0.614572 93 89 69
0.7893429 1.891922 -0.202253 91 86 71
1.243721 1.486126 0.3573481 94 86 62
1.182806 1.658502 0.02435876 66 60 36
0.7912313 1.87015 -0.1725177 97 90 72
1.198352 1.375123 0.6251231 123 117 101
1.218742 1.472911 0.3846146 107 101 79
0.7838749 1.886246 -0.2175021 69 66 51
1.179527 1.366557 0.6386263 97 87 63
1.01292 1.183124 1.109712 85 82 67
1.087922 1.221416 0.9455574 122 122 108
0.5733051 1.147467 1.412625 118 120 107
1.174986 1.279792 0.7160274 79 76 61
1.151344 1.500258 0.2500351 75 69 50
1.16023 1.357851 0.5524854 91 83 63
1.175114 1.263955 0.7111575 99 97 80
1.088264 1.553599 0.1057447 82 77 61
1.10796 1.528857 0.1316823 76 72 55
1.132092 1.473197 0.2379998 88 83 67
1.043789 1.159094 0.9613938 126 124 111
1.017476 1.123116 1.05278 106 104 90
1.134497 1.268875 0.6539804 88 79 59
1.116776 1.451859 0.2345341 93 89 70
1.15493 1.193503 0.7725033 107 108 95
0.6370833 1.512721 0.3985939 66 61 45
1.110266 1.424553 0.2445057 84 74 50
0.5838158 1.072053 1.331759 90 90 75
0.9697815 1.072254 1.090169 151 149 139
0.9709018 1.072163 1.069352 115 110 94
1.112629 1.432787 0.1724373 66 58 40
0.9314945 1.048225 1.099196 140 142 128
1.095165 1.434378 0.112152 87 84 69
1.12012 1.33262 0.3162009 98 93 77
0.5425286 1.018379 1.301602 103 100 81
0.9157804 1.035298 1.052369 112 109 95
0.9080093 1.04665 1.023456 89 83 61
1.159882 1.133995 0.6772075 81 78 63
1.074623 1.420446 0.06875625 79 65 47
1.14423 1.115253 0.6916726 107 108 93
0.9102296 1.050336 0.9388323 46 44 26
1.131317 1.096521 0.7115402 20 16 5
1.114057 1.198697 0.4926094 67 63 49
1.114057 1.198697 0.4926094 67 63 49
1.110978 1.271212 0.3382038 82 79 65
1.116529 1.270867 0.3374395 82 79 65
1.148667 1.098778 0.6802669 75 70 54
0.7137777 0.9747587 1.146561 131 130 116
0.9292198 1.018035 0.9318159 86 83 67
1.050044 1.348565 0.1132087 94 86 65
1.143241 1.063927 0.6148006 83 81 64
1.11223 1.192577 0.2976268 105 102 85
0.8444442 0.9270095 0.9839691 85 87 72
1.091379 1.129554 0.4224047 109 103 83
1.08374 1.166045 0.3135739 98 96 78
1.102622 0.9693593 0.584715 86 83 62
1.061096 1.042441 0.4381516 83 79 59
1.064431 1.101691 0.2923303 117 115 101
1.088064 0.9481495 0.5780787 86 88 68
1.072701 0.9767175 0.5078061 96 92 72
0.6811721 1.398085 -0.2865892 94 89 75
0.6925738 1.379617 -0.2498064 77 72 59
1.072087 0.9321892 0.5845349 108 107 90
0.9336994 1.222793 -0.01706399 91 86 71
0.859981 0.8619813 0.79429 131 135 127
0.876683 1.255337 -0.1046628 71 64 48
0.6597853 0.7864619 0.9645123 110 115 109
2.422412 0.8094609 0.2589871 91 89 75
1.04737 1.060542 0.1938668 100 97 80
0.6708206 1.32533 -0.2709557 55 51 39
1.041894 0.9906734 0.3143936 91 92 77
1.006904 0.9644344 0.3608152 74 68 52
0.8360743 0.8053834 0.736273 149 153 145
1.022363 0.9687582 0.3232501 65 61 47
0.9906736 0.9308077 0.4117793 94 87 66
0.9811749 0.9258894 0.3965255 117 113 96
0.8898163 0.828211 0.6266526 128 128 113
0.9507041 0.8798568 0.4434824 97 91 69
1.124136 0.9049078 0.3190335 106 102 84
0.9734712 0.9732502 0.1857214 112 109 89
0.8649869 0.7974691 0.59134 117 115 105
0.9789333 0.9118105 0.3065017 87 81 62
0.9199052 0.8556874 0.4358643 100 96 78
0.9033908 0.8445939 0.4518742 110 105 89
0.8905623 1.047614 0.006436672 91 88 75
0.9249963 0.9151359 0.2349247 107 102 86
0.927828 0.9133138 0.2328853 107 102 86
0.9160778 0.8817165 0.2637073 106 101 85
0.8728418 0.9682301 0.06579913 107 104 89
0.8664655 0.9851292 0.02467358 63 55 38
0.8584383 1.009481 -0.03749672 99 95 82
0.4307715 0.6468927 0.8450578 89 93 83
0.8373875 0.9437058 0.04096165 97 92 78
0.8612002 0.9123788 0.09969598 103 98 84
0.8704734 0.863493 0.1976914 87 82 66
0.8300068 0.9337722 0.05539494 102 96 82
0.8279079 0.9242797 0.04315351 55 48 31
0.7768158 0.6916882 0.5432801 92 89 73
0.8485871 0.8346501 0.1981899 115 113 97
0.8396103 0.8920142 0.08075745 110 105 92
0.8455654 0.8033149 0.2677452 123 120 106
0.8135788 0.8456101 0.1546447 101 94 76
0.778284 0.8303302 0.1138291 107 100 80
0.6988221 0.6794483 0.4462813 132 128 116
0.7132267 0.8401145 0.004273959 88 82 66
0.5088107 0.5948658 0.5545762 128 129 118
0.6464534 0.7999955 0.0008049131 96 94 78
0.5397377 0.6651749 0.2082959 130 128 116
0.4606983 0.6103376 0.3365818 132 130 116
1.99932 0.7616071 -0.4287611 121 139 80
-0.7507429 -0.1037311 1.090701 141 149 97
-1.380845 0.9142403 -1.22462 155 172 116
2.566211 0.3755315 0.08463467 53 66 37
-1.707948 -0.05351483 -0.311313 125 141 125
-34.19547 -4.209245 -0.345999 73 86 44
3.285265 0.1031173 0.5291882 130 151 150
1.740276 3.816179 2.944985 88 79 68
1.729462 4.622406 1.225978 118 109 94
1.72724 4.836112 0.7756113 126 118 108
1.723452 3.818412 2.946409 165 161 156
1.743935 3.417127 3.776763 181 181 176
1.690452 4.82345 0.8265473 124 115 100
1.687051 4.377589 1.753129 136 133 127
1.71683 3.451357 3.704163 179 178 175
1.689982 3.889274 2.794876 90 85 69
1.687294 4.364186 1.769705 145 142 135
1.68165 4.456186 1.577028 133 129 119
1.69427 3.677629 3.231703 135 131 120
1.671631 4.912709 0.6112002 127 118 105
1.663269 4.490186 1.51195 140 134 124
1.679327 3.587631 3.419782 159 155 151
1.668925 3.582021 3.437247 142 136 128
1.643403 4.483715 1.511362 129 124 113
2.928838 2.133832 2.21606 181 178 174
1.636185 3.933295 2.708261 166 164 160
1.623305 4.549129 1.398518 123 114 101
1.648271 3.549608 3.522366 170 169 165
1.63112 4.963597 0.5007917 108 100 83
1.621599 4.121826 2.295694 147 146 143
1.621599 4.121826 2.295694 147 146 143
1.618642 5.116122 0.1905145 142 134 121
1.615574 4.010357 2.5397 170 170 167
1.605459 4.736833 0.9919781 129 120 105
1.595976 4.622392 1.239323 124 114 101
1.621474 3.560633 3.48305 170 166 162
1.592836 4.390729 1.724939 125 120 109
1.591778 4.426112 1.65404 123 117 109
1.583981 4.456565 1.616059 134 128 118
1.609884 3.64752 3.30079 172 168 163
1.576292 4.615397 1.260549 106 94 81
1.586977 5.027531 0.367041 134 126 113
1.568259 4.44129 1.621136 129 123 113
1.568259 4.44129 1.621136 129 123 113
1.56812 4.615295 1.247605 121 112 100
1.573358 5.112113 0.1946955 144 136 123
1.558308 4.702697 1.063335 126 117 104
1.55535 4.047174 2.469119 82 81 76
1.546439 4.739874 0.9988873 83 75 62
1.548023 4.709045 1.04122 122 114 101
1.549776 4.588922 1.287848 119 108 95
1.544292 5.007915 0.4203254 104 98 82
1.567264 3.551857 3.507394 170 167 161
1.536864 4.40694 1.713506 126 121 110
1.534328 4.571395 1.345936 100 88 71
1.534328 4.571395 1.345936 100 88 71
1.532496 4.738599 0.9943656 116 107 93
1.558168 3.542758 3.528991 173 172 168
1.537812 3.698637 3.199908 167 166 162
1.517913 3.971564 2.644159 126 126 117
1.519484 4.95253 0.5394288 116 107 89
1.516179 4.966707 0.5061709 128 121 105
1.541305 3.428853 3.768482 163 162 159
1.513185 4.048129 2.451549 161 160 156
1.525448 3.540229 3.539171 171 167 164
1.501884 4.910504 0.6299731 134 129 116
1.524955 3.565928 3.480212 167 164 159
1.502123 4.325613 1.859365 117 112 101
1.497888 4.043918 2.464814 92 90 75
1.497888 4.043918 2.464814 92 90 75
1.522519 3.518063 3.568863 173 172 168
1.50761 3.723496 3.154556 162 159 153
1.488407 4.009481 2.551661 153 153 151
1.488407 4.009481 2.551661 153 153 151
1.471032 4.485373 1.566089 123 115 103
1.470711 4.788553 0.9020833 111 101 86
1.470711 4.788553 0.9020833 111 101 86
1.469812 4.584762 1.321704 105 94 80
1.474226 4.044356 2.464823 93 92 75
1.478927 3.729794 3.142113 157 156 152
1.491119 3.436357 3.760156 173 170 168
1.46161 4.115013 2.324716 138 135 127
1.46161 4.115013 2.324716 138 135 127
1.448972 4.75465 0.9744613 89 81 63
1.448491 4.983234 0.4825934 136 128 112
1.447407 5.001896 0.4457065 132 126 112
1.443129 4.392675 1.74113 116 108 96
1.452831 3.805174 2.973337 172 171 167
1.431203 5.116615 0.2046038 139 130 115
1.422503 4.579669 1.348035 92 81 62
1.424404 4.581333 1.346437 92 81 62
1.431076 4.386608 1.752676 112 108 95
1.425905 4.615148 1.263217 127 118 104
1.409593 5.091933 0.2474335 142 133 119
1.409525 4.565793 1.369169 117 108 95
1.387773 4.105703 2.392716 154 154 149
1.391243 4.40706 1.716401 108 98 86
1.39599 3.820344 2.952022 178 178 175
1.383 4.088283 2.387025 106 106 98
1.383 4.088283 2.387025 106 106 98
1.376971 3.84639 2.904089 165 166 161
1.350843 4.950927 0.5613593 99 92 74
1.347323 4.647954 1.196495 121 112 97
1.350064 3.794534 3.023466 108 108 100
1.350064 3.794534 3.023466 108 108 100
1.341133 3.993185 2.599586 122 123 116
1.326806 4.705146 1.087542 98 90 73
1.326277 4.705224 1.0893 98 90 73
1.341438 3.75281 3.102102 167 165 159
1.323803 4.210618 2.121838 128 126 119
1.320136 3.720341 3.174846 170 169 165
1.325251 3.49563 3.644284 171 169 167
1.288191 4.102908 2.371026 126 124 116
1.26181 5.088369 0.2820336 134 125 110
1.259762 5.095079 0.2643082 105 97 78
1.274786 3.684115 3.259629 173 172 170
1.266161 3.882693 2.841062 156 157 153
1.255648 4.332013 1.876134 68 60 43
1.257266 4.158961 2.242323 121 119 111
1.251979 3.928267 2.729974 167 167 166
1.254227 3.386585 3.914007 63 56 35
1.231281 3.791348 3.033098 167 167 164
1.217089 3.920017 2.750379 163 163 162
1.200498 4.165851 2.241856 113 109 100
1.195035 4.017378 2.561841 159 160 159
1.200002 3.903884 2.799127 149 150 145
1.180374 5.103704 0.255863 112 103 86
1.165554 5.033885 0.4033583 140 132 118
1.157834 4.919791 0.6452059 115 107 91
1.157852 4.958754 0.5601115 124 117 101
1.142738 4.679903 1.170437 116 107 92
1.144472 4.616583 1.292323 93 85 67
1.145445 4.919018 0.6391234 96 87 70
1.207353 4.133512 2.143972 81 78 59
1.140665 4.691772 1.12697 84 76 56
1.128785 5.075707 0.3154553 116 107 90
1.124693 4.909686 0.6726657 115 106 91
1.123517 4.44309 1.65322 77 66 46
1.104252 4.871099 0.7585799 114 104 90
1.099503 4.591451 1.34018 93 83 64
1.071174 4.55512 1.419822 85 74 54
1.071174 4.55512 1.419822 85 74 54
1.106722 3.586405 3.435972 129 127 116
1.059327 4.484361 1.570603 82 71 51
1.080171 3.527467 3.585087 181 181 179
1.027036 4.885481 0.7270222 99 90 75
0.9946001 4.686094 1.156047 96 88 72
0.9348069 5.196277 0.07556081 147 140 124
0.9367849 4.057053 2.490346 146 145 141
0.9735186 3.415275 3.788626 188 188 187
0.8791334 4.458434 1.641317 56 44 24
0.8713695 4.859634 0.7921394 123 114 99
0.8666688 3.769152 3.105919 172 172 172
0.8492305 3.748147 3.156198 143 145 139
0.7991161 3.66019 3.3688 179 182 181
0.7797825 4.860726 0.7935823 103 94 77
0.7664418 3.892216 2.861531 139 139 132
0.6392374 4.973661 0.6018919 114 108 92
0.6476206 5.297698 -0.111991 151 143 127
1.538426 3.344332 1.68363 96 92 72
1.551483 3.222671 1.889604 80 76 56
0.5375905 5.111075 0.3225465 137 129 116
1.522308 3.1734 1.919997 120 118 102
0.4787728 5.026669 0.4786288 89 82 63
0.4398512 5.125462 0.2928206 112 105 89
1.496465 3.140834 1.97338 124 123 112
1.501401 3.151129 1.899452 114 111 96
1.496303 3.201545 1.796481 77 71 50
1.492791 3.125047 1.956187 117 115 102
0.4353711 3.628857 3.432171 195 198 198
1.489363 3.171574 1.832503 75 69 49
0.3733771 3.686234 3.410995 177 178 173
1.494702 3.219212 1.634465 102 100 86
1.477368 3.197089 1.610501 107 104 91
1.463459 3.165333 1.69864 102 99 83
1.411587 3.061753 2.036634 128 133 121
1.422778 3.067038 1.998079 93 94 78
1.401252 3.04649 2.002105 113 117 100
1.43381 3.115036 1.723596 103 100 82
1.423161 3.094531 1.765225 113 109 93
1.407943 3.073069 1.830153 129 133 121
0.1507941 4.896895 0.7787077 114 107 93
1.462181 3.095986 1.55337 98 96 81
1.462181 3.095986 1.55337 98 96 81
0.008221464 5.077106 0.4052486 111 106 93
0.02122571 3.772121 3.212358 164 162 159
1.246433 2.990724 1.907347 166 173 168
-0.1733678 3.771508 3.214002 170 169 166
1.234036 2.993362 1.733949 118 116 98
1.234036 2.993362 1.733949 118 116 98
-0.4041516 3.722373 3.39197 175 173 169
1.105139 2.962768 1.9231 172 181 181
1.117809 2.971349 1.810282 134 133 121
0.9607844 2.983178 2.065984 152 155 147
1.045004 2.950852 1.905153 155 160 151
1.374437 2.806952 1.394628 97 96 81
1.362863 2.841799 1.324468 53 50 31
1.362863 2.841799 1.324468 53 50 31
0.9634413 2.921814 1.699008 156 160 154
0.7612947 2.94214 1.841585 156 163 163
1.304855 2.796318 1.112307 101 97 83
1.304855 2.796318 1.112307 101 97 83
1.298513 2.773142 1.133165 110 111 97
1.17887 2.750917 1.365112 154 158 156
1.329503 2.714676 1.023292 77 76 58
1.311378 2.700391 1.04737 91 89 75
1.318987 2.674566 1.002858 104 105 90
-0.125425 3.358049 1.964434 157 158 149
1.159824 2.627003 1.330588 125 132 123
-1.601125 4.804173 1.225066 95 90 76
1.274935 2.523811 1.202296 136 142 133
1.317646 2.542648 1.075209 80 78 63
1.306049 2.522722 1.126229 120 122 113
1.315429 2.525819 1.063395 118 118 106
1.314394 2.506076 1.085995 83 81 64
1.314394 2.506076 1.085995 83 81 64
1.310129 2.498523 1.095885 114 114 104
-1.849855 4.631129 1.546301 65 62 43
1.144382 2.435764 1.217178 117 113 91
2.972584 1.060417 1.384722 180 180 180
1.111067 2.389649 1.248649 59 57 41
1.115149 2.369062 1.242606 87 85 70
1.123143 2.353565 1.229995 47 45 31
1.289466 2.360625 0.905453 112 112 99
1.284072 2.354653 0.9180345 143 144 134
1.331603 2.354565 0.8381293 73 74 59
1.189722 2.333899 1.071145 68 65 42
1.1937 2.277344 1.127358 116 113 103
1.184282 2.296078 1.083325 80 76 55
1.307183 2.311226 0.8616942 77 79 65
0.9726926 2.330528 1.290398 90 92 76
1.197825 2.257653 1.125348 82 80 66
1.304028 2.307208 0.8449588 83 85 71
1.307966 2.289873 0.7867775 73 69 52
1.208788 2.193234 1.094627 72 69 50
-3.241027 4.863773 1.332778 80 78 61
1.188742 2.23141 1.00532 82 77 61
-3.265925 4.740989 1.604576 34 30 11
1.554537 2.131118 0.6468275 87 86 71
1.443778 2.118145 0.762939 102 97 81
1.165625 2.106902 1.146962 137 142 133
1.186748 2.108566 1.066093 98 96 84
0.6167824 2.380402 1.191307 113 118 109
1.80842 1.925013 0.5868804 69 65 47
1.569167 1.869904 0.8383216 126 123 107
-10.38338 9.556826 -1.444241 52 47 47
0.8798629 2.028163 1.244079 136 141 134
-10.96615 9.424904 -0.8710983 74 74 75
1.550615 2.017054 0.3684062 67 60 39
1.575097 1.732511 0.9515185 123 127 110
1.585429 1.77702 0.7845015 94 93 76
1.576867 1.705688 0.9276063 120 119 99
-10.06934 8.91575 -1.766351 54 52 52
-10.06378 8.872499 -1.693986 66 64 65
0.932973 1.837631 1.283555 91 93 82
1.56215 1.735391 0.8011572 123 120 102
1.574205 1.673568 0.8866549 72 69 44
1.562323 1.728941 0.7166914 110 104 88
-1.139382 3.172256 0.4531547 76 68 48
1.549679 1.679245 0.7964519 122 121 105
1.145409 1.656728 1.179927 131 135 128
0.228902 2.527232 0.121595 93 87 65
1.041593 1.606068 1.266224 114 116 107
-9.508644 8.154823 -2.576474 76 71 68
1.549723 1.638716 0.6532716 110 107 92
1.568276 1.676421 0.5527045 89 82 60
1.570964 1.632921 0.5918139 117 115 97
0.07587545 1.953919 1.317668 157 161 149
0.2001379 1.817396 1.519874 102 106 98
0.8894009 1.545528 1.393206 110 112 103
0.9202341 1.534512 1.367765 74 72 56
0.8734894 1.521437 1.425228 113 115 106
1.473009 1.533885 0.8287594 88 72 53
1.383126 1.521426 0.9322591 164 168 159
0.9184508 1.506775 1.375942 109 111 101
1.440467 1.784402 0.2538118 75 67 44
1.152225 1.521831 1.061764 120 117 95
0.8781134 1.469206 1.393181 148 154 148
1.163599 1.494524 1.051165 111 107 88
1.149618 1.485828 1.077504 104 100 79
1.398912 1.47905 0.86817 137 138 120
1.413559 1.480269 0.8316689 95 88 72
1.455714 1.532492 0.6599841 130 128 112
1.431437 1.514726 0.6966433 74 66 44
1.431437 1.514726 0.6966433 74 66 44
1.263063 1.455425 0.9583099 101 97 79
1.092247 1.421072 1.178468 124 126 115
1.1895 1.450679 1.027744 107 105 91
1.417256 1.485296 0.7379743 97 94 75
1.122483 1.40483 1.142054 78 79 65
0.7934836 1.411081 1.347858 140 143 134
1.145308 1.357924 1.089088 112 115 98
1.171962 1.377753 1.027271 126 126 110
1.322437 1.427663 0.7874867 161 166 157
0.9086568 1.370954 1.249217 112 112 100
1.357827 1.487797 0.6029216 105 98 79
-15.29658 9.418021 -3.41828 56 50 49
0.9249683 1.345855 1.239263 127 128 117
1.424901 1.511687 0.4716073 76 66 37
1.291237 1.628938 0.3202108 96 86 61
2.918162 0.8643153 0.6794007 135 136 124
1.247517 1.399693 0.829025 131 131 116
1.354088 1.420581 0.6919039 141 140 125
1.175571 1.36774 0.9426417 102 100 86
1.177513 1.365527 0.9278511 127 127 115
1.177513 1.365527 0.9278511 127 127 115
1.17079 1.351265 0.9482496 87 84 69
1.282388 1.463311 0.5524285 132 127 105
1.270405 1.436294 0.6088843 89 81 58
-15.07894 8.897474 -3.774415 83 84 91
-14.89538 9.361643 -4.853781 55 55 57
1.191622 1.347343 0.8009005 158 159 146
0.5254372 1.2636 1.460822 64 60 42
1.154408 1.295594 0.9301681 87 83 62
1.264317 1.455884 0.4966939 96 90 68
-14.90388 9.274487 -4.838862 78 77 80
1.134892 1.281695 0.9658073 132 130 116
1.13549 1.298811 0.911153 92 87 68
1.021516 1.223862 1.126034 92 92 82
1.251147 1.497143 0.3580626 85 78 52
1.117366 1.257496 0.9745183 88 84 66
1.239113 1.412092 0.5465692 100 96 75
1.206238 1.37156 0.6443518 118 108 84
1.112268 1.241304 0.9431591 118 116 102
1.140353 1.543796 0.2387484 102 94 72
1.117114 1.273473 0.828226 114 111 89
1.186848 1.313944 0.6649373 97 90 70
1.150499 1.345507 0.5840531 86 80 58
1.158079 1.433524 0.3648102 103 93 68
1.054455 1.21163 0.8856538 20 18 4
1.055789 1.164348 0.9802118 95 88 68
1.125856 1.214453 0.8136289 145 149 141
1.024902 1.13818 1.032339 95 93 79
1.034896 1.143144 0.9707478 134 132 117
1.177423 1.212675 0.729836 85 82 67
0.5911797 1.091376 1.3344 96 95 80
1.147452 1.319082 0.4884035 93 89 69
1.006993 1.112369 1.012681 123 121 107
1.112367 1.452866 0.179138 88 83 65
1.171867 1.180583 0.7244317 49 40 20
1.164588 1.182104 0.7244994 49 40 20
1.109088 1.424499 0.2249548 89 78 50
0.9615779 1.104268 0.9869511 125 120 101
1.124455 1.361745 0.2898161 87 83 66
1.136012 1.133538 0.7623975 106 107 95
1.162434 1.135868 0.7392869 82 74 55
1.143053 1.175424 0.6562811 92 88 72
0.908671 1.030448 1.041451 91 84 64
1.150802 1.106636 0.7171973 95 90 73
1.146496 1.114534 0.7054157 43 38 22
0.9616935 1.056919 0.8978557 150 155 149
0.8774874 1.010607 1.027059 121 120 111
1.074084 1.38411 0.09580893 85 80 66
1.069607 1.395058 0.07078792 94 88 72
0.8817566 1.010944 1.013205 135 138 128
1.111917 1.197171 0.4796825 96 92 73
1.145834 1.049807 0.6830247 82 78 59
1.107809 1.140886 0.4970603 106 102 83
-1.271489 1.037819 1.805337 133 138 133
1.096061 1.144656 0.4314645 109 105 86
1.141903 1.029887 0.655865 102 98 78
1.008998 1.307762 0.07281426 65 57 37
0.4950882 0.8626355 1.280335 145 150 145
0.5178024 0.8822772 1.214617 104 98 76
0.4619593 0.84813 1.291839 137 141 134
1.085432 1.042888 0.4830384 96 92 74
1.085432 1.042888 0.4830384 96 92 74
1.11432 0.9800903 0.5908332 84 80 58
1.06871 1.087914 0.347822 95 85 65
1.070826 1.061288 0.3912944 118 115 102
1.001377 0.9194008 0.7048428 116 116 106
0.6736373 1.421895 -0.2943958 92 87 71
0.5052532 1.502334 -0.517091 166 171 176
1.01248 0.9828027 0.3583168 111 106 86
0.6794951 0.768084 0.9251737 129 134 128
1.040878 1.03482 0.2111284 104 102 87
1.016172 0.9023241 0.4852773 99 92 72
1.014612 0.9926285 0.2473211 79 72 52
0.6639655 1.272863 -0.2714817 78 71 53
0.6666077 1.258951 -0.2439579 75 71 55
0.8774527 0.8199226 0.6346853 138 138 127
0.9613366 0.9219909 0.2657834 104 96 77
-1.378118 1.84353 -1.106159 179 190 81
0.9315588 0.9468014 0.1999329 83 79 62
0.9467377 0.8837545 0.3019175 102 95 77
0.8800101 0.9824309 0.08523075 83 79 63
0.8827133 1.019013 0.0010016 102 95 77
0.8775866 0.9927781 0.06533752 103 100 86
0.9318156 0.8809984 0.2869526 78 71 53
0.9318156 0.8809984 0.2869526 78 71 53
0.8730555 0.9998004 0.02958264 93 88 74
0.8524172 0.9871705 -0.008540012 35 33 18
0.8524172 0.9871705 -0.008540012 35 33 18
0.8968993 0.8190678 0.3415917 105 101 86
0.8752059 0.8179846 0.3283293 122 118 105
0.8814693 0.8251637 0.3024373 37 35 23
0.8832847 0.852039 0.2501768 98 92 76
-0.1631205 0.9615375 0.250677 61 56 37
0.4584656 0.6407954 0.7900665 117 121 112
0.5019382 0.7137305 0.6129492 90 88 75
0.8748631 0.8302106 0.2734663 113 107 89
0.8419456 0.9427415 0.02767551 40 36 23
0.7710064 0.7394304 0.459714 124 122 108
0.7435898 0.6648452 0.6020883 121 121 109
0.8231864 0.8897382 0.06056284 80 76 62
0.8333579 0.7948678 0.2457634 112 110 99
0.8256511 0.8723308 0.07026258 110 106 92
0.8272244 0.8137721 0.1827451 73 63 43
0.7582939 0.728615 0.3327636 122 123 116
0.5190162 0.6179355 0.6010435 127 128 120
0.6954419 0.8568318 -0.01987843 109 104 88
0.6888063 0.8501886 -0.03139612 89 84 68
0.6322216 0.6537465 0.3826936 117 113 96
0.7287588 0.7127337 0.224189 124 121 104
0.6399533 0.7985594 -0.014566 85 78 61
0.5088368 0.6220614 0.3756026 75 73 59
0.4119399 0.5657606 0.4964306 121 122 114
0.4119399 0.5657606 0.4964306 121 122 114
-0.6237403 1.578808 -1.921973 111 135 63
0.2594379 0.4211897 0.2824672 83 85 78
0.2913242 0.6389934 -0.2465443 84 93 66
0.3118528 0.3645035 0.251984 93 95 87
-4.274066 1.265045 -2.547345 114 132 87
2.863856 0.2043308 0.5829221 123 137 78
0.7526857 -0.06903598 0.6470963 177 184 159
3.201669 0.1104134 0.5856825 200 210 176
1.768801 -0.2792103 0.8629117 138 145 89
0.8646644 -0.4033768 0.7203532 190 208 207
0.194419 -0.5765604 0.4612974 206 206 197
0.1465103 0.4426071 0.5472659 84 86 79
0.6758394 4.01062 2.624272 133 130 124
1.512674 4.332623 1.863055 98 88 70
0.3779992 3.539638 3.627661 114 111 105
0.6651794 3.605828 3.470853 39 34 25
-0.3891741 3.697589 3.361619 187 181 169
1.008066 3.649835 3.341925 165 162 151
1.119302 4.030704 2.551337 143 138 126
0.5924348 3.969122 2.711514 88 85 78
0.7828541 3.706083 3.2475 172 167 157
0.5578549 3.80047 3.070456 167 162 148
1.294869 3.816353 2.976687 65 66 52
0.3087636 3.699439 3.299503 175 170 159
0.3546508 3.673865 3.356731 72 64 53
0.9250401 3.999958 2.622627 77 73 61
0.7469169 3.944726 2.751566 101 101 96
-0.04584723 3.917383 2.867149 110 110 96
-0.2731277 3.822411 3.088292 105 105 92
1.624333 4.348241 1.821744 81 78 65
1.642182 4.368268 1.772509 55 51 39
1.474722 4.269435 1.996365 60 57 48
1.175795 4.007264 2.58328 141 139 129
0.8194276 3.855653 2.926203 65 65 54
0.7349904 3.808506 3.042228 99 96 87
0.608665 3.681101 3.314745 168 162 151
0.6064544 3.90721 2.847543 130 124 106
0.5613658 3.975337 2.698838 76 74 66
0.3600895 3.828216 3.024938 114 110 99
1.116293 5.319212 -0.1937869 143 134 117
1.844725 0.9058723 2.03535 130 112 96
1.183617 1.669742 1.147687 160 165 162
1.420342 1.601176 0.9736129 106 104 85
1.412727 1.493874 0.7834914 96 90 71
1.025663 1.105 0.8451315 116 117 106
0.9166449 1.031508 0.9332415 61 55 39
1.031221 3.50526 3.628651 180 176 173
1.763824 5.100868 0.1846953 134 126 112
0.6000713 5.517752 -0.5526277 152 142 126
-1.756241 3.983886 2.871636 186 186 184
-2.470132 3.929704 3.13233 180 178 172
1.556269 1.713513 0.7897301 103 101 87
1.080983 1.591567 1.212375 159 165 160
1.552011 1.674969 0.7124003 91 88 69
1.586574 1.696743 0.6103392 61 53 35
1.499649 1.574368 0.6928226 134 136 125
1.421356 1.479962 0.7433147 88 82 62
1.207747 1.331478 0.7457781 142 146 138
0.6026825 1.118342 1.314452 65 60 41
0.9177837 0.9716572 0.8606667 86 84 69
0.8297841 0.8011751 0.6987765 140 142 134
0.8646646 0.7901234 0.4110015 135 137 130
0.7346098 0.7055326 0.2822036 114 108 98
2.219715 4.913534 0.5416589 139 131 120
1.950753 4.888641 0.6518628 124 118 102
1.824971 5.112227 0.1248589 140 132 118
1.640847 5.016757 0.3893415 138 128 113
1.637581 5.084976 0.2553809 133 124 109
1.638438 5.078676 0.2558382 133 124 109
0.6095319 5.29579 -0.138405 126 116 99
0.4611048 5.618618 -0.779837 131 122 107
0.2678184 5.543903 -0.5567682 133 125 109
-1.434355 3.670909 3.511383 183 181 179
-1.723836 3.760997 3.360351 184 184 182
-1.704968 3.746256 3.358509 184 184 182
-2.08508 3.746255 3.436301 184 184 182
1.137163 2.548496 1.323204 102 109 94
1.279764 2.435044 1.075869 140 146 142
1.220889 2.285919 0.9935939 91 92 77
1.181827 1.559919 1.08564 96 90 67
0.4335626 1.258804 2.018987 135 114 90
1.13513 1.344528 0.9994304 138 139 125
1.361974 1.478651 0.6209787 102 92 66
0.4965725 0.8463988 1.135414 146 150 144
1.053466 1.041091 0.302155 106 106 94
0.9640889 0.8664563 0.6132241 117 117 104
0.6568006 0.7006026 0.8258957 111 114 107
0.7944058 0.7534212 0.296466 127 128 121
2.246278 4.953784 0.4671524 138 130 116
1.039109 3.587776 3.460616 177 173 170
2.116171 4.899499 0.5931478 133 125 113
1.764622 4.576646 1.301202 121 112 99
1.348893 4.308645 1.922843 108 100 87
1.947034 5.096149 0.1946335 139 130 115
1.721915 4.849074 0.7114798 119 110 95
1.711067 4.867433 0.7113382 119 110 95
1.55267 5.08569 0.2525614 111 101 84
0.3997791 3.825881 3.015479 164 164 157
1.564604 5.418026 -0.4380504 149 141 128
1.521074 3.220018 1.823288 101 99 83
-0.133922 3.532535 3.716334 177 173 167
1.484828 3.194274 1.762364 107 105 92
0.233335 3.930442 2.683182 154 162 163
1.447466 3.127173 1.791203 116 118 108
0.9366679 4.998209 0.5049018 105 96 80
1.432632 3.092768 1.827363 97 95 80
1.430505 3.094659 1.827264 97 95 80
1.366762 3.049425 1.730987 143 149 144
1.253247 2.997314 1.768682 156 161 159
0.7096292 5.503199 -0.6015366 150 141 124
-1.179508 3.557515 3.710374 180 180 176
-1.096556 3.869394 3.091981 187 186 184
1.245031 2.772115 1.319182 148 150 141
1.245772 2.771058 1.320005 148 150 141
-1.028187 5.323587 0.0190964 175 167 157
1.2191 2.458936 1.175097 108 110 101
1.189391 2.15384 1.086461 133 136 128
1.46203 1.727592 1.016667 155 162 155
1.284713 1.560595 1.017483 104 105 90
0.8618894 1.448381 1.297328 133 133 123
1.094005 1.250614 0.9944046 113 112 98
1.094005 1.250614 0.9944046 113 112 98
1.261374 1.352533 0.7048466 89 86 69
1.135883 1.300366 0.8590807 150 147 130
1.105291 1.247284 0.9240153 112 109 95
1.033273 1.158756 1.048522 68 66 49
1.046225 1.13548 0.8415022 103 100 85
1.090745 0.9819343 0.6704684 109 109 90
1.07159 1.08075 0.2901562 110 107 94
0.9876204 0.8996496 0.674388 88 86 72
0.8091022 0.8384799 0.8263778 155 157 148
1.064186 1.07625 0.2557085 83 76 62
0.7367041 0.757671 0.8577739 108 109 104
0.9324785 0.8715673 0.4111819 125 125 111
0.9491846 0.874115 0.3565023 145 148 138
0.8427224 0.7691916 0.3668008 102 96 80
0.1642935 0.4942119 0.5168864 84 81 67
2.286812 4.945694 0.4748958 109 100 87
1.810973 4.52813 1.398538 128 120 108
0.791933 3.470201 3.745079 179 179 177
1.07871 3.832153 2.959052 166 165 160
1.789414 4.69859 1.053047 117 112 99
1.299086 4.238271 2.0803 113 110 99
1.359976 4.327754 1.878851 90 82 69
1.484606 4.513331 1.484926 116 104 90
1.070361 4.056115 2.473549 138 137 132
1.205327 4.185233 2.151987 51 46 33
1.904305 5.04236 0.3106044 119 110 97
1.966889 5.174257 0.04256992 124 115 97
0.8194109 3.950989 2.735933 158 160 155
0.818444 3.949654 2.736848 158 160 155
1.736053 5.253226 -0.1586675 144 136 121
1.564492 5.145 0.1378039 135 127 111
0.3346322 3.724332 3.244395 177 176 174
1.318169 5.000618 0.4570689 104 95 78
1.44389 5.234268 -0.2187786 139 132 116
-0.1963075 3.841789 3.055002 173 172 168
1.430615 3.113394 1.66214 112 109 94
-0.6377201 3.636775 3.566322 179 175 172
0.7737553 5.526682 -0.6578428 149 143 127
0.7737553 5.526682 -0.6578428 149 143 127
1.185376 2.969346 1.665795 153 155 146
0.7724558 2.988254 2.094865 187 196 202
1.399154 2.801392 1.449758 78 68 48
0.2310149 5.557516 -0.6326348 149 140 123
1.241665 2.783627 1.408189 169 178 180
1.269405 2.78329 1.349181 124 128 120
1.172997 2.730771 1.312693 132 133 127
1.225527 2.741091 1.222463 119 120 105
1.157206 2.60158 1.320619 162 167 156
1.156152 2.601156 1.319767 162 167 156
0.6153502 3.810122 0.3016607 170 162 151
1.278458 2.531858 1.166232 143 145 139
-2.248987 4.042029 2.868838 178 175 169
-2.248987 4.042029 2.868838 178 175 169
1.104791 2.292283 1.306147 121 126 117
1.246578 2.367504 1.052948 91 92 77
1.339692 2.408906 0.847523 125 128 120
1.306243 2.379988 0.8899783 120 121 112
-3.293664 4.202803 2.586592 163 160 150
-3.61084 4.551118 1.877044 168 162 152
1.143391 2.066881 1.103894 88 88 76
1.085177 1.653749 1.223535 48 43 27
1.141441 1.595999 1.161069 151 151 134
1.142619 1.56698 1.139698 87 87 71
1.37719 1.515873 0.9230006 143 144 135
1.183184 1.503078 1.033583 151 152 139
1.470912 1.548064 0.6803046 119 118 104
1.397638 1.461125 0.7692892 126 125 107
0.8625799 1.351916 1.267924 91 88 76
0.5752264 1.317322 1.433935 39 38 24
0.5720708 1.320148 1.432875 39 38 24
1.265289 1.40964 0.8071233 149 149 140
1.261623 1.38835 0.7694017 150 152 140
1.125362 1.279373 0.9714668 109 108 94
1.029409 1.177474 0.9169774 135 131 110
0.9949703 1.125077 1.031584 88 82 62
0.9988794 1.12096 1.033604 88 82 62
1.132815 1.115967 0.7620983 94 91 78
1.150005 1.112971 0.7311539 89 82 63
0.5131559 0.88927 1.302101 135 139 133
0.8582672 0.9272464 0.929533 97 96 85
1.0771 1.114187 0.2645792 91 85 64
0.8457351 0.8514165 0.8196104 91 91 80
0.9577049 0.8778985 0.3276677 91 84 64
0.8215274 0.759749 0.5515408 122 120 108
0.8495187 0.7987859 0.2588551 107 104 93
0.12613 1.36216 -1.174313 87 92 84
1.803687 4.382492 1.719686 130 124 114
2.282662 4.926864 0.5173745 138 130 117
1.123472 3.711013 3.21815 166 165 159
1.829889 4.656519 1.140207 104 96 81
1.230945 4.009908 2.577187 157 157 155
1.220462 4.128468 2.317068 136 135 131
0.9060592 3.773087 3.100552 168 168 164
1.12625 4.122478 2.324443 126 124 117
1.964046 5.104841 0.1536574 134 126 113
1.077182 4.133559 2.324576 64 61 48
1.077182 4.133559 2.324576 64 61 48
0.4450002 3.491783 3.723648 183 183 183
0.950818 4.069139 2.409 111 115 107
0.4126364 3.489604 3.737452 167 163 159
0.3660932 3.479875 3.749578 184 183 181
0.7244316 4.027166 2.57726 121 118 107
0.5525355 3.863875 2.959002 160 159 151
0.5994028 3.947544 2.756405 156 155 148
1.597469 5.114632 0.1926522 102 93 76
1.600682 5.108394 0.1934187 102 93 76
0.3267939 3.749164 3.202463 175 173 170
0.51846 3.978265 2.70253 154 153 149
1.645953 5.324564 -0.2383545 143 134 120
0.5042749 4.007374 2.639466 129 129 126
1.489982 3.217781 2.01364 140 141 134
0.8358947 3.505252 2.381647 172 181 186
1.468881 3.115144 1.912723 121 121 111
0.1893311 4.000652 2.657631 138 145 144
-0.2596878 3.49292 3.792982 162 158 149
-0.2913081 3.591544 3.613721 185 181 179
-0.5216707 3.497011 3.870367 160 157 150
1.210418 2.987643 2.107506 158 166 155
1.231784 2.993544 2.054299 140 142 129
1.421901 3.089942 1.683429 90 83 64
1.337738 3.038446 1.836669 145 150 142
1.338282 3.037822 1.836761 145 150 142
1.275296 3.01035 1.844642 158 163 161
1.436303 2.932928 1.588865 90 87 73
1.425385 2.812435 1.484778 81 66 46
1.410549 2.802523 1.504269 126 132 123
1.066415 2.928837 1.702424 152 156 152
1.366985 2.78793 1.437922 127 132 120
-0.08519653 5.19133 0.2548358 132 123 108
0.648892 3.002669 1.968791 192 198 199
-0.8399213 4.303302 2.127394 185 195 197
0.1790422 5.587351 -0.6848875 132 124 107
0.1689039 5.595735 -0.6889626 132 124 107
-1.56189 3.777942 3.319123 183 182 180
0.6157001 2.960913 1.78432 160 166 162
-0.9455984 5.271822 0.09231726 147 139 127
1.219929 2.511427 1.225398 103 105 94
1.248888 2.484533 1.149642 151 154 147
-2.306273 4.299789 2.277214 157 154 145
1.291162 2.388789 1.013412 76 71 52
0.649734 1.979246 1.421542 153 158 155
1.517471 1.614797 0.9175758 113 115 99
1.540388 1.642362 0.6760244 127 127 116
1.057326 1.537302 1.177642 136 136 122
1.394261 1.470295 0.8398748 123 124 105
1.189304 1.44523 0.9735658 133 129 113
1.164823 1.411903 0.9863176 80 73 53
0.6340387 1.356561 1.417642 121 122 117
1.302356 1.433721 0.8349969 146 146 134
1.432458 1.498581 0.5274457 122 121 106
0.6933535 1.884764 0.3309959 122 121 106
1.263227 1.371745 0.7320083 129 130 115
1.181268 1.320053 0.7805246 110 107 92
1.10082 1.254417 0.8903738 75 67 47
1.109855 1.273732 0.8384442 108 104 85
1.049527 1.176893 1.024333 116 116 105
1.170432 1.298795 0.7381352 125 126 110
1.01454 1.140365 1.103224 65 54 31
0.9532382 1.065866 1.107224 82 76 61
1.148198 1.422945 0.3417836 97 89 66
1.020885 1.154857 0.8936304 104 101 81
1.002809 1.137503 0.904408 148 149 138
0.6105765 1.043718 1.258664 103 101 86
0.7635413 1.045073 1.17632 159 162 159
0.5436004 0.9448025 1.292162 94 91 79
1.040818 1.061532 0.8192428 139 142 132
1.149178 1.086728 0.6945941 108 108 96
0.8525156 0.8773961 0.8406872 115 115 105
0.2861941 0.7399963 1.139093 151 157 152
1.008295 0.9300454 0.349304 92 84 66
0.4428464 0.6693559 0.8990629 153 154 149
-0.5614368 0.9222348 0.4031364 116 113 99
0.8582518 0.7957639 0.3497296 128 126 115
0.5502932 0.6420613 0.6863443 146 148 140
0.7736067 0.7385457 0.3499909 110 107 94
0.4987873 0.6903614 0.05265843 47 46 41
0.1341577 0.4112855 0.5591186 91 92 87
0.2968788 0.3834288 0.2475184 87 93 90
1.357872 3.848586 2.894775 167 167 163
1.701316 4.262124 1.990374 139 136 130
2.114662 4.743579 0.9158528 125 116 104
2.124273 4.780716 0.8504452 132 124 111
0.9066207 3.402088 3.877305 180 179 175
1.596701 4.30985 1.894375 134 131 122
1.876646 4.622048 1.188745 119 111 99
1.055471 3.717934 3.202338 175 174 170
1.500993 4.262265 2.018865 124 120 110
1.690667 4.472568 1.543576 135 127 118
1.670362 4.44997 1.592698 110 102 92
2.14884 4.995956 0.3850789 135 125 113
0.8868859 3.555571 3.556992 177 176 172
2.183127 5.043524 0.2664098 117 107 95
1.245731 3.996594 2.597105 147 147 145
0.9494233 3.659673 3.328209 167 167 165
1.604815 4.440289 1.629907 123 115 103
1.438679 4.34676 1.836707 108 100 87
1.917671 4.945972 0.4941607 136 128 115
1.090526 4.03341 2.545652 154 155 152
1.418541 4.401877 1.715088 111 102 89
1.642799 4.664922 1.140411 99 90 75
1.772086 4.838718 0.7534914 117 109 95
0.9749935 3.943095 2.737282 159 158 154
0.5654114 3.44397 3.803195 173 169 166
0.6639524 3.605747 3.469554 75 65 51
1.223212 4.289325 1.975685 70 59 40
0.9682688 4.051252 2.510867 144 143 138
0.4387417 3.560746 3.583678 183 183 181
1.630654 4.979836 0.4749803 132 123 108
1.263949 3.781758 2.122087 127 134 129
0.3085898 3.428365 3.867976 187 187 187
1.276548 3.781515 2.099531 100 105 93
0.7805748 4.019527 2.59117 152 152 145
1.236549 3.764644 2.142906 139 143 138
0.3612459 3.555646 3.610002 183 182 178
0.4655344 3.741738 3.201851 176 175 173
1.174978 3.715658 2.192422 85 87 79
1.605102 5.09231 0.2330506 134 125 110
0.5835004 3.992417 2.659415 133 130 123
1.013397 4.540468 1.465565 67 55 35
0.1409793 3.533233 3.659443 184 184 180
0.09403986 3.549895 3.670453 182 181 177
1.110489 3.487541 2.266701 134 140 138
0.5301709 3.937453 2.602313 168 179 184
1.216981 5.128276 0.19635 114 104 84
1.425082 3.068148 1.972668 88 85 66
-0.286252 3.531429 3.75516 154 150 141
0.08764564 3.979099 2.728884 152 158 158
1.460028 3.163493 1.732692 63 56 34
1.466866 3.168952 1.715022 113 110 97
1.452734 3.140289 1.743054 103 101 91
0.08644529 4.061961 2.545419 144 153 152
1.112024 3.034829 2.226712 136 144 141
1.388564 3.065078 1.701041 103 98 78
1.242633 3.00327 1.952599 134 136 125
1.370782 3.047081 1.740659 148 154 150
1.22544 2.997325 1.967581 154 160 151
1.370004 3.054719 1.711707 141 145 138
1.259147 2.998918 1.854639 131 135 127
-0.5068657 3.808146 3.154328 153 151 144
0.6189653 5.317963 -0.1579066 123 111 93
1.433741 2.892771 1.575513 75 71 57
1.43484 2.827004 1.508272 73 65 43
1.402975 2.823796 1.553634 162 167 165
1.008212 2.943826 1.870908 164 168 164
-0.3663141 4.453143 1.765268 183 191 191
1.420717 2.821246 1.462487 95 91 71
0.9307629 2.957261 1.870617 181 186 182
-1.17644 3.605811 3.651826 150 147 141
-0.9422967 3.908231 2.995264 142 139 130
-0.9180734 3.926464 2.945987 157 153 142
-0.08655598 5.081822 0.4590093 110 103 87
-1.133804 3.819632 3.190588 179 176 173
1.35977 2.795208 1.389948 85 84 66
1.024662 2.932496 1.60694 137 136 124
1.315887 2.789104 1.434217 133 139 127
0.1350145 5.499994 -0.4968345 128 118 101
1.295681 2.79226 1.356406 136 140 135
1.316226 2.796805 1.317778 98 99 84
1.292004 2.793233 1.321939 130 134 126
-1.365568 3.939443 2.952221 174 173 167
1.299204 2.804821 1.254866 75 71 50
1.201529 2.76398 1.380522 165 171 169
1.181022 2.753884 1.343637 128 132 127
1.169096 2.736398 1.355906 151 161 159
1.127649 2.73732 1.363882 139 140 125
-0.2386674 3.384863 1.985509 119 119 107
1.079447 2.654773 1.429872 96 100 90
1.185782 2.602178 1.301749 96 101 92
-1.876233 4.219901 2.39963 157 151 145
1.271068 2.49501 1.164155 104 108 99
-0.4935249 3.391625 1.691832 157 157 149
1.156434 2.135762 1.180302 96 99 88
1.181823 2.200495 0.9800941 74 67 48
0.7819318 2.049463 1.353813 122 125 122
1.571921 1.856362 0.8487432 82 74 51
1.011714 1.974861 1.127124 122 120 105
0.5706229 1.983421 1.479427 118 124 114
1.633894 1.93193 0.6354406 124 124 116
0.6307965 1.951133 1.426013 110 113 109
1.584377 1.753193 0.7245625 104 100 86
1.108412 1.656497 1.199292 140 143 137
1.123588 1.64938 1.18038 7 8 5
0.8835831 1.612021 1.38098 117 121 115
1.459058 1.590659 0.9447199 129 132 120
1.126996 1.596248 1.184721 144 147 137
1.555976 1.689376 0.67466 142 143 132
0.9027674 1.552456 1.378895 94 94 85
1.399485 1.557231 0.9736608 108 103 84
-0.0662288 1.872664 1.548985 164 169 166
1.159767 1.55058 1.113066 143 150 141
1.073251 1.548867 1.169174 98 95 77
1.540462 1.613674 0.6438844 94 90 73
1.534012 1.606849 0.656517 113 111 97
1.400446 1.491903 0.8657268 83 80 64
1.114125 1.435813 1.124945 38 33 17
1.511458 1.561813 0.5820361 109 106 87
1.384898 1.456632 0.8177227 136 135 115
1.145438 1.37958 1.080606 74 72 52
1.107624 1.358853 1.132303 117 120 107
1.162802 1.383376 0.9719778 17 15 5
1.116036 1.331971 1.055662 137 135 121
0.5725445 1.313828 1.404494 101 101 93
1.210795 1.386726 0.8722052 142 144 132
0.898225 1.310989 1.197827 107 104 88
1.394138 1.476513 0.5185394 130 127 110
1.223822 1.368417 0.7908001 144 145 135
1.22173 1.367649 0.7907419 144 145 135
1.287104 1.461158 0.526379 126 122 105
1.081507 1.241239 1.024454 96 92 74
1.070765 1.221094 1.034421 134 136 125
1.166995 1.300682 0.7758788 139 139 131
1.087292 1.254704 0.8632237 116 112 91
0.6017617 1.103263 1.326003 96 94 81
1.03962 1.147615 0.9898676 90 83 64
1.000923 1.10077 1.080371 123 123 111
1.05197 1.156625 0.845427 103 99 78
1.147012 1.138435 0.7750359 128 129 122
1.039739 1.093159 0.8251626 88 86 68
1.136363 1.082442 0.7301544 123 123 111
0.687753 0.9620208 1.157978 144 146 137
1.138589 1.04279 0.6978928 116 117 101
1.123767 1.027116 0.7072856 115 118 107
1.018682 0.9929056 0.7701367 122 122 112
1.129164 1.020265 0.6725649 99 96 77
0.8323994 0.8838717 0.9369012 60 62 53
1.114608 1.154401 0.2559392 106 103 88
0.8395602 0.8715947 0.8837306 96 98 87
1.073516 1.106832 0.2944439 109 107 92
1.07219 1.079619 0.2629286 81 76 63
0.7829122 0.8375694 0.8462909 120 118 105
0.7411622 0.7782844 0.8671885 110 112 105
0.8507949 0.8172895 0.7259784 118 120 112
1.009476 0.9705483 0.2610995 88 80 60
0.9984745 0.9189875 0.3237257 106 102 83
0.8564991 0.7907999 0.6242651 102 102 92
0.8855063 1.05046 -0.03472338 75 68 50
0.8879 1.053431 -0.07981472 89 79 60
0.917334 0.8360702 0.355951 128 128 116
0.917334 0.8360702 0.355951 128 128 116
0.489936 0.6526318 0.7845688 154 157 154
0.7126423 0.5581565 0.9182355 111 108 96
0.8328625 0.7805398 0.2751748 81 78 63
0.5724269 0.6268508 0.5571015 151 153 146
0.5300911 0.603779 0.6074966 139 139 133
0.2410288 0.559132 0.7399374 113 114 104
0.7796268 0.7216792 0.3056884 121 125 117
0.760466 0.7129715 0.3159909 110 110 102
0.5271054 0.6063868 0.548012 142 141 135
0.2601523 0.5747496 0.6136017 136 137 130
0.6707779 0.8167939 5.338963e-05 73 70 61
0.4771317 0.6729296 0.08524851 86 84 71
0.1280378 0.4802185 0.3784192 65 65 57
2.309955 4.93522 0.4969484 137 132 119
1.359057 4.41186 2.428354 161 160 156
1.262892 3.793402 3.028351 165 164 158
0.9284314 3.411102 3.847096 190 187 184
1.231488 3.791943 3.034199 164 163 159
1.717296 4.369696 1.75731 136 132 123
2.112226 4.829588 0.7633308 131 123 110
2.069741 4.772867 0.8679906 128 120 106
0.9458429 3.477662 3.71586 181 180 176
1.363307 4.029892 2.5147 161 161 158
1.755204 4.527219 1.426361 122 114 102
0.893618 3.512834 3.643108 180 180 177
1.80284 4.616318 1.229714 120 112 100
0.7706727 3.400101 3.892329 191 190 188
0.7698637 3.400717 3.892958 191 190 188
1.53225 4.30413 1.904047 116 111 98
1.324171 4.097906 2.371857 145 143 137
1.425558 4.217471 2.101174 118 114 105
1.94436 4.809306 0.7942323 102 95 81
1.099441 3.856426 2.913567 165 164 158
1.343759 4.150531 2.27111 141 140 136
1.002744 3.752168 3.135398 173 174 169
0.741605 3.436323 3.815706 184 183 181
1.52532 4.376937 1.760292 106 98 85
1.600385 4.521567 1.588219 0 0 0
1.510882 4.383198 1.748294 121 113 101
1.567626 4.469195 1.560766 108 99 86
1.519853 4.415125 1.681714 109 101 88
0.6750234 3.427108 3.841635 189 188 185
1.251108 4.126221 2.318571 126 123 116
0.7576831 3.55215 3.571516 176 176 173
1.514719 4.448876 1.604827 104 96 83
0.7788477 3.643673 3.384982 50 49 32
0.9947565 3.903419 2.817241 161 160 154
1.139373 4.075476 2.431878 150 150 145
1.172191 4.128648 2.333746 137 136 131
1.520803 4.526108 1.447783 111 103 87
1.520803 4.526108 1.447783 111 103 87
0.9985264 3.924361 2.768588 158 157 153
1.04161 4.001317 2.610206 157 157 155
1.675775 4.710093 1.012418 114 104 92
1.845693 4.945069 0.5279496 111 103 90
1.200378 4.151409 2.182391 109 106 93
1.698044 4.801825 0.8429903 119 110 93
0.8468839 3.821529 3.000017 166 165 161
1.075159 4.101695 2.36817 126 122 112
0.9581047 4.012074 2.586074 140 140 133
1.194476 4.294538 1.972384 76 65 46
1.529425 4.702446 1.073325 115 106 91
1.406504 4.585499 1.334359 114 105 90
0.9566802 4.074997 2.459598 96 95 80
0.4495307 3.467266 3.777234 189 189 189
1.281858 4.455612 1.611796 84 73 54
1.469845 4.683432 1.112155 101 90 71
1.517257 4.746511 0.9768599 98 89 74
0.9158368 4.052499 2.502206 133 132 126
0.6813341 3.778888 3.101632 154 154 146
0.7464768 3.883928 2.883571 160 158 152
0.744783 3.889485 2.866155 162 161 155
0.8349959 4.008638 2.612199 157 156 152
1.415305 4.711833 1.06343 92 81 61
1.414402 4.709921 1.064818 92 81 61
0.979178 4.236884 2.145599 99 96 80
0.2961389 3.40099 3.936233 189 189 189
0.7006192 3.91508 2.819447 156 156 148
1.071664 4.368094 1.827847 53 39 20
0.6440562 3.879729 2.891364 136 133 122
1.206147 3.740068 2.176084 101 103 93
0.2742034 3.457199 3.811778 187 187 187
1.146442 3.751647 2.243163 112 116 109
0.6789266 3.972742 2.704352 160 161 156
1.194021 4.771689 0.9548566 106 95 77
1.120082 4.708075 1.094383 98 87 68
1.119569 4.70936 1.094461 98 87 68
1.963125 2.126471 2.480628 167 164 155
0.2523585 3.70722 3.292538 178 177 173
1.497234 5.167161 0.09073246 134 125 108
1.010498 4.641746 1.247452 82 73 56
1.546806 3.200247 1.916783 103 102 85
-0.003654844 3.515936 3.758868 126 125 104
1.518373 3.161017 1.928297 80 74 50
0.07432246 3.672931 3.401062 171 167 159
-0.1616887 3.416934 3.977408 185 185 182
0.02162923 3.60408 3.530696 175 173 167
0.03766943 3.631109 3.467742 111 108 94
1.435989 3.082239 2.003443 96 94 76
1.465671 3.104939 1.935125 84 78 57
1.299712 5.227876 -0.02277859 120 108 90
1.329454 5.246672 -0.1216757 54 46 23
1.317917 5.269207 -0.1329425 54 46 23
1.436022 3.079772 1.965654 132 132 122
1.431823 3.072004 1.941166 122 122 107
0.1773389 4.109568 2.458715 151 160 159
1.101207 5.271852 -0.08684979 110 99 80
1.421852 3.094449 1.793431 129 131 122
1.421591 3.093557 1.793131 129 131 122
1.411564 3.08083 1.818423 101 98 85
1.455038 3.144629 1.684926 110 106 91
1.443102 3.120314 1.712026 108 106 91
1.451246 3.153287 1.618806 92 88 71
-0.1093635 3.969274 2.77414 149 157 158
1.437935 3.133183 1.639364 112 110 96
-0.4280101 3.691981 3.41567 119 119 110
-0.4332581 3.696768 3.416356 119 119 110
1.421074 3.0608 1.653264 85 84 69
1.584021 2.045751 2.51673 149 145 137
-0.492883 3.72445 3.347781 165 162 156
1.356145 3.042425 1.693958 134 134 119
1.430261 2.986912 1.615951 146 147 143
1.049254 2.99169 2.096575 172 180 180
1.439977 2.981107 1.599468 86 84 70
1.301148 3.018402 1.716242 165 166 159
0.7613844 5.350365 -0.2167125 133 123 104
1.233602 2.990686 1.792515 144 148 142
0.7679793 5.379136 -0.315272 114 106 86
1.258252 2.999704 1.708014 160 163 154
1.101549 2.957431 1.841126 121 121 111
1.124851 2.981034 1.764675 146 146 136
1.084952 2.963665 1.817805 127 125 111
1.193745 2.976117 1.66155 149 151 140
1.417362 2.834702 1.445367 48 41 21
1.417362 2.834702 1.445367 48 41 21
1.092737 2.942295 1.685612 98 100 84
1.072442 2.935475 1.668327 153 157 150
-1.062237 3.861748 3.128589 165 163 157
0.6295428 5.776736 -1.19732 125 116 103
1.030174 2.919935 1.687297 139 140 133
-1.182218 5.110178 1.671977 166 176 176
1.334973 2.796356 1.34017 117 117 109
1.285632 2.782785 1.377826 127 132 126
0.6388718 3.112559 1.671337 158 163 160
0.6388718 3.112559 1.671337 158 163 160
1.286944 2.795336 1.243447 115 117 105
1.050135 2.813776 1.471989 159 160 150
1.26024 2.774715 1.214932 127 128 118
1.067714 2.742138 1.425475 146 153 146
1.303391 2.531278 1.17199 89 84 66
1.302898 2.528762 1.146083 79 77 59
1.233253 2.430757 1.152208 107 108 98
1.1343 2.277987 1.278859 126 131 122
0.007169794 2.734545 1.298054 158 162 156
1.368214 1.879659 1.068042 47 35 16
1.944091 1.347068 1.277284 115 111 99
1.525837 2.135804 0.4339081 84 80 64
1.612133 1.891553 0.639818 124 124 113
0.1465294 2.201376 1.389577 108 107 92
0.899465 1.82254 1.305924 107 107 98
1.058907 1.684842 1.277999 117 119 109
1.058907 1.684842 1.277999 117 119 109
1.546174 1.6574 0.9251579 97 98 82
1.073169 1.655021 1.256745 81 81 65
0.9135191 1.560659 1.357642 97 94 80
0.8753422 1.478748 1.506509 100 101 95
1.3827 1.502519 1.089609 152 151 135
0.8762878 1.517929 1.423855 102 102 95
0.9091303 1.523574 1.386127 68 67 52
1.550271 1.668369 0.6705872 111 109 95
0.9174897 1.507143 1.361399 69 69 52
1.13331 1.535844 1.130916 112 110 96
1.136493 1.534548 1.133224 112 110 96
1.529535 1.613544 0.6746733 97 95 80
1.529535 1.613544 0.6746733 97 95 80
1.394474 1.528356 0.9054635 130 132 120
1.26312 1.519519 1.003 146 148 139
1.568432 1.624277 0.6038084 40 33 13
1.109716 1.498745 1.12219 130 131 123
1.261833 1.509942 0.9924369 131 133 122
1.453525 1.532346 0.8207704 143 140 126
1.158775 1.471444 1.057886 106 107 94
1.384999 1.477869 0.8866936 123 121 101
1.46393 1.551431 0.6897392 124 122 108
0.8128008 1.419885 1.318537 115 114 99
1.417827 1.498245 0.7382254 78 71 51
1.420972 1.48931 0.7014723 80 70 45
1.180925 1.417872 0.9446765 84 80 61
1.198292 1.419975 0.9196 115 115 104
1.148917 1.368184 1.039381 119 118 103
1.153435 1.36544 1.041091 119 118 103
0.9263549 1.339528 1.207868 106 106 94
1.188643 1.397392 0.921361 85 83 68
0.8744083 1.317947 1.250628 133 137 128
1.248021 1.411617 0.8457404 121 117 102
1.203412 1.384082 0.8870785 101 98 80
0.6190679 1.280764 1.338253 63 60 51
1.161054 1.317856 0.9181855 77 67 47
0.7237789 1.266319 1.276921 54 52 38
1.188608 1.349952 0.8237784 137 135 120
1.246272 1.356557 0.7375396 92 95 79
1.247606 1.357202 0.7371178 92 95 79
1.137196 1.304667 0.8871697 91 80 57
1.152291 1.308486 0.8508494 105 105 93
1.057834 1.22111 1.047156 97 97 85
0.6136847 1.184247 1.345038 113 113 107
1.000604 1.152411 1.137014 102 104 94
0.03604465 1.940828 0.2584334 109 105 85
0.5740519 1.12515 1.414316 92 92 80
1.075284 1.202149 0.9911786 93 89 68
1.07276 1.195338 0.9801769 92 88 68
1.073344 1.199224 0.9472514 118 114 100
1.067555 1.222536 0.8811464 114 108 86
1.115636 1.219506 0.8126211 130 131 123
0.920944 1.099556 0.9962892 85 76 53
0.617595 1.015207 1.250406 110 107 97
0.5654157 1.004383 1.279457 116 114 100
0.9156909 1.041531 0.9502934 83 80 64
1.025509 1.066281 0.8391238 98 97 84
0.92366 1.047504 0.9205415 104 102 87
-0.02983031 1.039758 1.33493 96 93 81
0.9262382 1.031756 0.9033715 115 115 106
1.132791 1.069132 0.7296202 115 116 105
0.5627223 0.9335047 1.243629 96 93 79
0.7111714 0.9368696 1.025991 142 143 131
0.9330407 0.983382 0.8438866 135 137 128
1.11564 1.198267 0.3305588 109 104 88
1.099269 1.121303 0.4077956 84 79 63
0.8556271 0.9051251 0.8766182 92 92 82
0.8544258 0.8652621 0.8179614 112 115 105
1.04844 0.9250069 0.6175395 131 131 120
0.8616704 0.8176589 0.7059178 138 139 133
0.3674271 0.6694672 1.029377 96 97 87
0.9156995 0.8120224 0.5450155 120 120 107
0.03052357 0.7872554 0.8036993 147 150 143
0.8997883 1.064495 0.01577836 37 37 28
0.8931367 1.067712 0.01351808 37 37 28
0.8628201 0.7965515 0.5726373 117 115 105
0.884079 1.020818 0.04376276 92 89 72
0.8692303 0.997942 -0.004166315 102 96 80
-2.095721 1.454669 -0.2946503 133 130 117
0.458349 0.638505 0.8191698 108 108 97
0.8632728 0.8297783 0.2304103 121 118 105
0.8394402 0.7742133 0.3273849 138 134 121
0.7328143 0.7170094 0.4209895 106 102 89
0.7245473 0.722878 0.1785883 100 88 72
0.4775083 0.8122304 -0.02217021 105 105 96
0.2691541 0.4370219 0.2930247 97 99 97
0.2989474 0.4573551 0.2338586 86 88 86
0.4490947 0.5161253 -0.1686943 117 138 68
-1.761983 0.8502057 -1.177712 164 171 94
1.323855 3.817574 2.986156 35 32 17
1.323855 3.817574 2.986156 35 32 17
1.308649 3.817452 2.984166 169 168 164
2.137857 4.769926 0.8657067 111 103 91
0.97559 3.428264 3.812514 186 185 183
1.743299 4.33605 1.824533 141 136 128
1.406214 3.947792 2.680551 149 144 138
0.9376785 3.394627 3.888627 189 187 182
1.766981 4.385041 1.720889 124 118 110
1.71562 4.335633 1.820321 136 131 121
1.563383 4.199287 2.153604 138 135 126
1.215823 3.782004 3.059601 168 167 161
1.057723 3.593117 3.455089 176 175 172
1.112727 3.664441 3.30817 65 61 47
1.558095 4.200168 2.142504 56 56 41
1.723025 4.388222 1.721527 117 113 104
1.723025 4.388222 1.721527 117 113 104
0.9691663 3.50812 3.647121 48 38 23
0.848498 3.387812 3.911235 188 187 184
1.911007 4.65133 1.144165 70 59 35
1.742467 4.470201 1.547705 84 77 59
0.8941776 3.474516 3.730901 181 179 177
1.617566 4.337405 1.840118 127 122 113
1.572881 4.282156 1.954286 121 117 106
1.288426 3.969887 2.657682 165 164 159
1.028597 3.65013 3.339611 170 170 166
1.61829 4.351702 1.808988 126 122 116
1.577644 4.306568 1.89899 132 129 120
1.787064 4.560732 1.328238 105 96 83
1.781968 4.567175 1.328972 105 96 83
1.239147 3.948175 2.702238 165 166 161
1.391752 4.126195 2.308561 129 127 121
1.19194 3.922358 2.76953 162 162 156
1.871891 4.707234 1.028912 80 74 61
1.190341 3.936806 2.742114 163 164 157
0.7911064 3.443682 3.799907 173 170 167
1.67817 4.496648 1.497933 130 122 110
1.560454 4.365047 1.786885 115 108 97
0.7744594 3.43861 3.808711 188 188 186
0.7619764 3.425658 3.838922 189 189 187
0.7619764 3.425658 3.838922 189 189 187
0.9424248 3.646958 3.356155 170 170 168
0.9494286 3.689031 3.308547 171 170 167
1.352515 4.162833 2.222336 134 132 126
1.430732 4.256252 2.012115 126 124 115
0.7276793 3.424715 3.841901 185 184 182
1.034169 3.823202 2.990823 148 147 141
0.7836182 3.519241 3.635549 168 165 156
1.884102 4.824571 0.7835452 102 95 79
1.490643 4.385648 1.74438 73 68 54
1.520604 4.417236 1.665459 56 51 37
0.9416544 3.74938 3.143342 83 84 71
1.179333 4.047382 2.505769 159 159 157
1.447499 4.357687 1.810927 112 107 94
1.889283 4.858074 0.7125921 118 112 97
1.394765 4.296184 1.943448 90 83 68
1.166692 4.031447 2.530474 148 147 144
0.9196452 3.74937 3.156135 167 165 163
0.9173824 3.760678 3.139158 101 97 87
1.410338 4.364225 1.812355 103 98 85
0.6163723 3.406413 3.889386 183 182 179
0.6157592 3.407297 3.88967 183 182 179
1.421612 4.379011 1.767862 79 73 61
0.7939136 3.63648 3.388366 172 171 169
0.7027797 3.532226 3.622152 165 164 160
1.496669 4.478232 1.54557 116 107 94
1.200198 4.158017 2.258856 124 121 114
1.54654 4.563864 1.366659 98 86 72
1.203521 4.161729 2.241408 100 96 87
1.335521 4.321479 1.894419 88 80 65
1.122407 4.084576 2.418277 68 68 57
1.498837 4.518324 1.461883 98 89 71
0.6846604 3.586613 3.539568 181 180 176
0.7960625 3.699535 3.26339 155 154 148
1.194504 4.169125 2.229292 117 113 105
1.511093 4.549315 1.398716 96 86 70
0.9838288 3.949436 2.717873 127 125 119
1.186169 4.169935 2.213795 73 69 61
0.5490183 3.438449 3.828005 184 184 181
1.02151 4.016412 2.573466 125 124 120
1.317776 4.362608 1.806694 95 83 69
1.522309 4.608064 1.271464 79 67 53
1.521418 4.60865 1.273386 79 67 53
0.8930593 3.880826 2.865839 142 140 135
1.255073 4.332311 1.876893 69 58 40
1.391682 4.494993 1.522 88 79 60
1.317126 4.417096 1.692314 81 71 52
1.595563 4.741045 0.9791273 101 92 77
0.5997292 3.576272 3.530631 183 183 182
0.7136859 3.730866 3.198286 175 174 170
0.4728444 3.442086 3.825966 184 184 184
0.4728444 3.442086 3.825966 184 184 184
0.8214712 3.868157 2.900849 88 88 78
0.8214712 3.868157 2.900849 88 88 78
0.918073 3.993255 2.640611 103 104 95
0.9085201 3.992936 2.630331 147 146 142
0.9164488 3.999265 2.608514 151 150 147
0.7697518 3.852982 2.948848 130 128 116
0.7706835 3.84755 2.947513 130 128 116
0.4699206 3.47824 3.751338 186 186 185
1.143047 4.303981 1.944228 46 35 16
0.7686597 3.881041 2.891199 136 135 126
0.7686597 3.881041 2.891199 136 135 126
0.4300552 3.478316 3.749567 180 180 180
0.7102444 3.851467 2.960211 108 105 93
0.4131643 3.478461 3.75482 162 157 152
0.6945118 3.825868 3.000458 144 144 135
0.7229273 3.883315 2.882014 145 143 134
0.4445077 3.600431 3.536631 85 81 59
0.4445077 3.600431 3.536631 85 81 59
0.7264239 3.957139 2.734623 143 143 135
0.7316662 3.95225 2.733696 143 143 135
1.063432 4.344169 1.869846 32 20 6
0.4570239 3.632085 3.427336 102 99 82
0.6377648 3.859686 2.939761 111 110 102
1.063205 4.397916 1.758828 58 46 25
1.304854 4.686599 1.117433 94 85 68
0.3900429 3.626521 3.443383 185 185 183
1.542792 5.008873 0.421391 104 95 80
1.092749 4.510543 1.514133 78 66 48
0.3353793 3.667808 3.348835 175 171 165
0.3172955 3.68377 3.334566 171 167 165
1.455596 5.021842 0.4006831 110 101 84
0.9604748 4.458157 1.640747 51 39 19
0.3976673 3.797287 3.095357 146 144 137
1.512859 5.13009 0.1679229 115 106 89
0.5018712 4.017028 2.613251 156 162 161
0.4170141 3.970867 2.711524 124 123 117
0.4161081 3.970166 2.711637 124 123 117
1.328189 5.118561 0.211291 126 115 97
-0.01571933 3.586014 3.61196 177 175 168
1.452648 3.10914 2.025 127 132 123
1.455232 3.108973 2.009162 105 106 91
1.448664 3.094469 1.999003 144 145 132
1.448664 3.094469 1.999003 144 145 132
1.457703 3.098629 1.985961 96 94 78
1.458514 3.098492 1.986406 96 94 78
1.422972 3.07429 2.027242 122 127 113
1.45924 3.101644 1.946207 126 124 109
1.1005 5.039366 0.3953787 122 112 94
1.474254 3.185268 1.620237 87 82 71
1.265108 3.006292 1.895469 157 162 155
1.251158 2.999837 1.900738 132 135 125
1.362138 3.040698 1.711743 155 159 155
1.34546 3.034568 1.727699 135 140 136
1.321755 3.022087 1.721641 140 144 138
-0.742897 3.536415 3.798801 159 156 150
1.232724 2.982075 1.838646 151 158 153
1.274977 3.001537 1.75733 140 145 143
-0.1020636 4.331385 2.012881 139 143 137
1.09334 2.951998 1.930305 138 142 132
-0.6352141 3.908122 2.971872 159 156 150
1.181916 2.978268 1.758791 129 125 111
1.378915 2.833667 1.563421 144 152 145
1.162119 2.958168 1.656286 146 148 139
1.146344 2.953293 1.67362 147 151 145
0.8131621 2.968393 2.047709 168 174 174
1.36234 2.789722 1.485656 127 135 124
1.105348 2.931507 1.601886 79 79 63
1.174357 2.835073 1.53188 186 195 197
1.343355 2.806755 1.336151 80 78 60
-0.6959761 4.59176 1.520336 145 155 154
1.233398 2.775874 1.351168 156 159 152
1.240354 2.767744 1.262908 112 112 100
1.239672 2.747248 1.199564 104 100 86
1.239982 2.747542 1.199846 104 100 86
1.279682 2.752154 1.14455 111 112 103
1.234609 2.541132 1.235329 123 129 123
1.340879 2.592273 1.007507 80 78 62
1.288396 2.503129 1.14317 89 88 74
1.298054 2.408994 1.032257 95 96 81
1.174069 2.323195 1.157359 95 93 79
1.296581 2.394985 0.9071689 101 99 85
-3.54855 5.538092 1.062503 82 80 65
1.295618 2.288995 0.8636832 83 90 80
1.054681 2.051212 1.12986 116 114 99
0.9545054 2.008958 1.188318 94 91 77
1.575188 1.887787 0.8396045 95 94 78
0.7782891 2.012037 1.301002 101 97 82
0.8892893 2.029367 1.184811 56 51 34
-0.9054973 3.765495 0.08663032 101 95 74
0.5396918 1.96876 1.486611 122 130 125
1.301648 1.704417 1.044167 148 154 146
1.075372 1.67349 1.251534 80 78 64
1.39686 1.665825 1.022004 134 137 129
1.156058 1.678985 1.168222 120 122 114
1.085068 1.675761 1.223399 100 96 78
1.080434 1.648906 1.231207 97 95 85
1.49368 1.599674 0.9258742 119 121 105
1.502384 1.599703 0.9093599 132 138 126
1.341753 1.597285 1.014601 139 144 136
1.439185 1.572468 0.9318127 148 152 146
1.243074 1.515192 1.017487 122 125 116
1.471223 1.561157 0.7619027 147 147 139
1.184764 1.478861 1.03595 99 95 79
1.438862 1.537486 0.7600376 106 102 89
1.435445 1.529696 0.7508562 137 138 124
1.435445 1.529696 0.7508562 137 138 124
1.097649 1.416251 1.165507 90 88 73
0.893809 1.421203 1.249906 114 112 98
0.7925882 1.391247 1.3212 122 119 103
1.353222 1.447332 0.8208031 138 138 122
1.096597 1.346557 1.133353 112 114 100
0.9396771 1.363641 1.207937 95 94 79
1.084713 1.329713 1.119816 141 144 135
1.230891 1.416966 0.8691058 153 152 138
0.1258432 1.560722 1.333127 112 114 106
0.9145802 1.32781 1.203918 97 95 79
1.228259 1.409503 0.8602687 140 141 126
1.138404 1.357324 0.9916545 139 142 133
1.148468 1.336393 0.9746812 83 81 65
1.106606 1.33161 1.005679 123 120 103
1.203437 1.375113 0.8497443 141 142 127
0.589501 1.287201 1.373978 94 92 79
1.199575 1.368261 0.8280714 132 132 121
1.199575 1.368261 0.8280714 132 132 121
1.235151 1.378406 0.7892644 141 141 129
-1.657909 1.893622 1.621801 100 98 89
1.179468 1.344399 0.8351449 108 105 90
1.213005 1.35559 0.7873124 83 78 63
1.213005 1.35559 0.7873124 83 78 63
1.258229 1.36772 0.7243301 137 138 125
1.237584 1.353163 0.7543941 129 134 122
1.261526 1.367572 0.6987279 113 110 96
1.079749 1.236539 1.027453 83 77 58
1.10382 1.245762 0.9788483 118 118 107
1.083474 1.227539 1.001995 104 104 91
1.041365 1.203631 1.064668 80 78 65
1.102722 1.239542 0.9541986 90 87 71
1.102722 1.239542 0.9541986 90 87 71
1.062141 1.203171 1.007071 136 138 127
1.104369 1.268863 0.844116 102 99 80
1.015377 1.132518 1.098267 64 53 29
1.056469 1.16555 0.9810266 82 76 58
1.060144 1.176033 0.9581931 117 113 100
1.053875 1.203515 0.8934752 136 127 111
1.120617 1.234619 0.804462 70 66 47
0.5764573 1.07996 1.37576 102 102 91
1.074028 1.215998 0.8506078 134 134 122
1.170068 1.396284 0.4418944 64 57 36
0.5798379 1.050208 1.365316 90 91 80
0.5909532 1.053896 1.323159 108 106 95
1.016644 1.146302 0.8938553 95 93 74
1.129258 1.168586 0.7956823 124 128 122
0.8998364 1.033116 1.119888 149 153 144
1.021885 1.09942 0.8551872 127 130 121
0.8849431 1.201074 0.6531571 29 27 13
0.4099912 1.03193 1.197886 110 110 102
0.5527312 0.9376053 1.299796 96 93 83
1.015436 1.058775 0.8461484 128 132 124
0.9713433 1.04343 0.8772898 98 101 94
0.8833792 1.001512 0.9947808 140 143 136
0.5404207 0.9138926 1.291873 113 113 104
0.9136727 0.9970145 0.9420649 130 130 120
0.8650191 0.9734092 0.9969336 97 94 85
0.6818559 0.9538221 1.115533 145 141 133
0.8592257 0.9648362 1.004855 122 124 114
0.8556155 0.9664979 1.002835 122 124 114
1.02285 1.019298 0.8064346 99 96 82
1.021423 1.019395 0.806313 99 96 82
0.863818 0.9627008 0.9735089 129 130 121
0.9160379 0.9734752 0.923138 143 142 127
0.5971162 0.9340432 1.138525 127 119 101
0.5442167 0.9030381 1.137936 111 105 89
1.123497 1.004524 0.6692435 117 119 100
0.8416817 0.9028835 0.9596701 101 98 85
0.8437839 0.8976868 0.9364023 113 114 106
1.113205 0.9819729 0.6147181 115 114 94
0.8627033 0.9050877 0.8564297 112 112 103
0.8559119 0.8949079 0.8573663 93 93 85
1.084661 0.951341 0.6084167 141 143 128
0.8553363 0.8712575 0.8193815 112 114 105
0.8591871 0.8700442 0.8215266 112 114 105
0.8664021 0.8747762 0.7897127 101 100 91
0.5522817 0.868154 0.9190984 114 120 113
0.874191 0.8503003 0.7425139 104 107 98
1.062747 1.048293 0.2779216 108 106 93
0.978132 0.8723192 0.6288393 133 136 128
0.8532372 0.8247417 0.7468975 129 133 125
0.8948345 0.8505653 0.6718615 146 147 138
0.8739856 0.8298292 0.7125388 113 114 107
0.865192 0.8204688 0.7194621 134 135 128
0.4243127 0.7166039 1.060218 106 108 97
1.008259 0.8724547 0.5530354 131 128 113
1.000749 0.9334304 0.370216 125 124 112
1.019553 0.9339271 0.3530272 83 78 65
1.022207 0.9926617 0.2209891 105 101 85
0.4254342 0.6896846 0.979074 117 117 106
0.920537 0.8196252 0.5678754 123 124 113
0.9631212 0.8922375 0.389638 77 75 56
0.9599136 0.8926158 0.3897048 77 75 56
0.9616802 0.9177756 0.2641042 110 105 87
0.832734 0.7673627 0.5700855 105 103 91
-0.6954666 0.6682421 1.138606 186 174 98
0.9318082 0.8548049 0.3341069 104 100 85
-2.048814 1.479903 -0.2701587 104 96 78
0.8367003 0.7695957 0.5175204 122 118 105
0.4686804 0.638371 0.8078452 143 143 135
0.4571597 0.6115872 0.7779221 127 128 120
0.4818981 0.5967944 0.7194505 129 133 129
0.7597459 0.717636 0.330602 139 139 133
0.7562526 0.718814 0.3312595 139 139 133
0.4755608 0.5817246 0.6035597 142 138 130
0.4370041 0.5665601 0.5246044 121 122 114
0.1598914 0.9968772 -0.400972 107 133 67
0.4467696 0.5696478 0.4760764 127 127 119
-0.3232474 3.860247 3.025758 179 169 155
0.1864495 1.19501 1.506411 139 135 116
-1.476567 4.207835 2.364785 183 181 171
0.6431313 3.005056 1.967983 171 174 169
-0.2141697 3.51486 2.562639 155 158 141
1.047122 2.96243 1.806579 153 152 139
-0.154483 3.485052 2.576599 165 158 132
0.2919067 3.175074 2.312454 162 161 142
0.3694649 0.6227501 0.9041912 182 184 177
-0.6621617 4.046775 2.640755 146 143 131
0.3935617 3.086903 2.201152 141 139 128
0.7776725 3.034395 2.200851 159 165 159
-0.3183491 3.797029 3.136101 178 168 155
-0.3183491 3.797029 3.136101 178 168 155
2.210665 3.604986 3.429873 153 141 124
2.210665 3.604986 3.429873 153 141 124
2.594087 3.702335 3.169214 177 167 149
0.05167904 2.844529 2.29175 179 180 165
0.4068686 3.058419 2.217678 109 103 85
-0.4732356 -0.1123473 1.811146 166 155 138
2.410565 4.382386 1.683717 146 137 114
-0.3542489 3.429008 1.339812 155 159 140
-2.081611 5.150251 0.5413085 201 191 178
0.58292 0.6892889 0.8542933 166 163 147
-0.14883 0.6161508 0.3631168 224 220 203
1.863479 3.591118 3.396159 148 136 116
1.5987 3.746652 3.047194 157 143 123
2.694271 3.7964 2.934878 169 158 139
-0.2043979 3.265454 2.204965 205 206 197
-0.6999717 3.591326 2.020152 192 196 189
-0.8404226 3.693787 1.941035 185 191 177
2.466627 4.291937 1.889274 149 136 116
-1.869037 4.791173 1.115986 190 180 167
2.308921 4.461643 1.541193 156 146 124
1.276659 0.9527754 1.758537 156 147 124
0.1980024 1.145641 1.458898 77 71 53
0.1710619 0.994773 1.400887 99 98 78
-2.059386 5.282722 0.1454004 179 164 149
-2.73306 5.454634 -0.0767746 209 200 187
0.0876776 0.5755107 0.7729461 176 168 144
0.7253259 0.7206175 0.7192142 176 174 157
1.681964 3.636469 3.33795 142 128 110
2.33196 3.605449 3.380564 172 161 147
2.390155 3.678185 3.250779 167 157 139
2.583188 3.66545 3.246536 170 162 144
2.583188 3.66545 3.246536 170 162 144
-0.02229931 3.638801 2.761932 177 182 172
-0.3275997 3.546605 2.565811 143 143 124
2.997128 3.760378 3.014398 177 165 146
-0.03861155 3.378546 2.507112 156 157 140
-0.4179967 3.584821 2.424932 173 177 145
-2.463222 4.415967 2.043168 209 203 192
0.5083607 3.056118 2.174643 138 137 120
-1.606085 4.425003 1.869845 185 174 160
0.04495456 3.222517 1.992194 153 154 136
0.6624702 3.020861 2.028923 152 147 123
0.5366704 3.005472 1.996666 163 167 157
0.01935919 3.279477 1.658276 184 186 174
-0.3100091 3.412331 1.546381 150 151 132
0.8662056 2.823453 1.536764 150 154 139
-2.638238 5.972075 -1.139075 193 182 167
0.2848952 0.620572 0.8184149 155 145 119
2.494318 3.140643 -0.1581281 145 133 114
0.7190251 0.6739582 0.6621817 181 177 162
0.6526122 0.6634161 0.6320349 169 167 149
-0.08606755 0.5579135 0.5325121 135 128 107
-0.1787808 0.6652447 0.09685417 214 208 190
-1.665036 3.950003 2.932456 175 166 149
1.424342 3.664615 3.296124 160 150 133
-0.1387583 3.852802 2.996635 171 165 152
2.038773 3.645771 3.298394 165 156 137
0.9264994 3.771876 3.098594 160 154 140
-2.136144 4.097453 2.664609 181 171 161
-2.097979 4.131195 2.589229 175 166 153
-2.098047 4.124546 2.589064 175 166 153
-1.557464 4.105582 2.610496 187 182 166
2.085967 3.764993 3.074229 153 142 123
2.586107 3.741158 3.092612 165 154 138
-0.07772526 3.42994 2.574523 150 153 129
-0.1357336 3.444698 2.514477 199 200 191
-2.362661 4.309805 2.261357 194 187 174
-0.09445754 3.417695 2.489349 154 158 136
1.78382 3.923212 2.730688 157 146 129
-2.368279 4.366883 2.146404 204 197 188
-1.526503 4.265811 2.242436 190 183 170
0.124211 3.180544 2.285329 170 172 164
-1.525649 4.383215 2.023156 193 187 172
3.145384 3.908853 2.693224 175 161 141
3.145384 3.908853 2.693224 175 161 141
1.978839 4.003325 2.506533 137 127 107
-2.307336 4.486557 1.871092 192 187 170
-2.307336 4.486557 1.871092 192 187 170
-2.167467 4.578593 1.741983 175 164 151
-0.1671215 3.260898 2.019285 125 123 104
-0.6591792 3.499727 1.834749 186 188 175
1.081558 2.982466 2.040473 156 157 145
1.175159 2.996022 1.941263 155 155 142
-0.1937066 3.410373 1.695974 173 179 167
-0.8232086 3.592281 1.539424 177 175 151
0.6118745 3.110602 1.707737 110 106 89
-1.042169 3.782529 1.374405 152 160 141
-0.941396 3.689078 1.269164 183 181 157
-2.27274 4.943615 0.9033228 187 177 161
0.7998711 2.813276 1.507984 103 102 84
1.766078 5.413085 1.311828 162 165 153
-0.9173535 3.724081 1.054007 182 183 151
-0.06274438 1.890863 1.443206 183 188 179
3.583045 4.427764 1.557921 171 160 143
3.00325 4.49287 1.355612 132 124 106
-2.688518 5.26234 0.3598414 211 201 188
-2.101661 5.136272 0.4170462 180 168 152
-0.310687 1.586333 1.177098 139 144 135
-0.4029674 1.575656 1.094407 176 175 162
-2.888875 5.608535 -0.4032179 187 175 158
-0.1364711 0.7873459 1.033261 145 138 115
0.04935244 0.6781902 1.059635 152 146 121
0.353462 0.6192746 0.8668293 189 183 167
0.6798226 0.6767708 0.715836 139 134 110
0.07716127 0.5369136 0.6575562 139 130 107
0.7128841 0.6818015 0.6241459 172 169 154
0.498082 0.6007243 0.5527308 147 137 114
0.5832548 0.6249145 0.4449206 165 155 135
-0.04437472 0.5000902 0.3836493 164 158 139
0.3869912 2.554976 -1.01825 145 138 115
2.0963 3.591417 3.423944 152 141 121
2.0963 3.591417 3.423944 152 141 121
0.3910694 3.792458 3.085718 148 138 124
2.468015 3.610309 3.384929 177 165 151
-0.7306724 3.91398 2.91268 187 181 165
1.766453 3.687664 3.227248 140 128 104
0.6888419 3.791541 3.073705 164 158 142
-1.80695 4.051754 2.736791 194 186 176
1.797119 3.70642 3.187671 150 142 124
1.208884 3.765569 3.089434 161 151 135
-0.1364062 3.74386 2.790636 115 109 93
1.308097 3.797497 3.006035 166 156 141
-2.064481 4.167752 2.532597 178 168 155
-0.6966764 4.012087 2.712783 192 188 175
0.8197458 3.858686 2.913595 131 127 111
-0.07370615 3.704464 2.755548 177 180 170
-2.310818 4.220251 2.418353 203 197 188
-2.038028 4.205343 2.396512 177 169 151
2.145926 3.797538 2.963857 153 140 120
-1.814822 4.272293 2.280872 154 142 126
-2.181592 4.318899 2.202362 181 174 159
0.1563471 3.261038 2.377896 160 166 155
0.350815 3.216703 2.406188 153 149 132
-0.9318362 3.966891 2.228244 210 216 215
-0.04362046 3.305457 2.316996 192 196 182
-2.334637 4.422307 1.998779 184 173 156
1.895843 3.980326 2.579257 140 129 112
0.757539 3.078223 2.33555 170 174 166
-1.59677 4.38005 2.036589 178 170 152
-0.4099078 3.483294 2.169471 151 156 132
-0.16734 3.254357 2.173768 140 135 117
-0.5882643 3.5531 2.109415 191 193 184
0.08723824 3.214036 2.166268 161 157 138
3.061088 4.010541 2.447044 179 168 149
-2.186559 4.604948 1.586533 179 169 155
0.7879221 2.979893 2.000732 168 167 152
0.7833354 2.975934 2.003895 168 167 152
-0.6176965 3.469839 1.779685 156 163 142
-0.6176965 3.469839 1.779685 156 163 142
2.137645 4.195001 2.12326 155 147 128
-0.05260121 3.321568 1.764938 165 171 159
1.247023 2.98897 1.811177 136 133 108
3.05609 4.252194 1.870187 163 153 132
-2.129445 4.866162 1.052696 208 197 185
3.094481 4.334022 1.774123 132 126 110
-0.1516607 3.20493 1.395072 168 175 162
-0.5289517 3.502262 1.27684 126 123 102
-0.4936728 3.493536 1.277651 162 166 148
3.338714 4.393865 1.65365 152 144 125
-0.01891023 1.792027 1.424333 141 144 129
1.258039 2.802531 1.355705 128 126 109
1.138894 2.641662 1.353906 173 167 146
-2.21685 5.171942 0.4520428 174 158 144
3.488083 4.571527 1.241988 152 140 122
-0.4735357 1.60895 1.073557 158 161 143
-0.2347288 1.009701 1.161105 136 138 120
-0.0914946 0.8428932 1.197465 101 100 81
-2.819936 5.739669 -0.6475474 190 179 166
0.1160401 0.7657494 1.159927 116 108 83
0.6429628 0.7599208 0.9479716 179 179 167
0.2216506 0.6148098 0.9018296 170 162 137
1.585234 0.08823755 1.269108 106 101 86
0.4682213 0.6639776 0.8412794 165 160 136
1.041439 1.119288 0.7087227 143 141 121
2.536033 2.891992 0.04139672 150 142 118
0.4373452 0.6223592 0.817347 165 160 139
0.1264112 0.5663309 0.7176084 178 166 145
0.3577342 0.5491516 0.4521422 165 162 144
0.5831692 0.6259846 0.4290393 161 154 132
-0.2209567 0.6365714 0.3141707 192 192 179
0.08298527 0.4966411 0.2012866 164 147 117
0.3510171 5.664378 -9.884968 212 212 201
1.040867 4.982181 -9.112404 195 192 177
0.02892378 3.72779 3.246086 155 142 121
-1.062747 3.862354 3.055211 195 190 178
-1.862758 3.954235 2.928151 184 175 166
1.719774 3.629166 3.328971 144 128 109
2.086616 3.631714 3.341864 169 159 140
-0.9418238 3.923235 2.923877 191 184 171
1.874973 3.650911 3.302707 161 153 132
1.499236 3.685067 3.218935 164 153 138
-0.8748227 3.936189 2.898156 166 157 138
-1.676669 4.021481 2.779448 189 184 170
-1.922222 4.072387 2.691076 171 160 146
-2.198939 4.112742 2.622365 173 163 148
-2.1611 4.110033 2.623465 205 200 190
1.499766 3.747774 3.106983 157 143 127
2.445669 3.684018 3.215433 146 134 119
1.348988 3.784109 3.050355 160 153 137
1.348988 3.784109 3.050355 160 153 137
1.950039 3.73869 3.100184 142 126 106
0.6453137 3.876833 2.893544 135 127 109
-1.916295 4.142921 2.553665 179 169 152
1.356361 3.813868 2.975667 168 161 147
-0.1204074 3.724748 2.736018 106 111 94
-0.4242565 3.739466 2.654391 164 171 159
2.889933 3.72071 3.15021 154 140 117
-1.747075 4.163094 2.496186 191 184 175
0.689173 3.916435 2.799833 120 114 96
-0.3004657 3.591084 2.622762 161 157 140
0.1017471 3.388889 2.611946 179 178 169
1.720633 3.846231 2.865742 153 141 123
0.2371654 3.319501 2.576488 172 174 163
-2.301247 4.288245 2.283436 100 95 70
-2.301247 4.288245 2.283436 100 95 70
-2.500453 4.319066 2.226542 155 145 123
-2.500453 4.319066 2.226542 155 145 123
1.123955 3.947543 2.710389 138 134 118
-2.458544 4.317988 2.22498 205 199 190
1.270546 3.950955 2.687791 130 127 107
1.582598 3.930926 2.718285 159 153 138
-1.903612 4.289535 2.236511 140 131 110
2.325814 3.874358 2.799116 132 122 103
-2.476635 4.361242 2.127268 209 205 191
2.512331 3.862321 2.808468 154 142 119
1.153678 4.003229 2.586165 112 108 94
-1.496287 4.298341 2.20534 169 163 149
-0.7013046 3.738227 2.284369 170 177 166
0.9326645 4.048889 2.513052 93 88 72
0.9326645 4.048889 2.513052 93 88 72
2.724232 3.940908 2.732385 164 152 131
2.70259 3.899066 2.726579 164 152 131
-1.182921 5.335145 2.197532 201 207 203
-2.083322 4.419883 2.001634 175 163 145
1.498466 4.046089 2.464716 131 125 106
1.498466 4.046089 2.464716 131 125 106
-1.544392 4.412593 1.968304 177 171 157
1.655749 4.103406 2.3484 121 115 97
-1.63808 4.446578 1.878861 179 173 157
-0.1321867 3.265311 2.076602 153 150 136
2.264619 4.131213 2.259215 136 126 104
2.898298 4.060235 2.349069 173 165 145
0.9126785 2.983954 2.073187 138 133 111
0.1843439 3.206349 1.907325 177 182 172
2.080881 4.192456 2.146547 143 133 111
-0.6833971 3.501313 1.759894 157 161 142
0.5315338 3.011582 1.931495 137 140 125
-1.427775 4.550996 1.595567 178 169 151
2.301409 4.244974 2.013183 155 141 120
2.355418 4.284826 1.900003 119 111 91
1.160431 2.972425 1.796854 130 125 102
-0.04693662 3.298685 1.588203 165 170 160
2.297036 4.335894 1.807476 148 138 117
3.092098 4.250604 1.931878 169 159 137
-1.584499 4.747859 1.175021 189 181 168
2.874972 4.331152 1.812374 146 136 115
3.341716 4.279301 1.880287 153 143 123
1.018604 2.941247 1.607756 124 119 94
3.669517 4.321857 1.77079 160 151 134
-0.00243742 1.937589 1.510573 165 167 155
1.162397 2.856305 1.52738 159 164 152
1.306458 2.814151 1.540219 140 145 135
3.483949 4.503805 1.385367 163 153 135
3.666362 4.474513 1.398551 143 133 116
3.765697 4.489246 1.412339 155 147 129
-1.793867 5.159937 0.3489203 183 173 160
0.374273 0.8181856 1.29331 144 142 129
-0.1711569 0.9487361 1.182226 135 137 120
0.2295357 0.8312014 1.24337 144 134 104
0.2470713 0.7989132 1.200882 171 166 145
-0.07053897 0.7606623 1.043462 161 153 127
0.04966277 0.6882111 1.083277 159 152 124
0.2898482 0.639048 0.9977953 130 126 101
0.3225461 0.6378074 0.9813271 122 114 82
0.1957048 0.6160456 0.9493508 162 155 125
-0.1834546 0.6295219 0.8291169 150 143 116
0.1442031 0.5865081 0.7852422 136 125 97
0.5659478 0.6569698 0.6962442 149 142 115
0.1054755 0.5483353 0.6677276 124 111 85
0.5252718 0.6096162 0.5461994 168 163 142
0.5905674 0.6256967 0.4800402 172 167 146
0.5492459 3.592897 -1.338041 145 139 115
-0.2665449 0.6681048 0.2633187 202 196 177
-0.213013 0.6186254 0.2930904 108 106 89
0.5942437 0.659494 0.2779319 171 160 141
-0.2271764 0.7062874 0.1049564 212 212 199
0.03355351 0.5105696 0.151458 172 162 140
0.355872 0.4130905 0.1439516 137 128 103
1.564118 5.129877 -8.895452 210 214 205
1.564118 5.129877 -8.895452 210 214 205
0.4308614 3.731771 3.244047 174 167 156
2.295227 3.564496 3.477302 171 159 146
1.49183 3.62979 3.351834 102 92 69
1.495533 3.635272 3.353008 102 92 69
2.126809 3.598189 3.447425 166 156 143
0.1631507 3.779055 3.153888 160 155 140
0.454439 3.774392 3.191394 157 151 135
1.265522 3.667576 3.290044 167 157 142
-0.8941147 3.881939 2.996397 191 186 177
-0.5593696 3.852807 3.032789 167 157 141
1.525248 3.649296 3.303179 95 84 62
2.304742 3.596198 3.405583 168 156 142
-0.9044755 3.914624 2.942725 128 116 88
-1.100529 3.935489 2.90911 176 168 155
2.052396 3.634671 3.32707 154 144 120
-1.964652 4.027247 2.780282 190 183 171
-1.903908 4.02331 2.793005 189 179 168
-0.5667911 3.89946 2.957967 174 164 149
-1.053845 3.950525 2.892514 185 176 166
0.6827902 3.778009 3.104757 154 144 130
1.719037 3.668253 3.2452 152 143 125
1.719037 3.668253 3.2452 152 143 125
0.5281327 3.800419 3.079098 145 138 124
-1.992816 4.049864 2.747247 170 160 143
2.213281 3.656323 3.311357 173 162 144
-0.7832896 3.928536 2.885693 170 160 146
0.8835158 3.780667 3.091193 130 121 106
1.355917 3.736779 3.136625 121 113 94
2.1754 3.668846 3.244657 161 151 132
1.416791 3.740068 3.13369 139 129 110
1.23925 3.754307 3.104903 145 135 120
-0.5017539 3.946249 2.854575 126 114 90
2.472736 3.639015 3.257143 171 160 144
1.611688 3.728903 3.12539 165 154 136
2.035287 3.694192 3.189337 138 126 104
-0.4458242 3.947438 2.843385 173 167 153
0.5965703 3.845259 2.976513 140 129 109
-1.917984 4.092435 2.635041 190 184 172
0.7101784 3.84684 2.957692 136 127 109
1.101827 3.801794 3.012648 133 124 110
0.9833587 3.074749 2.895455 133 124 110
0.6301776 3.839269 2.93908 127 118 101
1.545509 3.763363 3.058758 143 129 109
2.443126 3.720946 3.175485 167 151 136
1.331397 3.798112 3.010125 165 155 139
-0.4402767 3.971275 2.761695 156 150 138
-0.168926 3.760889 2.767356 161 161 159
0.5505044 3.881929 2.878202 134 125 105
-1.774617 4.149522 2.525175 188 182 168
-1.774617 4.149522 2.525175 188 182 168
1.379069 3.828968 2.947981 167 157 144
0.767293 3.884052 2.860107 135 126 107
-2.062203 4.188002 2.46369 195 191 180
-0.6121358 4.048385 2.649579 163 154 135
0.09533112 3.405788 2.670459 161 163 149
1.420575 3.841786 2.902414 125 118 101
1.424761 3.852454 2.904052 125 118 101
2.161242 3.77891 3.00794 105 95 71
1.58604 3.82539 2.91233 140 121 99
-2.150324 4.217075 2.407063 166 158 134
-2.000367 4.206304 2.419427 191 185 171
2.09605 3.801724 2.952901 105 95 71
-1.873967 4.214301 2.405771 122 111 79
2.576626 3.7698 3.015936 64 58 36
2.955767 3.730932 3.071129 173 160 142
2.459279 3.781989 2.980059 150 140 118
1.6925 3.856515 2.865278 130 118 99
-1.735086 4.229851 2.364384 139 129 104
-1.730692 4.219038 2.364334 139 129 104
-0.9316479 4.151159 2.448882 194 191 181
-2.414723 4.310596 2.241462 177 170 155
1.790942 3.886719 2.811096 154 141 124
1.763389 3.888236 2.803304 121 112 94
1.763585 3.887761 2.803356 121 112 94
-2.115439 4.281514 2.265953 189 182 168
2.631219 3.813272 2.911661 108 98 77
2.631219 3.813272 2.911661 108 98 77
-1.55169 4.244136 2.317027 163 152 138
3.037242 3.806527 2.957961 177 166 150
-0.9833618 1.630001 2.194461 176 165 151
-1.357352 4.233195 2.336806 208 204 194
1.799165 3.885087 2.770367 140 129 109
-2.475019 4.351882 2.185972 177 170 152
-2.473446 4.347407 2.186529 177 170 152
-1.662632 4.25724 2.291263 193 182 168
2.529237 3.8296 2.865885 171 159 141
2.631565 3.830854 2.8857 161 150 127
0.4317441 3.243787 2.500847 133 135 123
2.200428 3.890539 2.770499 144 130 110
0.07504593 3.314212 2.413906 151 153 139
-1.76765 4.300372 2.208554 174 163 148
-1.869602 4.318483 2.188179 177 166 151
2.688354 3.862167 2.811695 167 156 138
1.14991 4.024834 2.56173 144 139 128
-2.050472 4.353813 2.119152 175 167 149
2.404378 3.901043 2.72154 139 127 107
2.406101 3.905743 2.721368 139 127 107
1.907976 3.968328 2.623025 131 120 101
-2.058975 4.388799 2.065984 173 162 142
-0.1262969 3.340004 2.284443 187 185 167
1.55656 4.004762 2.557723 137 131 116
2.428281 3.931904 2.664838 143 131 108
2.813238 3.898307 2.721455 144 135 112
2.74063 3.905639 2.707154 124 114 86
-2.22935 4.419973 2.005019 176 166 147
2.7034 3.931523 2.645861 154 145 123
1.121793 4.090474 2.415265 115 111 95
1.559431 4.051535 2.462922 141 134 119
2.791052 3.978281 2.556516 163 153 131
2.371071 4.017509 2.490841 139 126 104
2.371071 4.017509 2.490841 139 126 104
2.923178 3.966102 2.559394 152 143 119
2.101229 4.06675 2.396074 114 102 83
2.160207 4.109224 2.304819 135 123 101
2.22245 4.104407 2.303864 140 127 106
0.8976309 2.996421 2.111707 156 152 135
1.884725 4.179132 2.179576 142 134 114
3.17879 4.027317 2.367199 116 108 88
3.351955 4.053632 2.366008 150 140 116
1.062382 2.967539 1.998321 131 133 111
3.148087 4.113879 2.245185 156 146 126
3.188682 4.142338 2.187422 133 127 103
-0.7749227 3.530154 1.601513 161 162 139
3.038516 4.220944 2.024375 156 146 127
3.272711 4.201859 2.059801 149 142 121
3.052567 4.264344 1.936405 143 134 114
3.009927 4.245455 1.931687 167 156 138
1.083497 2.94905 1.653247 140 135 113
1.004215 2.959201 1.577769 141 136 111
-0.464851 3.485562 1.302266 148 148 123
0.7931083 2.849308 1.540043 137 139 128
1.24773 2.877983 1.581274 136 136 124
1.227077 2.859581 1.532652 145 144 125
1.111738 2.82371 1.513292 135 138 119
-0.593711 3.493851 1.185762 117 112 89
0.9509017 2.689008 1.471173 135 136 120
0.9423265 2.676739 1.427577 134 137 120
0.5980576 1.552785 1.537923 107 106 87
0.9064325 2.681879 1.383651 126 124 106
3.880714 4.543983 1.318306 155 145 127
-0.1738757 1.696212 1.286432 164 164 153
0.5063193 1.146397 1.476544 136 135 115
4.078986 4.57012 1.24114 148 140 119
-0.4168929 1.649935 1.159844 165 170 160
-0.365612 1.49728 1.065544 174 171 156
-0.3882633 1.518714 1.040039 159 158 142
0.2264846 0.8186778 1.230747 159 151 124
2.889719 5.144515 0.2088103 153 143 120
0.3741951 0.7956889 1.166436 135 123 91
0.6650146 1.357655 1.001667 130 113 79
0.3366554 0.775017 1.141495 156 151 124
-0.06996874 0.7692809 1.085399 182 178 158
0.273451 0.6879914 1.066897 175 173 155
0.4966106 0.771638 1.002285 71 64 46
-0.2531156 0.7746947 0.8687884 170 160 137
0.3253354 0.6408216 0.958542 159 153 127
-0.4714436 1.019861 0.6963081 168 171 152
0.29704 0.6435751 0.8820782 169 156 131
-0.3845787 0.8003997 0.7063978 172 168 148
0.007890155 0.5786878 0.8165216 172 163 139
0.2778633 0.609189 0.807619 131 120 94
-0.3762615 0.7873366 0.6421891 202 199 183
-0.3209274 0.6677568 0.6804489 182 168 132
0.1553 0.5684637 0.7818978 175 167 144
0.3322434 0.6065401 0.7817615 177 172 151
0.1997867 0.5521214 0.7632309 144 139 114
0.1060975 0.553858 0.6878796 161 150 125
1.00752 0.9059184 0.5985816 144 139 116
0.105261 0.5491986 0.6439607 147 133 106
-0.33277 0.6833622 0.5122419 199 201 191
0.6741381 0.6384631 0.600374 147 142 121
0.6977522 0.6531331 0.5885441 167 162 143
0.7515892 0.6711006 0.5704933 172 170 152
0.3549441 0.5646128 0.5729975 142 136 117
0.689905 0.6493712 0.5523565 159 156 137
-0.3686911 0.8237737 0.1935002 204 197 175
1.032537 0.9530804 0.2758615 141 136 111
-0.03615183 0.4990726 0.4010721 163 160 140
0.3344477 0.5496908 0.3743948 159 157 138
-0.05633217 0.492413 0.2767124 191 193 173
0.02477125 0.4862738 0.251941 128 123 101
0.8809137 1.65069 -0.4850139 80 75 54
0.06676724 0.5126665 0.09191978 186 187 169
0.05728592 0.5594081 -0.06682557 172 168 148
-1.512776 3.890984 3.033727 171 167 146
2.035517 3.568452 3.512357 164 155 140
1.31092 3.609137 3.396221 135 125 101
0.4208583 3.714524 3.260778 151 145 132
-1.49652 3.909783 3.012959 180 176 157
1.051606 3.65153 3.336748 120 115 93
0.6281765 3.705007 3.278009 160 155 143
0.6281765 3.705007 3.278009 160 155 143
0.6914768 3.685063 3.280875 144 140 123
1.050924 3.672511 3.326983 160 154 139
0.5703536 3.712771 3.258388 147 144 126
1.188101 3.647371 3.334413 150 141 123
1.091893 3.674137 3.308594 165 161 148
1.11764 3.672895 3.313109 104 95 74
2.204285 3.575331 3.465812 164 153 139
1.588758 3.636869 3.376281 105 94 63
1.363879 3.635628 3.334691 164 153 137
1.517229 3.637463 3.357274 164 153 135
1.342888 3.643589 3.327765 120 111 90
1.35022 3.660731 3.332273 120 111 90
1.302146 3.64851 3.314388 142 130 112
1.308749 3.666155 3.318288 142 130 112
0.4966431 3.735813 3.195921 149 140 124
1.389951 3.672053 3.321787 144 135 112
-0.2637501 3.690803 3.064158 104 99 83
-0.2979181 3.8229 3.084389 182 172 162
0.7354203 3.739285 3.19007 151 143 130
-1.610734 3.975527 2.880348 193 188 176
-1.615056 3.977382 2.862499 153 143 122
-0.0796796 3.810831 3.053901 170 164 148
1.238951 3.692465 3.235843 145 135 118
0.9121304 3.744682 3.185863 167 157 146
-0.06987739 3.824105 3.041804 169 163 150
1.487389 3.672097 3.24789 167 159 145
0.8481915 3.741769 3.156381 137 132 117
0.914887 3.734692 3.161231 163 157 140
1.294897 3.706058 3.209366 166 156 142
1.753484 3.657077 3.26983 155 149 133
2.113937 3.642175 3.323523 141 132 106
-1.907488 4.034853 2.769961 173 164 149
1.295904 3.712327 3.190811 139 130 110
-0.6497496 3.920222 2.923686 109 98 76
-1.631308 4.019724 2.790007 185 176 160
1.226093 3.728906 3.165908 110 105 85
1.329895 3.71464 3.179364 136 127 107
1.138764 3.739925 3.138702 148 137 122
1.504146 3.699965 3.18725 163 152 137
0.6446934 3.792545 3.062972 145 136 119
0.5468659 3.811403 3.046616 136 128 110
1.404613 3.722735 3.157279 132 123 100
2.181548 3.672172 3.270716 120 109 80
1.466401 3.720882 3.156641 128 116 97
1.168551 3.761979 3.113026 153 144 129
1.275174 3.740716 3.127412 138 128 113
-0.1892377 3.896686 2.922156 148 141 127
-1.315904 4.008677 2.774996 180 175 159
-1.242143 4.009283 2.78072 175 170 150
-1.242143 4.009283 2.78072 175 170 150
-0.2988283 3.900373 2.904781 165 159 146
1.830208 3.699578 3.193871 140 128 104
-1.38534 4.025359 2.747209 182 177 165
-1.549416 4.043147 2.726481 187 180 165
-0.3732246 3.934425 2.879072 153 144 131
-0.4539411 3.935869 2.860615 161 154 139
1.474285 3.736112 3.121677 123 114 91
-0.8328936 3.975133 2.803872 180 175 162
1.408129 3.752044 3.100091 163 152 138
1.602176 3.753546 3.121435 145 135 115
1.593844 3.734418 3.11761 145 135 115
1.999935 3.701995 3.174361 136 123 102
1.298513 3.765563 3.071922 135 129 114
1.298513 3.765563 3.071922 135 129 114
0.7596381 3.829337 2.990975 136 130 112
-0.5188386 4.695777 2.907083 152 145 131
0.8313376 3.834846 2.990936 141 135 122
1.904642 3.723277 3.138639 157 146 128
1.479423 3.769058 3.053011 128 120 96
0.8196796 3.849675 2.952539 135 128 113
0.8187615 3.844309 2.952335 135 128 113
2.146571 3.736293 3.138561 138 123 96
1.040417 3.83086 2.958133 141 133 118
-1.433625 4.09763 2.60103 177 169 154
1.655319 3.787091 3.007294 132 121 96
2.295413 3.732039 3.09392 162 151 134
2.283277 3.754396 3.094359 142 128 104
2.283277 3.754396 3.094359 142 128 104
-2.236404 4.182155 2.475896 184 174 159
2.324293 3.733503 3.090258 139 128 104
1.31412 3.835304 2.945457 136 130 114
1.354126 3.849568 2.951574 142 136 120
1.345431 3.825153 2.948194 142 136 120
-1.901597 4.167363 2.505176 174 165 148
2.161202 3.748995 3.051827 154 143 122
-1.231734 4.09338 2.587907 183 180 162
-1.731404 4.154987 2.521899 170 160 145
2.326036 3.752096 3.062935 129 118 94
2.628913 3.740096 3.101719 132 123 99
1.444444 3.841039 2.901993 158 149 133
2.030468 3.789196 2.985258 142 127 107
2.345976 3.763771 3.030197 107 97 69
2.089933 3.790722 2.974324 152 136 115
1.458854 3.851671 2.883865 142 132 114
2.044771 3.808348 2.954385 140 128 105
1.65706 3.83733 2.897307 129 119 102
0.1276676 3.389449 2.619143 154 155 138
2.011367 3.829065 2.90913 137 125 103
2.596785 3.783004 2.974644 127 118 95
-2.287154 4.298857 2.305794 196 190 179
2.610585 3.793785 2.941628 118 108 84
2.610585 3.793785 2.941628 118 108 84
2.05139 3.851263 2.852111 127 114 93
2.647227 3.803959 2.925602 161 151 132
3.038524 3.780921 2.977332 104 92 62
2.0493 3.872752 2.805563 137 124 102
2.660139 3.817195 2.89684 163 152 133
0.3197323 3.284901 2.503922 153 159 148
1.730125 3.909799 2.752952 143 134 114
1.547361 3.920598 2.7249 137 131 114
1.547105 3.922698 2.725684 137 131 114
2.778244 3.835876 2.856222 142 129 104
2.603752 3.861997 2.809522 146 135 113
0.9300865 4.023899 2.558465 120 113 98
2.713504 3.854373 2.813246 126 117 90
1.772045 3.951517 2.674222 157 148 130
2.804363 3.87613 2.772151 151 141 119
2.69871 3.882321 2.755929 138 126 101
2.698088 3.883269 2.756192 138 126 101
2.65525 3.890408 2.746604 154 138 117
-1.681952 4.341818 2.119457 174 164 149
3.032862 3.903512 2.706154 154 144 122
1.968906 4.021625 2.500787 130 119 101
3.117384 3.923541 2.65258 156 141 121
-0.2124445 3.28134 2.065419 129 128 112
1.898987 4.091948 2.358338 141 130 112
2.999099 4.010015 2.478095 173 163 141
3.19334 4.024549 2.437673 154 144 122
-0.03528227 3.291487 1.958735 152 151 134
-0.05552649 3.297137 1.951469 182 181 170
2.941842 4.070904 2.354057 144 135 114
1.153146 2.994494 1.975727 142 144 126
-0.03472616 3.304309 1.736528 146 144 127
-0.03349054 3.30822 1.735809 146 144 127
3.145722 4.198262 2.069953 147 139 118
-0.2197154 3.409274 1.64242 122 119 97
1.158494 2.984608 1.769897 144 139 120
1.159945 2.987637 1.767161 144 139 120
-0.6808974 3.434886 1.421463 158 154 130
0.7562086 3.059871 1.619803 120 123 109
-0.7422882 3.505478 1.340013 168 169 151
1.17731 2.916289 1.588467 132 133 111
0.9554176 2.680147 1.449063 113 113 96
1.006901 2.658791 1.44042 141 141 128
0.2457082 2.059368 1.331529 113 112 94
0.518894 1.128197 1.465232 113 94 66
1.06903 2.167695 1.294436 108 114 101
0.4817527 1.049071 1.410528 125 121 103
0.115527 0.9505649 1.379339 122 125 113
-0.3742244 1.533036 1.077456 161 159 144
0.3951398 0.8743514 1.337669 152 152 142
-0.1486468 1.034125 1.220132 145 140 122
0.1047278 0.8315203 1.301554 138 137 117
0.3330446 0.8183591 1.300016 117 110 85
0.323363 0.8042592 1.290429 152 151 131
0.4044287 0.811092 1.280428 131 106 78
0.2077698 0.8019279 1.216497 144 136 112
0.2174751 0.7951276 1.199064 162 155 130
-0.2803834 0.9875831 1.07109 169 169 147
-0.2518031 0.9614081 1.084759 184 174 154
-0.2518031 0.9614081 1.084759 184 174 154
0.2335526 0.7818236 1.174528 170 164 142
0.6230009 0.9146579 1.176753 164 156 131
-0.2907893 0.9985402 1.007555 200 198 179
0.3840276 0.788453 1.145453 145 127 89
0.06605943 0.6972905 1.07618 122 110 80
0.8001872 0.968776 1.05772 126 120 99
-0.1006086 0.7649222 1.000098 175 164 137
-0.9029332 1.866297 0.5061438 156 157 139
1.300356 4.135916 -0.05665749 166 165 147
0.03592259 0.6501621 1.035385 130 116 92
-0.1178095 0.7007405 0.9439465 153 144 121
1.528332 3.90728 -0.07500964 168 165 149
0.03385224 0.6482343 0.973238 138 131 107
-0.1406047 0.6770499 0.9223266 123 113 92
0.3620516 0.6510282 0.9874115 133 120 89
1.476585 1.876983 0.6067486 139 133 110
0.0745233 0.6468946 0.8777068 177 164 136
0.06092244 0.6436644 0.8711191 155 141 111
0.3957944 0.623144 0.8907675 164 160 144
0.3957944 0.623144 0.8907675 164 160 144
-0.008162745 0.5975838 0.8496102 130 126 106
0.7013921 0.7206598 0.8613976 148 144 124
-0.2685131 0.6655838 0.7415711 170 143 119
0.3589928 0.6098273 0.8303638 186 182 163
0.3224809 0.6128709 0.8122899 161 157 136
0.2646973 0.6012653 0.799836 166 159 135
1.521794 1.742034 0.4203709 147 142 118
1.497365 1.752574 0.394359 146 141 118
0.2093005 0.5776124 0.785033 146 131 110
0.3924001 0.5877097 0.7864051 183 180 163
0.09388674 0.5650463 0.7377904 176 168 146
0.3853368 0.5918343 0.7568968 172 168 148
0.01538915 0.5369546 0.7277532 163 158 140
0.01549668 0.5397213 0.7250276 163 158 140
0.1785723 0.5540246 0.727959 175 171 156
-0.2983026 -0.121938 1.001694 198 199 180
-0.09643962 0.5708671 0.6692448 161 156 133
0.2534646 0.5446236 0.6731032 158 153 132
-0.1031888 0.577766 0.6144786 184 180 162
0.2046782 0.5322465 0.6579118 138 130 106
0.6707138 0.6521227 0.6368808 182 180 166
-0.1657958 0.5754415 0.5630108 105 97 72
0.6637106 0.6448153 0.5929393 171 168 153
-0.09361273 0.5862337 0.5244176 175 161 132
0.4841971 0.6076996 0.5797025 182 176 157
0.3674155 0.562734 0.5468869 145 139 117
1.236361 1.834169 -0.09161886 157 150 124
0.3570893 0.5634853 0.5263402 171 164 147
-0.4116876 0.8409683 0.2252129 209 205 187
0.01695199 0.4931206 0.3228618 190 187 169
0.005254984 0.4932944 0.3185775 156 151 128
-0.05608921 0.5035047 0.2896404 180 180 162
0.4127977 0.6017411 0.2561201 157 152 132
0.1386076 0.4007987 0.3469957 189 190 175
-0.1975442 0.6838332 0.1085362 219 217 204
0.02237284 0.4843598 0.2219792 144 133 111
-0.1189609 1.732255 -0.6690342 186 181 158
-0.133787 0.6158014 0.07382176 148 140 119
0.2087995 0.3285388 0.3085158 175 177 163
0.1197732 0.464523 0.1862055 186 184 165
0.2215778 0.3214678 0.2957538 183 185 167
0.198898 0.3341594 0.2820904 180 182 166
0.06008305 0.51245 0.1340124 204 201 183
-0.1300278 0.5657629 0.06964497 154 148 128
0.08795758 0.4915633 0.1229676 216 217 207
0.003042917 0.565995 0.002904652 189 187 172
1.990757 3.557401 3.523808 163 151 136
1.373758 3.592983 3.42886 150 141 123
0.9267616 3.651547 3.364467 153 145 130
0.1461243 3.725712 3.252561 168 159 146
0.7707925 3.669891 3.330759 166 156 143
0.945859 3.658542 3.348785 151 145 129
-0.7731984 3.825416 3.118683 186 174 163
0.052958 3.756127 3.216028 161 151 137
-1.707814 3.920308 2.989633 171 161 146
1.589478 3.594336 3.419789 155 144 127
-0.9749194 3.852642 3.075762 146 133 112
1.587654 3.621477 3.416416 118 104 81
0.974563 3.678617 3.315932 154 147 131
2.24847 3.551979 3.490725 132 122 98
-1.467967 3.923393 2.968275 177 172 150
1.137082 3.672381 3.312407 165 159 144
0.8926607 3.691081 3.249433 153 145 130
1.755656 3.608757 3.363777 151 141 121
-1.341738 3.928226 2.947263 204 199 190
1.554649 3.633063 3.329528 139 129 107
0.704545 3.733558 3.214039 150 144 128
-0.7709471 3.881613 2.996335 162 157 143
-1.121134 3.913153 2.944399 173 167 152
1.183926 3.682502 3.242431 132 124 104
-1.308327 3.947395 2.901549 179 176 159
0.5457108 3.784918 3.14137 157 151 136
-1.317858 3.963454 2.870752 170 162 143
-2.101863 4.058443 2.737289 179 168 151
-2.101863 4.058443 2.737289 179 168 151
-2.026411 4.059014 2.735832 196 190 180
-0.9445614 3.950383 2.872295 176 169 154
1.465309 3.708919 3.196637 153 142 126
-1.064312 3.956659 2.852412 173 168 154
1.541954 3.694336 3.194411 165 154 137
-1.424545 4.009267 2.794667 181 176 161
1.342436 3.758509 3.117514 145 134 115
1.356507 3.739395 3.112431 161 150 138
2.174022 3.693427 3.233863 129 119 96
1.383912 3.749471 3.108627 143 132 115
-0.4639273 3.972657 2.805002 174 168 156
0.6072116 3.848284 2.948185 129 120 102
-0.6650248 3.988986 2.759329 191 186 174
0.845534 3.869274 2.914412 146 140 126
1.675086 3.780444 3.011088 160 151 131
-0.3496138 3.71857 2.698264 172 181 175
0.528168 3.925904 2.803583 119 110 92
2.182027 3.771635 3.032461 153 141 122
2.522948 3.771049 3.001033 127 113 90
2.09775 3.805302 2.934051 154 140 122
1.736734 3.887694 2.839776 129 119 98
1.791246 1.870499 2.638599 158 147 128
0.3280824 3.068582 1.980242 147 148 131
-0.05501618 1.915859 1.468091 170 175 166
1.146512 2.774712 1.455297 143 144 132
0.5545229 1.827709 1.487832 118 118 101
0.2457961 1.191869 1.528686 117 123 110
0.2629003 1.17998 1.528178 117 120 106
0.3237826 1.180603 1.516791 110 112 92
0.3214002 1.178121 1.502207 144 144 129
0.2780775 1.159756 1.499354 140 138 120
0.394141 1.157081 1.472917 107 105 87
0.3712957 1.159194 1.460629 113 109 91
-0.1334758 1.681587 1.284651 167 167 158
0.05664394 1.08789 1.428093 150 155 145
-0.1654692 1.678216 1.278182 140 141 129
0.03859109 1.095535 1.411194 190 193 184
0.1185855 1.034859 1.410187 108 103 82
0.5258389 1.109267 1.439948 122 120 99
-0.3038226 1.604534 1.189116 128 134 122
0.9046883 4.191909 0.7518963 122 119 100
0.4932784 1.028831 1.392497 144 144 132
0.4923701 1.042091 1.388191 144 144 132
-0.0722592 1.047458 1.307601 172 171 153
-0.3507161 1.587117 1.141437 183 186 183
0.06081049 0.8915245 1.341529 163 165 154
0.5034426 1.256386 1.269925 141 141 129
0.2172203 0.8635436 1.324041 142 139 116
-0.2875948 2.441506 0.8388756 181 179 162
0.2614924 4.209629 0.4162359 133 129 104
0.2048939 0.833673 1.295477 125 108 81
0.4638253 0.852643 1.310141 117 115 91
0.4276674 0.8185069 1.298356 122 109 80
0.4160855 0.8094497 1.268213 133 121 90
-0.4520918 1.351865 0.9621384 123 124 109
0.6014568 0.9203802 1.199481 131 123 97
0.376528 0.7953265 1.206021 173 165 140
-0.5332791 1.340496 0.9000999 157 160 147
-0.1149605 0.8178815 1.114419 169 161 139
-0.4819381 1.301456 0.904943 157 158 150
0.8232954 1.049372 1.155064 158 156 134
0.7990413 1.023445 1.150004 71 68 48
0.3461777 0.7762766 1.154857 160 154 133
0.8304706 1.010533 1.114515 137 136 117
-0.522999 1.26059 0.8494802 167 171 163
-0.06586542 0.7665311 1.073597 156 153 129
0.1985127 0.7129998 1.117826 181 176 156
0.1985127 0.7129998 1.117826 181 176 156
-0.2994692 0.982585 0.9615618 193 191 171
-0.07355163 0.7634593 1.063905 186 175 149
0.03662177 0.6933595 1.099433 131 123 96
0.3873246 2.817357 0.4257672 170 165 141
-0.4443526 1.198122 0.8564812 214 214 209
-0.1199556 0.7702208 1.033239 166 161 140
0.1510837 0.6901127 1.082662 131 123 97
-0.0716433 0.7458795 1.028884 198 196 181
0.06326979 0.6791618 1.056718 155 149 126
-0.2318833 0.8254052 0.9613706 123 122 108
-0.2716576 0.8190307 0.9239981 153 155 136
0.04374098 0.6477792 1.025641 162 155 132
0.2975846 0.6606997 1.045288 169 166 148
0.5020824 0.7722514 0.9844619 156 144 115
-0.1188773 0.6832341 0.9394302 129 121 97
1.225356 1.375408 0.80763 161 158 137
0.09260129 0.6427217 0.9472346 166 160 135
0.3153228 0.635722 0.9757054 125 115 86
0.1069108 0.6393936 0.9323581 139 127 100
0.326621 0.6416665 0.9546188 162 155 131
0.326621 0.6416665 0.9546188 162 155 131
0.283748 0.6248355 0.9459721 155 139 111
0.3684992 0.6342144 0.9280224 159 157 137
0.154532 0.6273638 0.8962014 196 190 170
0.9350721 0.9840784 0.8373173 154 152 132
0.1151713 0.6391429 0.8744391 173 159 133
0.08199091 0.6409974 0.8665307 177 167 139
0.6833466 0.7382264 0.8900249 178 176 162
0.960885 0.9772716 0.8204227 156 152 138
-0.1686971 0.6384459 0.8233569 130 120 93
0.2863998 0.6411603 0.8685841 121 108 78
0.07764582 0.6246579 0.8473694 145 135 107
0.01296133 0.6015432 0.8306534 161 147 121
0.57207 0.694892 0.8562816 176 173 156
1.096797 1.067222 0.7493716 110 105 82
1.096797 1.067222 0.7493716 110 105 82
1.088418 1.056414 0.7416708 144 143 130
0.7127413 0.719814 0.827228 179 179 165
-0.353467 0.7760633 0.6633535 205 200 179
0.106 0.5898505 0.8027575 178 174 158
0.3530093 0.6090057 0.8112163 192 188 170
-0.02298355 0.5553239 0.7861906 176 170 154
-0.1312104 -0.09543519 1.070057 170 166 144
0.007458173 0.5572193 0.7754508 179 178 163
0.02253446 0.5635261 0.7723804 169 162 140
-0.22703 0.6419976 0.6961166 140 134 107
-0.3643892 0.7865634 0.610993 216 208 188
0.9446092 0.8887009 0.7083707 138 134 114
0.00425963 0.5510907 0.7495171 175 170 149
0.006253558 0.5565491 0.7470296 175 170 149
0.3263306 0.5994126 0.7630199 92 83 63
0.3263306 0.5994126 0.7630199 92 83 63
0.08571012 0.5668643 0.7468522 142 136 117
0.1532982 0.5665029 0.7471558 189 184 162
-0.07065388 0.5638493 0.7197015 207 207 195
0.01847767 0.5448353 0.7414547 179 174 158
-0.2018665 0.9009149 0.5371419 201 191 166
0.1609168 0.558783 0.733901 181 176 157
0.3607933 0.5909979 0.740791 171 162 138
0.9476977 0.8676175 0.6680233 146 143 122
0.3534192 0.5895054 0.7352592 119 109 87
-0.1668142 -0.105839 1.010505 175 173 161
0.1554665 0.5602652 0.713723 174 165 138
0.2741252 0.5691485 0.7178867 158 155 133
0.03029175 0.5357463 0.6964911 180 179 161
0.1457575 0.5592734 0.69877 173 165 143
-0.132534 0.5953946 0.6208834 207 205 187
0.1934416 0.3529789 0.765565 144 135 115
0.8286885 1.208096 0.4034671 181 177 160
-0.1093101 0.5766925 0.6031525 116 110 83
-0.1851329 0.5899336 0.582814 158 150 130
0.1953507 0.5282034 0.651051 164 161 147
-0.1830196 0.5881639 0.5738344 111 98 74
-0.1756222 0.5820553 0.5653247 160 153 129
0.7215315 0.6587726 0.625667 168 168 150
0.2253728 0.524139 0.6187508 151 147 130
-0.1668397 0.5652989 0.5472152 118 105 79
-0.155979 0.5734881 0.54331 161 153 132
0.7325999 0.6664281 0.5648767 143 133 105
-0.2363875 -0.3146949 0.9831741 190 184 154
0.3693267 0.5602632 0.5348921 140 135 113
0.6302498 0.6398718 0.5125498 80 78 62
0.375008 0.5594059 0.51324 170 163 145
0.9665158 0.9045735 0.3699401 164 154 127
-0.3360282 0.7760854 0.2890612 219 212 192
-0.3660575 0.8227764 0.2102907 177 170 147
0.2734926 6.582329 -3.209451 152 142 113
0.4773192 0.595341 0.4250728 133 128 107
-0.2314421 0.6358719 0.3052263 159 159 142
-0.1640064 0.5901436 0.3177709 172 163 142
-0.3575734 0.811487 0.157714 179 176 160
-0.3893987 0.8170746 0.1391187 171 168 148
1.33893 3.110622 -1.124395 154 151 135
1.446795 2.512733 -0.7499197 136 128 101
-0.07320255 0.493238 0.3359844 133 123 97
0.1752513 0.4583045 0.3610911 109 103 79
0.1560031 0.4006883 0.3523234 189 191 181
-0.2520097 0.7121223 0.08687624 182 184 174
0.8284141 1.659445 -0.46974 140 130 105
0.1697037 0.3589252 0.3132362 222 223 207
0.985065 2.327239 -1.039518 122 112 87
0.2137143 0.3239309 0.2853378 153 146 128
0.1342069 0.4693479 0.1228604 183 184 170
0.01357339 0.5505947 0.05519875 165 161 142
-0.04242567 0.7485363 -0.1823255 186 183 163
-1.014704 3.853116 3.067084 191 184 173
2.256053 3.551166 3.503132 171 160 145
1.07175 3.665728 3.310665 158 151 140
1.454841 3.674367 3.325078 153 143 130
-1.458339 3.942713 2.9123 175 170 150
1.205116 3.697253 3.243914 167 157 144
0.9480665 3.736516 3.179865 170 163 152
-0.6205045 3.896173 2.95746 181 175 163
-0.5093468 3.970134 2.801703 183 178 166
-0.7665694 3.999489 2.767499 162 156 140
-0.2025387 3.801617 2.769518 122 122 107
1.265895 3.960482 2.677819 152 149 131
1.88704 3.978761 2.631058 147 136 118
-0.2131241 3.292379 2.044727 146 145 125
-0.1276889 1.865095 1.766792 151 146 132
-0.6504344 3.465742 1.277838 144 141 123
0.2505143 1.20418 1.550129 115 116 99
0.3192143 1.204049 1.539621 138 138 124
0.3473734 1.213304 1.534282 122 122 105
0.2195222 1.184078 1.5219 137 139 124
0.2880423 1.182536 1.532213 124 125 113
0.1583026 1.194972 1.506438 121 114 88
0.3187141 1.192739 1.520658 137 138 124
0.3058285 1.173086 1.515681 141 141 127
0.249437 1.162873 1.507941 151 151 134
3.722097 4.509391 1.352232 147 139 121
-0.270838 1.814568 1.289792 158 159 150
0.03845009 1.140386 1.442867 187 192 185
0.1252149 1.087362 1.460437 144 143 127
0.1503699 1.060686 1.443427 96 94 74
0.1512635 1.063689 1.441451 96 94 74
-0.3264992 1.746517 1.240726 170 172 162
0.7709861 1.491188 1.430692 121 123 113
0.4381593 1.124849 1.45877 141 142 130
0.4876687 1.133109 1.454552 157 153 136
0.1367967 1.042901 1.41636 97 93 72
-0.2721926 1.614793 1.210391 145 150 141
-0.4394338 1.674658 1.15764 147 154 144
-0.3705107 1.620351 1.16856 147 153 144
-0.6185169 5.607357 0.2181623 147 151 143
0.5192028 1.065064 1.395688 148 148 131
0.06247117 0.9145377 1.361778 144 146 133
-0.0611412 1.042197 1.307728 135 131 115
-0.07548379 1.046563 1.29947 137 133 112
0.2445827 0.9345392 1.365681 162 158 137
0.3237804 0.9141057 1.381274 134 126 101
0.04299244 0.9068872 1.3397 167 173 162
0.2740277 0.1735817 1.53783 161 154 129
-0.01467553 1.026217 1.295403 123 118 101
-0.1484324 1.062958 1.25972 155 150 131
-0.5638679 1.661988 1.060172 179 183 161
0.5317982 1.013344 1.359232 141 143 127
0.3283701 0.9099808 1.348199 144 137 110
-0.3781053 1.545462 1.095959 168 164 146
-0.1927543 1.074136 1.228565 166 169 151
0.3312166 0.9010917 1.3307 122 117 93
0.01579435 0.8983315 1.28708 168 165 145
-0.4020484 1.533386 1.057526 171 172 159
0.3588469 0.8615782 1.32439 114 115 105
-0.4246384 1.53495 1.04609 170 166 151
-0.2276236 1.075432 1.188723 171 172 162
0.1383302 0.8275456 1.299767 151 147 128
0.3632916 0.8509881 1.317014 162 162 150
0.4082647 0.8462263 1.316689 168 169 155
-0.09927243 0.8943821 1.213371 139 136 114
0.1593377 0.8137078 1.257744 132 119 92
-0.238882 0.9999426 1.148333 139 144 129
0.3318692 0.7979977 1.280038 169 166 144
0.4154051 0.8098214 1.287808 124 113 84
-0.05804452 2.436685 0.7754523 146 149 130
1.033558 1.367295 1.196645 128 130 118
0.3132731 0.7990589 1.252841 174 173 152
0.4002438 0.7977563 1.255421 130 127 100
0.4600306 0.8123432 1.253329 123 113 79
0.3926563 0.7957476 1.247503 140 136 108
0.2680815 0.8153129 1.223515 150 145 120
-0.06755896 0.8097882 1.178141 161 156 136
1.224458 1.607735 1.103291 128 126 108
0.1168029 0.7847114 1.198575 152 141 111
0.839983 1.11372 1.194059 130 127 110
-0.4049397 1.322156 0.9598117 180 180 172
0.2146072 0.7924405 1.196328 169 160 136
0.2146072 0.7924405 1.196328 169 160 136
0.3695286 0.7986969 1.212909 155 150 126
-0.05149292 0.7965252 1.159229 177 174 157
0.2543775 0.786127 1.202733 171 168 148
-0.1937414 -0.1650594 1.425116 148 150 137
0.9733205 2.225457 0.8520898 127 122 98
0.2396097 0.7870163 1.179356 170 165 142
0.6283399 0.9203187 1.185288 135 125 99
0.7966723 1.043764 1.15666 158 152 129
-0.0887448 0.802471 1.098061 190 181 150
-0.05770647 0.7921671 1.105069 132 122 94
0.7956807 1.019649 1.143223 144 144 124
-0.3005886 -0.00795651 1.314979 182 187 177
-0.06117203 0.7748743 1.091859 165 159 133
-0.08130285 0.7669739 1.075651 192 189 172
-0.1066038 0.7633082 1.050088 186 183 163
0.30078 0.7003416 1.117963 189 190 177
-0.1804316 1.033739 0.930393 211 208 188
0.1700263 0.6975216 1.085818 153 145 123
-0.0951489 0.7572184 1.015783 199 199 186
0.7771835 0.9619235 1.037911 155 146 119
0.05771344 0.6621879 1.045568 130 129 111
0.3998668 0.7110042 1.065822 159 159 143
1.075954 1.590976 0.8177772 148 136 105
-0.2960656 0.8300721 0.9165413 144 146 125
-0.224631 0.8025142 0.9319301 189 180 160
-0.198424 0.7996899 0.93704 66 65 54
0.5820981 0.7940653 1.023223 143 145 133
0.2600227 0.6499504 1.027211 126 121 102
0.1378137 1.404796 0.71855 177 173 152
0.01497281 0.6541224 0.9831662 145 131 107
0.3224816 0.6481211 1.013375 119 108 78
0.4837401 0.7588279 0.9851446 134 123 91
0.7968835 0.8750787 0.9681652 138 136 119
0.2652537 0.6298663 0.9896106 124 118 91
0.07941702 0.6420321 0.9603719 166 160 132
-0.07558163 0.6583538 0.928016 142 142 125
0.5276875 0.7529526 0.9647621 150 144 127
-0.3413972 0.8120059 0.8245769 188 188 166
0.28563 0.6273988 0.97309 126 122 97
0.163688 0.6344451 0.9473175 172 163 137
0.2450948 0.6168818 0.9640923 160 157 129
0.09091412 0.6408697 0.9313999 145 138 113
1.230486 1.366154 0.7684278 157 151 130
-0.105482 0.6479741 0.8791039 205 204 191
0.3090667 0.6464434 0.9087374 174 160 129
-0.0166949 0.6005888 0.8706927 129 122 100
1.124329 2.854012 0.03729467 147 145 126
-0.1041734 0.6159901 0.8412876 198 199 186
0.2037874 0.6098844 0.8819051 89 76 53
0.2037874 0.6098844 0.8819051 89 76 53
0.1207258 0.6236627 0.8451371 175 161 130
0.2204412 0.6064609 0.8638086 172 166 143
-0.1396773 0.6346831 0.8045147 177 175 162
-0.3346244 0.7678953 0.715192 190 187 168
0.1617312 0.6060042 0.8419531 151 142 119
0.3367193 0.6188067 0.8424342 182 173 151
1.423459 1.496082 0.5742204 138 133 110
0.09880023 0.6034681 0.8134525 170 166 145
-0.04446982 0.5797937 0.8038098 205 203 187
0.2906362 0.6260087 0.82526 121 109 82
0.09264714 0.5957211 0.8085104 181 176 159
-0.226903 0.6505664 0.7395015 174 173 146
0.2142126 0.5873805 0.8177206 173 169 149
0.1947705 0.5878889 0.8133125 179 177 157
-0.4313289 0.3220771 0.8613679 174 168 144
0.5974239 0.6804067 0.8181879 174 170 152
0.06333438 0.5894797 0.7936676 188 183 163
0.3573119 0.605165 0.821431 169 165 143
0.3573119 0.605165 0.821431 169 165 143
-0.2566651 0.1152155 0.9606475 227 217 190
0.1558393 0.5886199 0.7938854 139 134 111
0.1320132 0.5934266 0.7882891 174 167 141
0.2546835 0.5976992 0.7977121 155 145 123
0.2855249 0.6071267 0.7966892 171 161 140
-0.3607099 0.7828646 0.6288529 216 206 180
0.1673108 0.5801073 0.7818095 138 125 97
0.1512133 0.5776308 0.7723655 182 172 153
0.1621071 0.5715497 0.7596452 190 184 164
0.04240594 0.5612293 0.7448088 178 171 153
0.3312713 0.5884233 0.765374 160 153 128
-0.1139836 0.5768152 0.7149905 197 198 181
0.2670661 0.5780994 0.7544392 177 173 158
0.2806496 0.5717443 0.7559234 156 153 135
-0.272361 0.6795114 0.6344674 222 222 210
-0.05063168 0.5492468 0.7186536 215 210 193
0.3406172 0.5878771 0.7453058 85 77 58
-0.07865774 0.5644066 0.7039443 153 153 134
-0.08775254 0.5656811 0.6907072 198 196 177
-0.2222012 0.640653 0.6336317 171 166 151
0.06041789 0.5565832 0.70793 113 102 76
0.4214069 0.5784902 0.7389103 159 150 128
0.00112816 0.5405217 0.7040595 185 176 156
-0.257989 0.6363825 0.618319 205 207 197
-0.257989 0.6363825 0.618319 205 207 197
0.1804626 0.5478785 0.7150796 178 176 159
0.3086374 0.5577981 0.7249529 126 121 102
0.1131377 0.5624126 0.6961741 114 102 75
0.3008285 0.5559 0.7207666 175 173 155
-0.2526161 0.6305003 0.607556 192 189 179
-0.1906641 0.6123003 0.6001496 178 171 150
0.1317484 0.5565613 0.6602793 164 149 123
0.1924285 0.530646 0.6670772 179 175 157
-0.09697162 0.5739846 0.5986329 193 186 169
-0.2074535 0.5885513 0.561673 136 137 120
-0.157432 0.5816357 0.5651234 158 153 132
-0.3845144 0.7029438 0.4677276 188 176 153
-0.006534866 0.4112937 0.6319331 196 188 167
0.2079975 0.5235904 0.5968737 163 159 141
-0.1499896 0.5664888 0.5257766 171 166 147
-0.09303682 0.573484 0.5245784 96 90 73
-0.1783656 0.5622235 0.5170875 129 124 98
0.2700461 0.5309649 0.5737355 157 152 131
0.55597 0.9796699 0.3412796 142 135 109
-0.1640934 0.7923437 0.3301078 175 172 153
-0.08329927 0.5381808 0.4841052 186 183 167
-0.4144917 0.8457686 0.2398791 185 179 156
-0.06679823 0.5166647 0.4309401 180 174 152
0.350527 0.5526951 0.4525518 173 168 152
-0.0184999 0.5026656 0.4375103 191 192 178
0.3012294 0.5498118 0.4329843 163 153 131
-0.2198944 0.6315441 0.309874 201 201 189
-0.05235475 0.4997096 0.4049322 178 172 150
-0.3778279 0.8178127 0.1711917 188 186 171
-0.2914339 0.7015514 0.2428626 200 197 182
-0.3494682 0.8108458 0.1519572 209 204 186
1.111338 2.556687 -0.7706537 171 169 153
0.2845385 0.5356553 0.3886467 158 155 132
-0.2118328 0.614222 0.2805517 168 163 139
-0.3913572 0.8590397 0.09246445 166 163 143
-0.178295 0.6112823 0.2741754 183 177 158
0.1203527 0.4694908 0.3982723 133 123 95
-0.1684212 0.610275 0.2712964 155 151 132
-0.3638508 0.8103238 0.1220816 194 192 175
-0.01659524 0.4988163 0.3422962 182 170 145
0.6612298 0.6618106 0.2838137 144 133 110
0.1197197 0.4321723 0.3711596 181 179 159
-0.2078966 0.6035507 0.2141182 167 162 139
-0.009472967 0.4947641 0.3099188 158 154 134
0.1279874 0.4225238 0.3642197 189 189 172
-0.2548914 0.7344916 0.1087182 205 200 181
-0.08285727 1.571323 -0.4466246 168 163 138
-0.1853349 0.6815464 0.1172964 167 169 151
0.01709188 0.4823057 0.2688581 139 134 110
-0.1367932 0.6318461 0.1478309 198 194 175
0.150765 0.3776831 0.3290744 159 154 136
-0.2953281 0.7209117 0.03702658 155 149 132
-0.230679 0.6803582 0.04214416 174 173 156
-0.1587743 0.6214771 0.09182101 190 186 163
-0.1445062 0.6197495 0.08965594 179 174 155
0.2197146 0.324003 0.3201682 172 170 154
0.1952449 0.3350943 0.3021599 183 186 172
0.05656269 0.5620597 0.1271257 161 148 116
0.2327017 0.3201042 0.3148471 171 167 151
0.2193497 0.3218633 0.3110584 139 137 117
0.2193497 0.3218633 0.3110584 139 137 117
0.2444116 0.31324 0.293571 115 109 91
0.2386627 0.3226028 0.267686 177 174 155
0.02532772 0.4301416 0.1431801 192 191 173
0.1116726 0.4694371 0.1076193 212 214 203
0.1872378 0.3875839 0.1701019 211 213 197
0.02808353 0.5588084 0.0238723 207 205 191
0.1218181 0.4588124 0.1082298 173 174 162
0.1102889 2.103085 -1.167918 200 200 183
0.4886085 3.168894 2.364608 173 174 169
0.4624141 5.34934 -10.39655 187 186 174
0.855483 5.110892 -10.17422 185 186 174
0.7727516 4.875855 -10.39703 187 187 174
3.052903 4.263995 1.937294 138 128 113
-0.7421753 3.858891 2.566958 151 142 127
0.9184012 3.211894 3.399182 134 128 104
0.4124593 3.840684 3.002182 160 158 147
-2.155639 4.659999 1.486723 114 106 88
-0.8341066 4.117754 2.477976 172 166 157
0.16045 3.477099 2.726263 120 115 102
-0.4590144 3.408611 1.962376 181 184 173
0.3944502 3.024125 1.979039 121 119 103
-0.9336321 3.695849 1.147378 148 148 120
-0.475345 3.450978 1.347994 134 137 116
0.5919368 3.061384 1.813352 132 132 120
-1.005415 3.75551 0.8801422 173 172 158
-1.591772 5.227364 0.2387591 173 163 148
-0.8714377 3.671491 0.9399329 173 174 165
-1.160623 5.090351 0.4402414 144 135 116
-1.160623 5.090351 0.4402414 144 135 116
0.9411449 2.949435 1.906744 137 135 118
3.101075 3.939737 2.616122 144 136 118
3.100252 3.938664 2.617297 144 136 118
3.447237 4.031838 2.352725 132 124 109
3.276957 4.125124 2.18508 165 155 140
3.725934 4.194812 2.007291 135 128 109
3.653611 4.477052 1.443411 145 137 120
3.669476 4.490993 1.444124 145 137 120
4.40798 4.600152 1.142298 143 134 116
-0.8902005 6.359048 -2.142963 159 148 131
-0.4291337 1.168372 0.7789149 189 190 179
5.398974 4.614433 0.9671645 155 149 133
0.1362398 0.74426 1.157734 112 107 88
-0.02491394 0.695336 1.005115 177 177 163
0.258642 0.6554931 1.050887 167 168 158
-0.1798983 0.6408095 0.8304622 132 123 98
-0.2612279 0.6403594 0.6397521 189 191 181
-0.1679657 0.5890975 0.3779413 202 200 183
1.169329 3.557564 3.525164 158 152 141
-1.116361 4.298947 2.059732 175 170 158
-0.3015883 3.477347 2.46287 128 132 105
-0.5016263 3.575753 2.270377 168 166 149
0.1753198 3.388041 2.629917 163 164 155
1.831644 3.571657 3.466284 138 127 113
-0.5595862 3.586839 2.206146 147 148 126
-0.6584989 3.628333 2.110973 139 137 124
1.934901 3.569294 3.46006 157 151 137
0.06345182 3.345374 2.486649 141 145 126
-0.4607725 3.548706 2.1742 154 155 137
-0.8377527 3.709616 1.942248 153 157 139
1.71347 3.681362 3.22705 134 123 106
0.2477859 3.296451 2.492619 171 173 165
-1.123813 3.990142 1.573821 154 157 134
-2.182434 4.913574 0.9445601 179 171 155
1.924674 3.910729 2.718448 143 133 117
1.810426 3.991561 2.597641 144 138 125
0.5358478 3.028749 2.000104 162 167 159
-0.4283937 3.435807 1.452622 131 133 110
1.11404 2.975989 2.101623 131 135 117
0.6440197 2.993664 1.870648 120 122 111
-1.25839 5.171297 0.4411325 145 134 115
-1.075346 5.205067 0.2463822 130 119 100
3.653497 4.060773 2.245204 156 147 129
3.418502 4.241344 1.981448 163 153 138
-1.954804 5.792531 -0.8653838 150 140 125
3.003047 4.436709 1.529379 129 119 106
4.069074 4.235136 1.934123 140 128 109
-0.3161429 1.556871 1.114723 168 173 166
0.1509697 1.067888 1.437875 136 139 128
4.402199 4.275298 1.807675 159 148 133
-0.1073489 1.017121 1.241933 111 112 94
-0.8687698 6.194614 -1.763469 155 139 124
-0.03124996 0.8489528 1.227813 78 75 61
0.1419431 0.802671 1.239286 124 119 94
-0.4985714 1.159952 0.7483811 160 166 157
-0.02034425 6.648949 -2.800332 125 114 95
-0.02034425 6.648949 -2.800332 125 114 95
-0.3907678 0.8126011 0.7324182 181 185 172
-0.5037583 0.9841828 0.5617608 175 177 163
-0.3699835 0.7775924 0.7052135 137 134 109
0.527963 6.699202 -2.907333 152 142 124
-0.095096 0.5805298 0.8262344 133 132 112
-0.08470827 0.5883361 0.8201081 133 132 112
-0.1413545 0.60629 0.7679032 194 195 183
0.1647858 0.5816197 0.8249732 164 164 151
-0.140866 0.5441827 0.5069042 163 166 155
-0.2082698 3.635999 2.712213 92 93 78
1.516088 3.525613 3.617414 158 149 139
1.516088 3.525613 3.617414 158 149 139
-0.7917847 4.001346 2.379044 112 109 92
1.377167 3.586556 3.454259 162 157 145
1.377167 3.586556 3.454259 162 157 145
1.784349 3.527755 3.611539 163 157 145
-0.3964313 3.561968 2.410754 146 150 122
-0.4056709 3.537987 2.413865 146 150 122
-0.6260483 3.554409 2.03971 139 141 122
1.93298 3.621331 3.338479 136 127 112
2.158493 3.609482 3.369145 157 152 136
-2.185271 4.861086 1.066692 161 152 138
-0.6518286 3.516419 1.811918 163 167 157
-0.4901792 3.379761 1.845785 120 116 97
0.444015 3.077919 2.26829 165 171 170
2.375616 3.732894 3.082171 155 145 130
0.3985518 3.041636 2.047423 159 164 159
-1.014416 3.756227 1.11756 128 130 110
-0.6939712 3.454251 1.338617 143 141 120
-1.072457 3.830287 1.063456 174 172 154
0.3438686 3.176302 1.817564 130 132 120
0.8432845 2.953329 2.053314 168 173 163
-0.2338072 3.370241 1.429525 172 179 173
0.5380392 3.128568 1.679382 139 138 125
-0.9319378 3.71295 0.6155269 116 115 99
1.217578 2.999272 1.722931 116 107 85
1.216175 2.997241 1.724917 116 107 85
-0.8654485 3.693983 0.4283077 128 125 108
-1.796129 5.694321 -0.7072912 163 153 137
-1.944207 5.875245 -1.060652 164 155 139
-1.944207 5.875245 -1.060652 164 155 139
-1.959167 6.11521 -1.548851 151 140 122
-1.808988 6.072226 -1.455766 144 133 117
-1.454989 6.02546 -1.382833 158 147 130
-0.1668187 1.055173 1.226606 186 185 170
0.04206061 0.864505 1.293887 159 159 145
-0.212272 0.9305493 1.123495 134 136 121
0.09564786 0.8242899 1.296535 149 147 131
-0.6581189 6.146863 -1.725303 133 121 102
-0.5816025 1.264304 0.7682622 139 143 118
0.3839738 0.827401 1.317125 144 151 144
0.3839738 0.827401 1.317125 144 151 144
-0.0993871 0.7991093 1.127451 189 185 168
-0.05584038 0.7857471 1.106419 132 127 102
0.1584721 0.7695838 1.194201 159 155 135
-1.164218 6.626118 -2.626998 166 156 143
-0.1414122 0.782303 0.9967185 187 186 167
-0.09594298 0.7481543 1.028847 183 183 171
-0.474046 1.021594 0.6910133 141 145 123
-0.3139027 0.7748615 0.8205561 174 182 171
-0.1951433 0.6697676 0.92825 173 175 166
0.1056969 0.6888942 0.9649144 134 130 110
-0.2230405 0.6570469 0.7844682 140 140 114
5.739439 5.282278 -0.2786538 139 132 117
0.1136843 0.621217 0.9006906 167 159 136
-0.1221621 0.572933 0.7417512 146 147 131
-0.4024975 3.947361 2.77917 146 141 131
-0.5384102 3.940726 2.652438 143 137 128
1.778192 3.462791 3.759481 161 155 142
-0.856999 4.004187 2.347581 178 185 183
-0.09813299 3.472826 2.618427 139 141 127
-0.5220455 3.661176 2.366544 138 139 121
-0.2385792 3.513273 2.503479 165 166 158
-2.06049 4.624454 1.529447 164 155 140
-0.6956335 3.662953 2.163107 184 184 169
-0.3970722 3.512248 2.273795 175 178 168
-1.589596 4.644011 1.460141 170 164 150
0.006593737 3.299334 2.33499 174 176 165
-0.8994151 3.685708 1.797607 130 136 120
1.602669 3.784191 3.024113 150 134 111
-1.249134 4.626908 1.482124 162 156 141
-0.3159079 3.333132 2.055634 110 108 88
-1.843187 4.812673 1.13878 170 160 145
-0.3791321 3.345711 1.996541 124 121 100
0.2538347 3.138055 2.284431 162 167 158
1.934474 3.766032 3.051743 145 135 118
-1.251499 5.465158 0.9988846 166 160 145
0.4883967 3.06918 2.086717 134 128 106
0.7248668 3.040557 2.188553 176 178 171
0.5333403 3.050178 2.074051 135 130 112
0.6165637 3.014144 2.097045 162 161 150
0.6165637 3.014144 2.097045 162 161 150
-1.11995 3.855525 1.084762 131 129 112
2.660044 3.912759 2.718579 154 146 127
-1.127919 3.870065 0.8885799 155 150 134
0.8151051 2.964448 1.950724 145 141 124
-2.176349 5.362967 -0.005652952 154 142 126
-0.9349006 3.693274 0.9047271 131 131 109
1.237529 2.981281 2.064274 122 124 99
1.241818 2.985879 2.064426 122 124 99
-0.8434976 3.650749 0.8363469 167 168 150
1.137369 2.959274 1.703513 154 157 144
0.7234589 2.920679 1.500303 90 94 86
1.184275 2.869033 1.549591 155 161 151
0.1174584 1.591183 1.483617 155 155 147
3.743806 4.150111 2.11423 154 144 128
-1.530523 5.964171 -1.265388 162 151 133
0.2206903 0.973353 1.401159 144 143 126
0.2465773 0.9416322 1.420035 105 100 90
-1.110221 6.108714 -1.645072 139 129 110
-1.236747 -0.6058524 1.51636 189 188 172
4.657138 4.563745 1.253703 139 130 110
0.2947476 0.8330925 1.317018 138 144 136
-0.6694784 6.248412 -1.92786 132 119 98
-0.4147492 1.133234 0.8265496 198 198 182
-0.2159234 0.8864732 0.9897068 124 125 106
-0.5334334 1.162916 0.6954137 163 168 157
-1.329866 6.634485 -2.691462 154 144 132
5.727773 4.62601 1.003162 154 144 129
-0.5365474 1.133579 0.6711465 151 153 130
-0.1735847 0.8024611 0.9863692 65 62 52
0.3817652 6.571583 -2.683135 142 134 115
-0.4700691 0.9372126 0.5868855 148 148 121
-0.2924276 0.7286128 0.7824042 191 192 181
0.729372 6.548825 -2.633212 165 156 138
-0.05499551 0.5633862 0.7952135 184 187 175
0.3169746 0.6154023 0.8493091 164 163 150
-0.2846277 0.6065066 0.5959542 112 118 106
0.0201532 0.5357233 0.7027225 156 159 144
-0.1408419 0.5629301 0.5508524 158 157 141
0.1886665 0.5104813 0.6163002 140 142 128
-2.204168 4.48173 1.847791 150 139 122
1.600149 3.474365 3.703812 155 144 134
-0.06623693 3.763089 2.799357 78 73 57
-0.4378871 3.715156 2.58588 144 153 143
-0.9276738 4.1032 2.321395 156 153 142
1.709355 3.479341 3.662919 160 153 142
-0.5006751 3.723146 2.470878 187 190 181
-0.4854193 3.643641 2.448349 111 106 85
-0.1373567 3.500921 2.622324 167 169 156
0.8758947 3.759963 3.127504 153 148 136
-0.436353 3.599847 2.387062 124 128 110
-1.052489 3.916541 1.999292 134 143 128
-0.5525999 3.59496 2.25762 133 135 121
-1.687058 4.561227 1.625242 172 167 153
-0.441535 3.532974 2.271284 130 135 108
-0.441535 3.532974 2.271284 130 135 108
-2.06424 4.697321 1.384021 150 140 125
-0.5394834 3.547335 2.210504 135 138 120
-0.7459424 3.674118 2.058135 171 176 173
-1.252182 4.503232 1.733893 161 154 140
-0.5127324 3.522919 2.159824 134 134 117
0.258207 3.315753 2.545173 145 151 137
2.049622 3.593723 3.443603 158 150 134
-0.4791924 3.512888 2.146899 158 161 149
-0.4807186 3.511106 2.147657 158 161 149
-1.836346 4.714858 1.372181 154 142 127
0.03686531 3.300951 2.413951 170 173 162
-0.8183497 3.678934 1.944961 159 160 151
-0.7724568 3.584369 1.935219 154 155 131
-1.828686 4.705178 1.317707 145 133 115
0.1625394 3.28122 2.419823 174 179 176
-0.128467 3.311607 2.236602 151 147 129
-0.6645141 3.520669 1.940076 150 155 146
0.1567957 3.260412 2.37779 151 155 147
-0.7055642 3.564104 1.894344 155 151 130
2.179801 3.647184 3.311729 158 148 133
2.179801 3.647184 3.311729 158 148 133
0.2211213 3.212782 2.358369 171 175 166
1.779759 3.767663 3.048639 149 140 122
-0.764771 3.552118 1.736245 138 140 128
-0.3390519 2.527055 2.062311 142 139 128
-2.278681 4.976222 0.8057215 159 149 133
-1.134007 3.92947 1.484717 131 135 116
2.103827 3.774121 3.018829 138 127 110
-0.801487 3.553803 1.589106 150 150 126
-1.850737 4.945879 0.8457262 156 146 132
-0.7242572 3.466075 1.57746 139 140 117
0.5714692 3.108008 2.258255 150 150 139
-2.254826 5.1056 0.5487215 148 136 116
-2.285083 5.129213 0.498992 170 159 140
-1.34823 4.923705 0.8774359 167 161 145
0.580573 2.992404 2.145579 138 139 127
-2.223883 5.240987 0.2609293 171 161 137
0.7028247 2.99713 2.072239 165 166 157
0.7606605 2.984721 2.099137 171 172 163
2.722379 3.829015 2.850672 160 149 133
0.5237801 2.993198 1.936136 125 128 116
-1.090748 3.826083 0.974006 129 129 112
-2.168815 5.285986 0.1667379 172 157 137
0.6007871 2.978049 1.92712 134 136 126
0.8471042 2.936435 1.995075 138 140 127
-0.1178028 3.171275 1.43926 171 176 167
-0.8355824 3.651832 0.9800666 158 161 136
-1.279213 5.138653 0.4164506 143 133 114
-1.295617 5.188553 0.3018257 147 136 119
-2.03695 5.420238 -0.1240138 149 138 119
-2.033626 5.419629 -0.1229452 149 138 119
2.986981 3.985212 2.513402 158 149 131
-2.019943 5.466763 -0.2232498 153 143 120
0.5448916 3.099759 1.55562 126 130 123
0.7955313 3.032154 1.653101 102 102 89
0.7191432 3.084582 1.571398 131 130 117
-0.9865977 3.747703 0.5974989 156 153 129
1.108379 2.948576 1.627097 105 101 82
0.8037343 2.846661 1.452154 117 117 102
1.131078 2.91223 1.565202 155 159 151
0.0756797 1.717275 1.502055 165 167 157
3.678303 4.076727 2.281745 158 149 131
-1.608407 5.619918 -0.5784966 126 111 93
3.630414 4.130056 2.193533 134 124 106
3.849942 4.113855 2.212986 140 128 105
-1.748469 5.786156 -0.8947319 142 131 114
3.683793 4.220384 1.972506 151 143 125
0.02410548 1.650099 1.342042 126 128 118
0.1224201 1.448584 1.460401 141 146 143
-0.26068 1.619915 1.20506 150 155 151
-0.26068 1.619915 1.20506 150 155 151
3.491074 4.400377 1.604752 123 117 99
0.05505451 1.140547 1.459934 123 128 118
-0.745557 1.929793 0.6978822 191 187 171
-0.503337 1.602974 0.931969 191 194 180
-0.8071262 1.921842 0.6224294 165 165 149
-0.2696497 1.11958 1.168238 122 125 111
-0.2696497 1.11958 1.168238 122 125 111
-1.581556 6.225641 -1.81439 144 134 114
-0.7096116 1.832541 0.5968431 146 150 133
0.05015548 0.8803965 1.337077 140 143 133
-0.4930954 1.313575 0.9000545 130 134 125
-0.1357347 0.9365497 1.203923 142 141 128
-0.2751366 1.000042 1.101258 128 131 110
-0.2525052 0.9833313 1.102527 176 172 156
-0.1662363 0.9113908 1.166163 154 159 148
-0.4246396 1.228832 0.8792757 130 136 123
-0.5220464 1.252082 0.8093793 146 154 144
-0.2852599 0.9958199 0.9973547 187 187 170
-0.08407089 0.7928997 1.153477 132 136 118
4.885313 4.63222 1.019214 156 146 128
-0.1364593 0.8014757 1.063926 177 175 159
5.598065 4.59649 1.078315 124 114 96
5.598065 4.59649 1.078315 124 114 96
-0.1804044 0.8189216 1.018299 186 185 166
-0.416417 1.014758 0.7968535 142 144 129
-0.2491991 0.848379 0.9540664 148 147 135
-0.4404758 1.01512 0.7543532 138 142 121
4.938697 4.998171 0.2970933 136 128 111
0.2898466 0.6831939 1.109669 176 181 173
0.1370434 0.6299287 1.017267 173 168 154
5.274399 5.182391 -0.07400315 136 126 111
5.274399 5.182391 -0.07400315 136 126 111
5.609406 5.150343 -0.04458116 131 122 106
0.177723 0.61358 0.9019285 164 160 140
0.1806257 0.6133747 0.9003371 164 160 140
-0.05445034 0.5753007 0.8366083 133 130 109
0.0994022 0.6110548 0.8563963 165 161 142
-0.1134036 0.5950263 0.7871187 144 145 129
-0.3093142 0.7085035 0.6315427 201 201 184
-0.3305965 0.6888853 0.5811808 197 197 186
0.1504519 0.546154 0.7539435 174 175 164
-0.06141511 0.5212955 0.5899139 160 160 143
-0.009726398 0.4720598 0.487369 184 190 180
-0.009726398 0.4720598 0.487369 184 190 180
-0.3041202 0.7458296 0.1027039 173 175 165
0.301132 6.287228 -10.06374 176 176 167
0.217049 6.076272 -9.733906 176 176 167
0.5884427 5.382765 -9.410291 172 172 162
0.727765 5.78401 -10.04885 172 172 162
1.983268 4.838963 -8.697596 190 192 181
0.6755626 5.572398 -10.15691 188 187 176
0.6755626 5.572398 -10.15691 188 187 176
9.487316 2.508497 -5.529106 180 183 173
7.132228 3.109658 -6.776682 164 164 153
8.230954 2.649727 -6.293394 165 165 154
0.3284646 3.729089 3.228878 160 156 146
-1.905 4.422796 1.945368 175 168 157
-1.912969 4.42651 1.947702 175 168 157
-0.4598349 3.771246 2.675883 150 157 146
-0.5388712 3.94772 2.607162 170 177 171
-1.746982 4.412337 1.949728 161 152 136
-0.06102597 3.743888 2.827714 125 119 107
1.23126 3.557024 3.518627 139 133 117
-0.6689384 4.09189 2.498438 111 105 89
0.7831287 3.705592 3.247483 163 158 147
1.30964 3.555643 3.517392 158 154 140
0.004484164 3.713046 2.815162 119 113 98
1.847078 3.484694 3.699513 159 153 138
-0.5635439 3.72044 2.410446 151 156 145
-0.08744717 3.478695 2.654719 154 159 155
-0.9442278 3.919348 2.175196 180 187 185
-1.00595 3.969267 2.105229 198 203 201
1.416089 3.636964 3.367955 155 146 136
-1.620916 4.510235 1.741277 150 141 123
-0.6102052 3.645535 2.26683 146 149 124
-1.670256 4.550131 1.657111 158 149 134
-1.090124 4.352103 1.95071 166 162 152
-0.4664153 3.583484 2.295427 163 165 156
-0.3175865 3.4793 2.351183 169 174 167
-2.261998 4.772511 1.281246 173 164 151
-1.262483 4.482358 1.798203 151 145 129
-1.081907 3.86115 1.872927 155 157 137
-0.5907461 3.595271 2.13106 171 171 157
-0.4461896 3.503378 2.1993 154 156 144
-1.62821 4.645843 1.452285 158 147 134
1.91978 3.65607 3.268872 150 140 124
-0.7818389 3.658241 1.852536 151 154 142
-0.7484017 3.609911 1.850137 158 151 130
-0.7484017 3.609911 1.850137 158 151 130
0.3011465 3.242761 2.400658 165 171 170
-0.7723741 3.598428 1.827389 135 137 116
-0.7215186 3.541592 1.823728 145 140 123
0.2761164 3.193473 2.340792 170 176 166
-0.7122582 3.52112 1.795892 142 138 118
-0.7159945 3.521591 1.796632 142 138 118
-1.759256 4.811257 1.12448 161 151 136
-0.1027851 3.24622 2.105108 124 117 99
2.068102 3.725353 3.119505 124 117 98
-0.05535189 3.228636 2.025248 132 128 111
-2.348651 5.081817 0.604736 166 156 134
-0.8304799 3.638943 1.499681 146 145 120
-1.580485 4.901444 0.9162192 136 127 109
2.541225 3.759904 3.038419 147 139 121
-1.675707 4.970188 0.7822839 160 149 134
-2.249143 5.163638 0.4139624 170 159 142
-2.075595 5.169793 0.4574842 175 165 147
0.6617292 3.014387 2.122226 142 146 137
-0.2475065 3.406121 1.599693 124 120 101
-2.253899 5.232139 0.3137708 174 163 146
0.5642085 3.049736 2.032629 160 162 152
0.4745769 2.997512 1.970972 129 132 120
-1.219598 4.961142 0.7745313 147 137 123
0.7250773 2.965011 2.076116 149 151 140
0.4358111 3.092474 1.880156 144 143 133
-2.197568 5.258042 0.2095 143 128 109
-2.197568 5.258042 0.2095 143 128 109
-0.8081384 3.630853 1.180271 147 148 124
0.766802 2.97229 2.05388 144 144 128
0.4932366 3.022245 1.88981 119 123 110
0.4932366 3.022245 1.88981 119 123 110
-2.149089 5.30916 0.1126332 147 130 111
1.108489 2.982259 2.000577 161 161 153
1.105894 2.978914 2.002038 161 161 153
-0.5701046 3.499658 1.094062 128 131 113
2.833976 4.036734 2.401105 143 134 117
-0.3091314 3.440068 1.126496 161 163 150
-1.931091 5.436115 -0.1689705 148 136 115
1.035077 2.934071 1.744023 157 156 146
3.212014 4.029726 2.395243 161 153 134
1.026796 2.91008 1.690757 139 137 123
3.4445 4.051963 2.334761 125 120 103
1.056474 2.931792 1.618361 145 145 132
-0.625451 1.989056 1.163644 118 120 105
-0.2778875 1.918495 1.309633 119 123 113
3.605336 4.06836 2.291394 138 126 109
-0.9696198 3.721117 0.3776388 156 153 138
-0.8318219 3.68281 0.365301 150 148 135
1.184447 2.835863 1.513294 129 131 120
0.1487455 1.498039 1.494555 140 144 133
-0.4123698 1.589753 1.08896 162 163 154
3.773902 4.419064 1.565507 147 140 124
-0.1741479 1.09501 1.252797 119 119 103
-0.767961 1.940497 0.6208896 151 151 136
-0.5547451 1.61205 0.8503392 184 185 173
-0.8949754 1.909865 0.5392163 128 131 114
-0.6441094 1.773172 0.5750197 138 141 127
-0.4366495 -0.2630372 1.640888 150 152 142
-0.2661088 0.9812664 1.081176 179 179 169
-0.6516069 1.750382 0.541004 158 162 149
-0.1571931 0.8839999 1.163926 144 143 126
3.792943 4.840702 0.6738388 147 138 121
-0.7193047 1.742843 0.4930833 124 128 113
-0.0427247 0.802134 1.187302 124 120 99
5.434766 4.465934 1.362805 160 155 141
-0.03212813 0.7771168 1.185436 178 178 162
0.3194774 0.7948079 1.282915 163 162 152
0.2437942 0.7824942 1.213629 166 166 153
-0.2042911 0.8608754 0.9953114 123 124 107
-0.3028869 0.8115901 0.9010204 139 145 132
-0.4901828 1.064209 0.6580597 165 173 164
0.1221051 0.676192 1.05865 138 136 116
-0.2303577 0.6579681 0.8223078 155 156 127
-0.4529571 0.8513837 0.6007912 154 154 128
-0.04293637 0.6166026 0.8952302 113 118 108
0.09843607 0.6342474 0.888985 170 165 142
-0.4672265 0.8552498 0.5427966 143 145 122
-0.452022 0.8313275 0.5476863 197 201 188
0.1002799 0.630891 0.8692687 130 125 102
-0.11821 0.5715719 0.7771062 176 177 165
0.1433503 0.5979162 0.8436202 163 163 151
-0.1573395 0.5877701 0.7179986 146 149 132
0.3603088 0.5946247 0.8348495 169 169 159
-0.1898065 0.5987659 0.6203902 166 168 156
-0.2671695 0.5723785 0.5552868 121 117 99
-0.4841247 0.9546193 0.1612019 180 185 177
0.1737511 0.5298461 0.6801015 164 165 157
-0.02577761 0.4256527 0.655327 126 113 103
-0.2670785 0.6733437 0.3519673 198 206 193
-0.01607081 0.5021248 0.5291684 47 48 38
-0.0430387 0.5187898 0.4966156 137 136 119
0.733617 0.6535597 0.6052884 136 138 125
-0.01896027 0.4940147 0.4790541 154 155 143
0.00752856 0.3871949 0.5773525 140 127 110
0.02621166 0.3499362 0.5843576 177 181 172
-0.1225148 0.5824172 0.264894 208 208 191
-0.3138795 0.7371223 0.04160331 171 175 161
-0.02891853 0.4823617 0.2949062 141 131 115
0.1817757 0.3370003 0.312638 144 151 143
0.1398369 0.4342624 0.1685733 206 211 204
0.2583353 5.784587 -9.491239 194 195 187
0.2583353 5.784587 -9.491239 194 195 187
9.520955 2.873545 -5.307367 165 166 154
0.290641 5.516684 -10.49417 174 170 159
9.297481 2.834924 -5.545352 181 183 174
9.297481 2.834924 -5.545352 181 183 174
0.2791075 5.35323 -10.54122 190 186 175
8.541656 2.897435 -5.943743 167 163 154
0.9551919 5.084187 -10.175 171 171 158
9.009283 2.507637 -5.848919 166 163 153
1.546543 4.64156 -9.885587 183 183 173
2.005182 4.425121 -9.732242 170 169 152
0.961101 4.71431 -10.35027 188 187 171
1.739318 4.491571 -9.904265 171 168 152
9.884645 2.068016 -5.537692 182 182 171
8.11321 2.545045 -6.427546 159 160 146
-1.690277 4.331343 2.155034 70 60 37
-1.690277 4.331343 2.155034 70 60 37
-0.4638852 3.986497 2.755942 159 155 142
0.7519024 3.638799 3.390242 168 163 153
-1.514826 4.289584 2.186639 169 162 147
1.220308 3.528295 3.612132 159 151 139
-2.438139 4.580908 1.667687 151 141 124
-1.933313 4.431194 1.928074 161 157 140
-1.993022 4.444211 1.886312 161 154 140
-1.627812 4.360397 2.057779 174 167 153
-0.9092996 4.15492 2.41406 173 167 158
-1.587455 4.359401 2.045337 150 140 120
-0.7517953 4.126085 2.462443 145 140 130
-1.708623 4.422446 1.942508 157 147 131
0.9045962 3.67843 3.29587 162 159 151
-1.415102 4.351782 2.039129 155 145 131
-0.9019191 3.96733 2.287551 181 188 184
-0.4579916 3.627328 2.509172 137 138 119
1.181844 3.632492 3.369471 160 156 143
1.762973 3.461325 3.681984 165 159 143
-0.9268709 3.937805 2.219597 183 189 187
-1.983982 4.580431 1.649959 153 145 129
1.876717 3.488494 3.664962 161 154 141
-2.267901 4.683248 1.444869 175 164 152
-0.4713913 3.607785 2.395564 163 167 156
-0.4714584 3.606663 2.396226 163 167 156
-1.298436 4.408306 1.932064 146 140 123
-1.298436 4.408306 1.932064 146 140 123
-0.9899557 3.91782 2.090418 161 166 155
-1.697003 4.538779 1.695642 155 145 129
0.5346693 3.899971 2.862643 136 130 114
-2.066159 4.668366 1.437553 148 138 123
-1.883976 4.633755 1.499783 159 148 134
1.454619 3.712032 3.235872 140 130 117
-0.5953612 3.613763 2.181724 161 163 152
-2.283633 4.762158 1.263305 139 128 111
-1.671696 4.597462 1.562003 153 142 128
-0.4666473 3.554564 2.22852 143 145 128
1.600609 3.655871 3.289254 152 142 127
-2.314557 4.797029 1.191216 160 150 135
1.717982 3.649968 3.302416 147 141 127
1.85631 3.615293 3.374316 133 123 107
-0.5652348 3.541216 2.116556 158 158 146
-2.40854 4.856208 1.078086 138 128 107
-1.391155 4.578464 1.584168 145 138 122
1.27068 3.821242 2.979995 147 141 127
1.295325 3.815863 2.976823 95 93 79
1.122093 3.8732 2.867862 132 127 112
0.2395996 3.277785 2.434108 165 171 167
-2.142367 4.843349 1.089841 152 142 128
-2.359729 4.92776 0.9334236 160 150 132
-1.951967 4.803553 1.139399 162 153 135
0.4082249 3.233597 2.458127 154 160 156
1.27488 3.889458 2.822879 100 96 80
-2.249761 4.925676 0.9044548 143 137 121
-1.203314 4.661298 1.422486 159 153 140
1.648741 3.830853 2.920183 143 131 117
1.644538 3.825157 2.919129 143 131 117
-1.676868 4.790666 1.160114 162 153 139
-0.6620214 3.475956 1.725431 148 150 130
-0.05876043 3.282571 1.954377 166 162 150
-2.22033 5.0571 0.6520076 150 139 122
-0.7736358 3.526374 1.559886 133 135 117
2.498722 3.738445 3.104467 151 141 126
1.970343 3.893016 2.769009 129 118 99
-0.79665 3.552967 1.474549 113 109 87
1.888022 3.921953 2.689122 141 130 117
2.024447 3.924101 2.707497 125 116 97
2.634002 3.78465 2.963868 151 143 125
-1.123971 3.881938 1.14592 163 163 146
2.585123 3.805812 2.927395 145 137 119
0.9042591 3.008645 2.179769 161 161 151
1.036873 3.002102 2.220623 132 134 117
0.4634429 3.075178 1.874654 118 122 104
0.4806884 3.05051 1.876976 136 138 126
1.041808 2.995403 2.137384 153 155 145
2.81282 3.898834 2.720257 140 131 113
0.9578602 2.969794 2.01187 137 135 119
0.9593059 2.97113 2.012866 137 135 119
1.031197 2.970231 2.029474 131 136 126
0.7311423 2.934549 1.846205 144 149 140
2.7744 3.983486 2.526309 133 125 107
2.970397 4.089017 2.307269 141 132 116
1.020133 2.934117 1.653628 107 102 87
0.9508343 2.68659 1.473951 126 133 123
-0.7956911 3.685352 0.3544546 148 139 112
3.15967 4.312376 1.807114 125 119 104
3.651154 4.204443 2.01975 130 120 104
-0.07782747 1.673594 1.315674 127 133 123
0.2025258 1.180855 1.474275 78 79 66
3.54629 4.459164 1.456662 144 134 118
0.3363251 1.16508 1.490178 101 99 83
-0.1874053 1.43132 1.149785 171 174 166
-0.296774 1.481526 1.08305 159 163 155
-0.4479135 1.481661 1.004048 149 150 142
-0.2892441 1.3954 1.047235 149 151 140
0.2748021 0.986316 1.458013 139 142 132
-0.7798361 1.928475 0.601952 168 164 146
-0.2763242 1.304337 1.063422 165 164 148
-0.8413363 1.903302 0.5524499 140 145 137
-0.8413363 1.903302 0.5524499 140 145 137
-0.3492366 1.347251 0.9809384 111 116 107
0.05216052 0.8804924 1.330518 145 151 141
-0.3457319 1.259564 0.9340593 144 143 130
-0.7067455 1.763831 0.5168434 146 150 140
-0.151442 0.8617344 1.156034 153 156 140
0.2823325 0.8401651 1.303715 149 152 143
-0.4203386 1.178118 0.8500003 190 195 187
-0.05996881 0.7832026 1.149742 171 171 157
-0.1818214 0.8331034 1.072144 127 127 107
-0.1569906 0.8239355 1.072419 127 124 107
-0.1169747 0.7964466 1.080861 175 172 155
-0.04278728 0.7473097 1.070641 154 150 129
0.1026298 0.7071226 1.142688 159 159 148
5.212352 4.830674 0.6434731 132 124 106
-0.04120541 0.718475 1.039397 178 176 156
-0.1206644 0.7624891 0.9750894 161 161 142
-0.2328025 0.7776082 0.9055676 136 133 116
-0.4340078 0.9740687 0.7116677 154 151 119
-0.3377833 0.7984738 0.8016163 151 153 134
-0.2936411 0.7668684 0.829409 185 186 173
0.2677038 0.6752857 1.075604 168 168 159
0.5961329 0.8499616 1.079225 163 169 161
-0.2094043 0.6474206 0.8769327 171 167 146
-0.2094043 0.6474206 0.8769327 171 167 146
-0.3146023 0.7553498 0.7389435 163 155 134
-0.06998877 0.601478 0.8904896 174 179 173
-0.06501168 0.6064744 0.8874755 174 179 173
-0.2725231 0.6596167 0.7771767 123 122 102
-0.1376572 0.6233485 0.8243735 176 177 168
0.5662587 0.7467648 0.9818839 161 165 162
-0.07968383 0.5772192 0.8510595 145 150 139
-0.0714067 0.5841441 0.846077 145 150 139
0.804355 0.8664154 0.9495438 143 149 142
-0.1330487 0.5939692 0.8115735 181 185 176
-0.4038226 0.7554094 0.5447277 132 137 125
0.03884433 0.5836152 0.8058766 167 165 152
0.1802983 0.5827945 0.8109885 174 176 167
0.3395251 0.6036266 0.8468062 147 141 123
-0.0322863 0.5344093 0.7245259 190 192 182
-0.2074721 0.5727825 0.5815011 170 171 159
-0.1607609 0.5839093 0.5803448 163 160 143
0.3975134 0.5818467 0.7539695 132 124 102
-0.1540591 0.5671145 0.5549061 159 159 145
-0.08899297 0.5575953 0.5567681 190 184 164
-0.4708526 0.9199221 0.1413326 200 200 190
-0.003800443 0.4359991 0.6632439 150 156 154
0.1711996 0.5224026 0.6329795 102 101 87
-0.9094087 -0.3585579 0.989657 183 180 163
-0.2703114 0.6846017 0.326804 149 146 127
-0.3694512 0.8127344 0.1664694 190 190 180
-0.3694512 0.8127344 0.1664694 190 190 180
-0.1026512 0.5201858 0.4816768 176 176 167
-0.06798545 0.5229381 0.4806681 181 181 175
0.3845783 0.5731292 0.5564318 152 152 141
0.01353891 0.3751587 0.5987198 201 202 188
-0.08883271 0.5026104 0.4203888 159 161 150
0.0005242381 0.4211851 0.4910852 129 134 112
-0.2320459 0.6940055 0.08587913 158 164 155
0.09809636 0.4725771 0.1265081 159 166 157
1.293795 5.72505 -9.596361 177 176 165
1.559279 4.973872 -8.908278 174 175 164
1.321569 5.372301 -9.86638 186 189 177
9.592363 2.76684 -5.329286 164 164 152
9.517701 2.58607 -5.546312 162 161 148
9.484594 2.45101 -5.5521 165 166 155
0.4791279 4.953806 -10.62275 173 168 154
1.03349 4.695961 -10.21697 188 186 172
3.31848 3.951532 -9.09385 182 182 169
1.787208 4.363768 -9.958575 189 188 175
2.167308 4.1922 -9.767469 168 166 150
-1.688082 4.306464 2.175618 162 156 143
-2.053869 4.420008 1.974781 172 166 156
1.245282 3.458895 3.713534 161 155 142
1.24904 3.462572 3.71751 161 155 142
-1.861455 4.362215 2.071146 174 169 154
1.011338 3.535567 3.584503 114 105 85
-2.021863 4.424836 1.979937 173 168 152
-0.1090447 3.881233 2.950878 131 125 109
0.05278978 3.837325 3.028581 144 137 126
-1.676424 4.334226 2.122998 131 121 103
0.0704395 3.83491 3.037043 155 150 137
0.6250612 3.672812 3.32891 148 143 132
-0.1181627 3.89666 2.932642 152 143 130
-1.915704 4.420769 1.986796 176 171 156
0.1355041 3.818885 3.060498 142 136 122
1.150865 3.532624 3.58601 128 119 95
-0.9009355 4.147667 2.483113 181 175 167
0.5906612 3.703027 3.26939 168 164 153
-1.869284 4.429633 1.932739 151 146 131
-1.869284 4.429633 1.932739 151 146 131
1.332102 3.501762 3.618058 151 140 130
-2.152863 4.52783 1.770173 159 147 134
-0.2136977 3.813248 2.781149 136 136 127
-0.3223673 3.712446 2.698144 158 164 160
-0.1592004 3.865793 2.765625 96 93 78
-1.663154 4.406679 1.967998 156 147 130
-1.663154 4.406679 1.967998 156 147 130
-1.568072 4.380027 2.016939 151 142 124
-1.196511 4.281763 2.206574 179 174 162
-1.679486 4.42364 1.950504 176 170 157
-1.45097 4.353586 2.056113 138 129 110
0.6382005 3.755968 3.153651 144 137 121
-2.15433 4.580702 1.66706 144 132 116
1.661389 3.469999 3.67926 97 82 62
-0.8827649 3.983648 2.309991 100 106 91
-0.3110819 3.56115 2.593336 159 160 150
1.854762 3.455878 3.747435 87 75 57
-1.424182 4.388329 1.98102 147 139 121
-2.170353 4.60507 1.58184 145 138 120
0.6068226 3.820249 3.024792 136 130 115
1.617033 3.532107 3.560332 149 142 131
-1.318514 4.375149 2.000253 159 150 132
0.9375923 3.728536 3.190496 95 92 72
0.9371201 3.727351 3.19048 95 92 72
0.4588159 2.401142 2.960128 140 133 117
1.476055 3.575545 3.479915 154 144 134
0.8913763 3.747124 3.153333 140 135 123
0.5239654 3.861811 2.938076 123 116 97
-2.179717 4.64581 1.507496 163 153 140
0.5837823 3.870523 2.919277 120 115 100
-2.113951 4.658432 1.482312 168 158 144
-1.515238 4.513677 1.74936 152 141 127
1.502094 3.658687 3.293334 148 142 129
-2.13805 4.713161 1.364106 149 140 122
1.213362 3.755136 3.119628 153 147 135
-1.240531 4.469026 1.815327 169 163 148
-2.199265 4.745774 1.313648 177 168 157
1.261036 3.749035 3.118896 148 143 128
-2.010953 4.70619 1.384119 169 162 148
-2.354839 4.826653 1.142583 145 137 118
-2.022495 4.74265 1.301883 170 164 150
-0.7585894 3.669308 1.98322 152 155 141
1.322892 3.823904 2.961731 152 148 136
2.246953 3.583935 3.422743 153 147 133
0.4271841 3.253285 2.479942 162 170 166
0.4474891 3.245649 2.487646 161 167 163
-1.882354 4.816168 1.112172 162 151 132
-1.185323 4.680624 1.386105 128 123 105
1.743568 3.815379 2.937826 131 122 107
-1.428803 4.738178 1.255535 168 162 147
-0.6576163 3.470292 1.756949 149 152 133
2.420442 3.69061 3.200694 152 141 126
-1.31516 4.835741 1.064831 144 137 124
-0.9728588 3.738238 1.254925 145 147 133
-0.2121817 3.416929 1.587586 150 145 132
2.662823 3.831809 2.871848 127 120 99
-0.6473257 3.437684 1.324907 108 101 84
0.9081812 3.005982 2.142806 165 166 155
-2.018061 5.410953 -0.07985584 166 157 140
3.17541 4.008898 2.465492 145 136 119
-0.762907 3.55958 0.7733768 132 133 110
-0.6952636 2.100715 1.125795 142 148 135
-0.09752141 1.954662 1.42558 139 143 133
1.279761 2.99823 1.673052 153 158 148
3.560596 4.095155 2.253438 132 124 107
0.2318656 3.252289 1.064833 139 144 138
-0.2351325 1.885406 1.316233 118 124 116
-0.40199 1.822622 1.228444 138 144 139
-0.2969367 1.740392 1.24812 112 117 108
-0.6689034 3.588828 0.427273 133 135 114
-0.6689034 3.588828 0.427273 133 135 114
-0.5079759 1.75555 1.146219 108 112 95
-0.3862313 1.673508 1.162721 105 110 100
-0.1219068 1.669466 1.272084 143 142 132
0.05686448 1.599404 1.371541 156 158 149
-0.4399442 1.661715 1.124451 137 142 133
-0.4326977 1.574456 1.070175 134 140 127
0.0488397 1.108896 1.43271 167 168 159
0.02609552 1.145439 1.398779 65 65 53
0.2428049 1.158538 1.474254 115 113 100
-0.7751095 1.999574 0.7027633 149 151 142
-0.08690634 1.185755 1.317742 72 71 60
-0.5826773 1.681959 0.8956413 156 157 136
0.07001729 1.067207 1.420446 166 169 159
0.07001729 1.067207 1.420446 166 169 159
-0.474754 1.525241 0.9950108 147 145 125
-0.2376195 1.129926 1.227913 122 124 103
0.0156074 1.101512 1.33499 82 81 68
-0.08145835 1.068264 1.307298 117 119 105
-0.7455579 1.938316 0.6532219 181 179 163
0.2722085 1.002188 1.468332 98 99 86
-0.4168558 1.422579 1.002257 142 144 135
0.220888 1.016787 1.440348 110 110 99
-0.2491952 1.084444 1.15923 178 180 169
0.02276416 0.9307771 1.333119 141 146 136
-0.867766 1.838783 0.4880737 132 131 110
-0.6039912 1.7699 0.6232094 127 123 106
-0.6885486 1.798555 0.5584208 138 140 126
-0.4759704 1.296678 0.8854724 168 173 166
-0.4759704 1.296678 0.8854724 168 173 166
-0.06267166 0.894264 1.243039 130 132 122
-0.06163127 0.8995739 1.241403 130 132 122
-0.244302 0.9911065 1.123002 167 168 153
0.01488441 0.881416 1.263362 79 79 67
-0.6324556 1.758567 0.5688826 148 150 139
-0.4310721 1.246584 0.8950298 125 133 122
-0.4945381 1.272604 0.8539248 145 150 141
0.007765423 0.7902871 1.241002 98 100 84
-0.7067723 1.709021 0.4779043 124 127 112
-0.383947 1.109086 0.8843892 185 191 181
-0.5107933 1.19863 0.7815744 151 159 148
0.3489687 0.8123752 1.313263 162 163 155
-0.2374239 0.9723946 1.003643 143 140 114
0.274539 0.8199208 1.278816 160 160 146
-0.0658825 0.7997538 1.152052 135 138 120
-0.04142278 0.7929018 1.153776 144 140 117
-0.3978993 1.093518 0.8578503 187 192 183
-0.2293337 0.9231912 1.010156 156 151 131
-0.469609 1.161705 0.7800196 182 188 184
-0.2132408 0.8968805 1.012589 129 134 116
-0.2906707 0.9700192 0.9398035 173 173 153
0.2873427 0.7912475 1.231198 143 143 125
0.2699397 0.7583803 1.187593 166 165 153
0.1650899 0.7156336 1.145695 162 161 144
-0.3895761 0.9794078 0.7815793 128 127 106
-0.1668325 0.8008519 0.966678 56 59 50
-0.1665541 0.8050831 0.9648646 56 59 50
-0.1273157 0.7705888 0.9872443 147 143 120
-0.1795454 0.7795346 0.9336185 126 123 108
-0.4676784 0.9831451 0.6629687 190 195 185
-0.02125794 0.6552275 1.019007 176 180 170
0.01375952 0.6521183 1.031177 134 112 88
0.1160132 0.6760347 1.048707 143 140 123
-0.3052923 0.7815045 0.8267592 183 189 179
-0.3062345 0.7804143 0.8270947 183 189 179
-0.003582523 0.6364236 1.021266 129 124 103
-0.4725527 0.9814176 0.6298203 180 183 170
-0.3142881 0.7788856 0.8076482 182 188 178
0.5825943 0.8293468 1.062196 164 169 162
-0.4736786 0.9670302 0.5938373 188 190 179
-0.3518863 0.775161 0.7570729 144 146 128
-0.2060077 0.6542193 0.8903461 130 129 111
-0.1300338 0.6504935 0.9016097 165 163 150
-0.08569346 0.6420478 0.9205813 168 169 162
-0.06598219 0.6353785 0.9136632 168 174 164
-0.3390233 0.758326 0.7089363 176 176 162
-0.1166447 0.6235864 0.8703949 186 191 184
-0.03231267 0.6061135 0.8959364 158 163 151
0.5763742 0.765348 0.9991089 160 164 162
-0.07494621 0.5983293 0.8674001 119 126 117
0.5794573 0.7482632 0.9931985 139 140 127
-0.3495304 0.7686004 0.6081673 144 136 109
0.1031793 0.6231527 0.8518665 175 171 154
0.1615203 0.5910432 0.8584662 157 156 140
-0.4170965 0.7116269 0.5185755 148 145 123
0.5535216 0.6900302 0.8419751 137 136 123
-0.04962894 0.5419385 0.7453255 189 190 180
0.3371776 0.6095814 0.8225387 173 173 161
0.3379391 0.6096045 0.8221545 173 173 161
0.5857207 0.7042081 0.820208 151 155 144
0.3263545 0.5972297 0.7891878 169 169 157
0.3547873 0.5897186 0.7984198 172 172 162
0.5771223 0.6715543 0.790033 152 150 137
-0.2861859 0.5853683 0.5618861 124 123 104
0.9799147 0.8800493 0.6946962 139 143 130
-0.1326386 0.5692148 0.5796773 134 126 108
-0.07377894 0.5535446 0.538682 94 90 76
-0.1058312 0.5565864 0.5229202 104 102 85
0.178648 0.5241862 0.6119368 140 140 128
-0.1612654 0.5457734 0.4854571 173 174 158
0.003738562 0.3943538 0.6496607 169 171 162
-0.2595062 0.6565995 0.3354227 157 158 149
-0.2291349 0.6404226 0.3388788 177 183 172
-0.3342989 0.7937654 0.1810102 174 161 136
-0.01454798 0.5053815 0.5120295 169 166 149
1.017151 0.9130968 0.4659908 147 150 137
-0.2326008 0.634598 0.3193511 177 182 171
-0.1048181 0.49911 0.4116708 142 146 130
-0.3148562 0.7679061 0.1123144 169 171 160
-0.2119685 0.6841335 0.09732251 163 170 160
-0.1163259 0.5911797 0.1617945 194 195 185
-0.1350502 0.611596 0.1333545 166 165 153
0.1434617 0.3726751 0.2934755 189 191 179
0.1008049 0.4723121 0.1460753 199 205 197
0.771538 0.9139265 -0.3293026 189 197 196
0.5291745 4.975165 -10.61019 190 186 172
1.745258 4.459597 -9.975199 185 186 169
0.5578473 3.654466 3.376738 127 120 102
-2.197657 4.466076 1.923025 177 167 154
-2.184983 4.454404 1.920175 153 145 127
-2.184983 4.454404 1.920175 153 145 127
-1.739443 4.325806 2.142906 129 116 95
1.279831 3.454586 3.727231 153 143 128
-1.719475 4.339627 2.13359 99 92 68
-2.032149 4.421824 1.963799 151 141 118
0.7248265 3.641455 3.389123 115 112 93
0.7243327 3.63985 3.391255 115 112 93
-1.495142 4.281247 2.209048 130 124 106
-1.579925 4.312233 2.153764 143 135 113
1.242156 3.501155 3.636764 158 148 134
-1.905783 4.422289 1.969045 161 155 140
-1.626588 4.341141 2.105863 171 162 149
-1.626588 4.341141 2.105863 171 162 149
-1.615959 4.33941 2.09189 151 141 121
-1.55594 4.333565 2.122509 167 159 147
0.8227277 3.645894 3.375127 96 91 70
-1.9614 4.465035 1.890306 177 172 160
-2.219243 4.535064 1.758004 173 162 148
1.422656 3.531662 3.549573 157 148 137
-0.01199274 3.587824 2.765297 148 153 144
-1.398756 4.376231 2.028418 168 163 148
1.933889 3.431911 3.795561 157 147 134
-2.370796 4.658799 1.50224 144 136 113
0.5767145 3.815445 3.03729 128 117 102
-1.408807 4.39321 1.986755 166 155 140
-1.495033 4.429778 1.92556 171 166 152
1.112853 3.682725 3.300059 156 154 141
1.323118 3.605145 3.410348 141 135 120
-2.389512 4.724445 1.382181 142 133 119
1.590966 3.595052 3.419233 142 132 119
1.937983 3.525721 3.5781 158 153 138
1.411223 3.664875 3.277843 150 143 129
1.188287 3.352708 3.137421 130 120 105
-1.424612 4.525576 1.724795 163 157 143
-0.5806559 3.568647 2.169842 159 161 150
-1.345103 4.557818 1.64773 163 154 140
2.230452 3.640445 3.295867 159 152 137
-1.915339 4.831134 1.100146 174 167 155
-1.556105 4.900252 0.9328866 163 156 139
1.767785 3.916717 2.683578 126 116 101
1.849584 3.940114 2.659227 128 119 105
2.557555 3.778114 3.00719 143 132 118
-2.061423 5.170015 0.4159701 176 167 150
2.703294 3.888597 2.75401 134 124 106
3.058044 3.929938 2.649662 138 129 110
-0.9120496 3.734911 0.6834162 122 120 99
-0.7965456 3.582721 0.6265405 128 124 105
-0.3683733 1.749805 1.217234 152 154 146
-0.4238468 1.683386 1.159421 130 134 125
-0.3996866 1.659565 1.144642 107 113 98
-0.08760709 1.639597 1.285874 144 144 137
0.0357382 1.58934 1.353471 101 99 85
-0.352302 1.608 1.154988 143 148 143
-0.04568411 1.551058 1.30207 170 175 171
-0.3659858 1.609157 1.147302 115 123 112
-0.3467234 1.588444 1.142337 168 172 169
-0.3178122 1.588167 1.144865 129 136 125
0.2169424 1.185526 1.503879 99 97 81
-0.4467178 1.597997 1.061607 140 146 133
0.0750883 1.118779 1.468792 116 120 108
-0.6593434 5.641011 -0.6697798 148 138 121
0.2141534 1.177387 1.489028 109 107 91
0.11219 1.100499 1.473762 109 114 104
0.2396453 1.16628 1.493767 138 136 120
0.03033542 1.128142 1.415433 171 173 164
-0.2838697 1.532266 1.118588 137 143 136
-0.407485 1.558937 1.050117 176 180 167
-0.1522346 1.463047 1.194895 156 162 156
-0.2521345 1.515559 1.131358 113 119 108
-0.2776567 1.515074 1.11607 163 169 161
-0.3200557 1.533919 1.087603 98 102 84
0.01792858 1.163969 1.378944 151 147 129
-0.450841 1.558232 1.021756 146 143 123
-0.06784111 1.17216 1.32049 99 95 82
-0.5381867 1.638754 0.9009859 166 167 149
-0.2620158 1.456393 1.090693 149 151 148
-0.2939595 1.473893 1.067996 87 92 77
-0.1877972 1.106713 1.253933 108 110 93
-0.1161751 1.080421 1.296489 101 110 94
-0.2432795 1.135749 1.199541 188 191 181
0.4278848 1.139579 1.468396 113 119 110
0.8139019 1.511177 1.462403 136 139 135
-0.2974533 1.430759 1.046761 114 119 110
-0.3132081 1.424386 1.039093 126 132 127
-0.1842909 1.082751 1.236713 159 163 155
0.2114418 1.012638 1.424421 129 129 119
0.7267908 3.27608 0.5955613 137 141 132
-0.02053316 1.038361 1.304365 85 82 67
-0.3413445 1.388804 1.009918 125 129 120
-0.3124484 1.377155 1.018769 147 148 140
-0.0882363 1.036644 1.25579 103 101 83
-0.1846658 1.058145 1.204304 146 144 128
-0.1846658 1.058145 1.204304 146 144 128
0.2113082 0.9739449 1.392229 148 149 137
-0.6109779 1.767896 0.6748125 160 160 146
-0.3977803 1.340495 0.9540996 155 159 150
0.2238838 0.9479363 1.381306 138 136 119
-0.5941359 1.766742 0.6657121 146 148 127
-0.6762549 1.81023 0.6052547 160 160 147
-0.1949185 1.003186 1.175848 165 168 158
-0.4549513 1.320385 0.9233094 135 140 130
-0.4500897 1.326686 0.9193562 135 140 130
-0.4824302 1.326304 0.9044196 150 155 146
-0.4573182 1.311774 0.9053681 159 164 157
-0.06685445 0.9098426 1.242393 155 154 143
0.05912137 0.8422325 1.295521 113 110 94
-0.5201613 1.27863 0.8434693 146 151 142
-0.1980887 0.9067009 1.139699 126 129 113
-0.4832453 1.250454 0.8427597 145 151 141
-0.4980131 1.246468 0.8401195 144 148 139
-0.4937819 1.252014 0.835709 144 148 139
-0.493299 1.238358 0.8233857 159 165 160
-0.6741554 1.704533 0.4873986 161 165 153
-0.4683199 1.198492 0.8155345 177 182 178
-0.1464983 0.820767 1.133445 150 151 134
0.3861629 0.8405057 1.323445 171 173 163
-0.5756533 1.244694 0.7259188 142 145 118
0.2654511 0.8238578 1.267859 133 132 111
-0.2399033 0.9606801 0.995439 171 168 143
-0.638099 1.649501 0.4724465 142 145 132
-0.526503 1.188073 0.7609413 179 185 180
-0.1437762 0.8231698 1.084719 162 157 134
-0.1790774 0.8264371 1.058449 160 168 154
-0.1440441 0.8181755 1.075875 136 135 116
-0.4424647 1.13594 0.786144 192 194 179
-0.2404243 0.8954811 0.9827877 139 143 129
-0.522427 1.150432 0.7117224 164 170 160
-0.465661 1.113672 0.7495811 197 203 199
-0.04259459 0.7751362 1.095189 137 133 110
-0.3335912 0.9703028 0.8746811 171 172 154
0.2662096 0.7735399 1.206801 134 133 117
-0.5351917 1.140578 0.6791275 143 147 126
-0.2344783 0.8237062 0.9629992 105 108 95
-0.2144364 0.8252135 0.9676625 134 136 126
-0.04016779 0.7374162 1.072749 159 156 136
-0.4223095 0.9947436 0.7733766 186 192 180
-0.2573178 0.805647 0.920188 139 145 130
0.2784291 0.7359456 1.151385 129 129 114
-0.3311372 0.8111347 0.8671634 141 147 131
-0.2624157 0.7884129 0.9005728 177 178 167
-0.196652 0.7888514 0.9198976 163 159 145
0.8655888 1.039848 1.146695 129 132 121
-0.2965038 0.7904714 0.873928 179 184 175
-0.3255118 0.7849364 0.8338004 168 175 162
-0.3251431 0.7878461 0.8193456 156 160 146
-0.2428871 0.7002052 0.8814788 134 137 120
-0.1961981 0.6590953 0.8989627 169 171 159
-0.3154968 0.7509093 0.7780482 182 183 169
-0.2603416 0.6822996 0.8282303 125 127 107
0.2582303 0.61858 1.012822 131 130 116
0.5626628 0.7667073 0.9876695 142 147 140
0.5478237 0.7560056 0.9819034 157 162 154
-0.3258734 0.7486506 0.5983155 172 165 132
-0.449303 0.7762114 0.5242273 122 124 112
-0.3573307 0.7405916 0.5699463 127 123 104
-0.3756424 0.7268184 0.5474216 144 144 127
-0.0405628 0.5523747 0.7602943 178 182 172
-0.07968276 0.5560982 0.7330384 150 152 134
-0.1435066 0.5676163 0.7014822 182 188 178
-0.2744317 0.6203763 0.60037 121 126 116
0.1978504 0.5710638 0.7816091 173 176 167
0.140292 0.5607986 0.7539951 135 131 110
-0.07367926 0.5420591 0.6726935 182 179 161
-0.3203664 0.6570374 0.50467 178 181 161
-0.05903798 0.528038 0.676429 190 189 175
-0.0655873 0.518883 0.6382913 149 144 129
-0.0655873 0.518883 0.6382913 149 144 129
-0.02470067 0.4923679 0.6684542 176 181 176
-0.4794125 0.9432178 0.1631666 189 188 180
-0.4802486 0.9357775 0.150921 192 197 187
-0.02811809 0.4161745 0.6435877 198 197 185
-0.01371086 0.405497 0.6534965 116 116 109
-0.2407922 0.6637977 0.3564791 175 176 159
-0.1258458 0.5321127 0.5011768 182 188 179
0.01108489 0.3856232 0.6491798 128 128 118
-0.2358875 0.6494704 0.3565652 178 179 165
-0.3252364 0.7988635 0.199333 163 156 127
-0.318195 0.7183254 0.2540715 185 187 174
0.01705357 0.3740001 0.6342962 145 146 133
-0.07139915 0.5163634 0.463596 178 178 170
0.001212483 0.3808731 0.5943019 120 116 103
0.3670545 0.5519068 0.5395496 129 127 114
-0.004963868 0.4499855 0.500484 194 196 187
1.445621 2.171831 -0.7924071 156 140 119
-0.1232295 0.594811 0.1972685 209 211 201
-0.01698898 0.4844005 0.3258436 171 171 159
-0.115317 0.5625643 0.2224255 164 169 159
-0.07370226 0.4944705 0.2623276 143 147 130
-0.1264058 0.5968513 0.1387179 194 192 175
-0.1586298 0.61932 0.101395 108 109 91
0.1155531 0.4518717 0.1719759 204 209 206
0.4105957 1.357816 3.161174 146 136 118
-1.950924 4.306598 1.979907 180 175 163
1.065983 3.553386 3.542654 160 154 144
0.4124418 1.428533 3.032723 138 127 112
1.827336 3.445102 3.789614 158 148 135
-1.966612 4.583775 1.656319 170 161 148
1.339253 3.736763 3.137931 143 137 122
1.656765 3.793032 3.006697 122 113 90
1.475147 3.95738 2.65654 133 128 114
-0.9618757 3.740808 0.7527995 134 134 125
-0.5031249 1.857725 1.192861 122 127 117
-0.2001071 1.867957 1.319087 129 131 124
-0.2041277 1.797376 1.291143 129 134 126
-0.2041277 1.797376 1.291143 129 134 126
-0.4424644 1.782428 1.19238 142 147 141
-0.47431 1.763383 1.161389 110 117 105
-0.4652548 1.730007 1.162777 124 128 119
-0.3581558 1.717145 1.206549 154 158 156
-0.1960627 1.700548 1.26467 147 150 143
-0.4249911 1.709042 1.163616 158 159 149
-0.2877762 1.674087 1.212902 146 151 145
-0.06902985 1.634206 1.286239 156 159 151
-0.3304068 1.626282 1.168282 139 145 138
-0.03618109 1.548863 1.311986 131 137 129
0.05558303 1.187663 1.482276 115 118 111
-0.4098724 1.613398 1.113424 123 130 117
0.2328508 1.196523 1.53293 157 158 149
0.2454389 1.191201 1.530046 111 116 107
-0.7569766 2.094876 0.7442681 163 165 146
0.04302729 1.111773 1.420915 141 141 129
0.1277758 1.083752 1.465699 142 142 134
-0.7898362 1.981067 0.6882229 157 157 149
-0.7787573 1.973413 0.6903235 153 153 140
-0.4602602 1.559818 0.9916825 152 149 125
-0.1819256 1.140446 1.266997 107 104 87
0.4107143 1.152046 1.471034 124 123 111
-0.5659317 1.629886 0.8630551 160 166 155
-0.1952166 1.099334 1.246782 129 133 118
0.4195495 1.146044 1.471945 134 139 131
-0.01225579 1.094172 1.318389 84 83 69
-0.3393842 1.432555 1.03275 141 144 139
-0.3179109 1.429949 1.041969 130 136 128
0.1284553 0.9603936 1.42563 101 99 81
-0.45787 1.410118 0.9757938 108 111 98
-0.1288831 0.7680584 1.394736 84 78 62
-0.1905681 1.074301 1.220284 189 189 172
0.7052323 2.800399 0.7847048 191 192 179
0.2746736 0.9629567 1.443765 140 140 128
0.2434378 0.9523155 1.430704 98 98 87
-0.4966524 1.369947 0.9333951 113 119 104
-0.4979341 1.352806 0.9317211 162 167 160
-0.8993207 1.884852 0.5161271 143 146 134
-0.422716 1.355757 0.9467945 126 130 118
-0.3170126 1.113 1.102042 126 130 113
0.1107402 0.8938363 1.365212 119 121 110
-0.01933325 0.9250755 1.284215 147 148 137
-0.4288443 1.318756 0.9226322 131 135 127
-0.4169462 1.314853 0.9262602 150 154 142
-0.2833244 1.020716 1.119499 203 210 206
-0.08625865 0.9386991 1.222399 136 133 118
-0.1088399 0.9345341 1.210925 139 136 119
-0.1546885 0.9103354 1.173538 150 149 136
-0.1461822 0.8928297 1.174342 153 151 137
-0.4006947 1.230635 0.8982676 127 133 126
-0.6004121 1.741302 0.5622842 141 139 124
-0.4726444 1.244864 0.8433565 173 175 166
-0.432775 1.208255 0.8656929 183 189 183
-0.6996677 1.723746 0.4809536 151 153 141
-0.08924408 0.7983476 1.185792 114 118 100
-0.4986418 1.220632 0.805428 155 160 154
-0.224791 0.3844983 1.340322 102 102 86
-0.4589565 1.196387 0.8205789 136 142 127
0.4289459 0.8490986 1.330028 136 142 134
0.3024811 0.8128401 1.295401 124 128 119
-0.6379935 1.659438 0.4825765 160 163 150
-0.4800848 1.168462 0.7819156 144 148 144
-0.3847911 1.023769 0.8649604 179 185 175
-0.3339727 0.9871612 0.8875328 186 186 170
-0.142277 0.8004724 1.053605 172 172 155
-0.3877749 1.011573 0.8402514 201 205 196
-0.4776856 1.112342 0.7307929 173 179 175
-0.3496796 0.9692983 0.8544345 184 184 167
-0.5308504 1.142507 0.6886026 168 175 166
-0.1534933 2.022707 0.3208278 175 182 178
-0.4472904 1.04977 0.7626281 183 189 184
0.03129414 0.460317 1.25173 153 151 136
-0.5550677 1.129031 0.6133746 135 139 112
-0.4354515 0.9788917 0.7277405 192 191 171
-0.3692647 0.796331 0.762027 172 173 161
-0.3848462 0.7915059 0.7266929 189 193 179
-0.4364358 -0.5192874 1.506366 130 133 124
-0.0969893 0.6034084 0.8534241 175 181 172
-0.0196402 -0.07729881 1.301439 133 138 129
-0.4239063 0.7641361 0.5370685 166 168 155
-0.31688 0.687957 0.6099373 190 191 181
-0.281831 0.6567659 0.6359167 168 170 160
-0.3152181 0.6680612 0.615441 175 178 168
-0.3536016 0.7158011 0.5562903 66 68 56
-0.3564112 0.7200456 0.5489624 173 173 157
0.1651293 0.5808514 0.7968841 175 175 158
-0.4895411 0.9942944 0.1947155 146 141 122
-0.4895411 0.9942944 0.1947155 146 141 122
0.0108123 0.3907337 0.6354557 158 160 146
0.6938567 0.8893711 0.4040608 156 156 143
-0.002541783 0.4616825 0.5113587 159 157 137
-0.2914151 0.7412075 0.09346186 176 181 171
-0.4464068 1.796641 1.193591 125 130 121
-0.04452985 1.602509 1.311816 143 147 139
-0.03300073 0.6498227 1.657598 113 115 105
-0.2078919 1.598666 1.210631 151 156 149
-0.3634365 1.458165 1.028472 127 132 123
-0.3634365 1.458165 1.028472 127 132 123
-0.4007904 0.809245 1.288778 157 158 144
0.1716945 0.9878516 1.36919 139 141 129
-0.1499947 1.003584 1.210954 141 137 124
-0.002018816 0.9387712 1.300056 121 118 110
-0.2879118 1.038136 1.119927 150 154 145
0.2186466 0.9260962 1.350584 156 154 141
-0.4119073 1.297049 0.9188158 143 144 132
-0.4044667 1.240699 0.8992635 155 160 153
-0.5912861 0.4040138 1.200423 142 145 126
-0.2823135 0.9016387 0.9529887 169 168 158
-0.2074422 0.8411282 0.9854899 153 153 140
-0.3855082 0.8056011 0.7363999 198 200 189
-0.4295365 0.7766069 0.5456038 180 183 172
-0.4556919 0.7894793 0.5223329 131 136 126
0.1121439 0.8689722 0.6093069 157 161 148
-0.2948978 0.6508372 0.6221093 87 92 82
-0.01287591 3.311703 1.880994 171 168 156
-0.9701369 3.743178 0.772329 98 97 77
0.181724 3.200148 1.901319 172 173 163
1.558043 1.748075 0.9836696 123 132 123
-0.09301814 3.913695 2.87996 149 143 129
-1.958657 4.486055 1.826264 180 171 154
-0.4801784 3.996445 2.741118 169 164 153
-0.5865973 3.90523 2.54968 197 198 186
-0.4919433 3.818456 2.534166 152 155 127
-0.7565569 3.78078 2.259984 134 137 110
-0.002486474 3.358132 2.436775 184 184 170
-0.6967979 3.591631 2.012337 178 178 174
-0.3774879 3.399258 2.055992 189 189 179
-0.8367604 3.615331 1.699193 131 131 102
-0.9444519 3.682698 1.598498 126 124 98
-1.79181 5.340881 0.01921666 179 169 153
0.1375554 3.243663 1.857385 175 173 158
-1.001338 3.770059 0.875365 182 180 167
-0.867145 3.686399 0.9355296 184 184 177
-0.8361933 3.64864 0.5678462 183 182 162
0.5376009 2.748305 1.370629 71 71 60
0.007647532 1.524553 1.337915 91 91 79
-0.1858162 1.544525 1.195548 168 175 171
-0.1380474 1.434393 1.206737 163 166 157
-0.4672061 1.341137 0.929269 162 169 163
-0.0732214 1.048611 1.29323 157 161 146
-0.2462271 1.031962 1.141991 123 123 114
-0.2462271 1.031962 1.141991 123 123 114
-0.3454007 1.030649 0.9439584 124 128 110
-0.1574505 0.8546489 1.085474 139 131 113
-0.254305 0.6463642 0.6222089 185 191 184
1.408561 3.850793 -9.347753 177 174 157
-1.443514 4.234898 2.283572 170 160 143
-0.6774284 4.065405 2.574272 179 173 157
-0.1364301 3.916635 2.852397 141 135 119
0.6512481 3.830824 3.005136 155 148 131
0.35631 3.984789 2.64737 154 159 149
-0.9906757 3.88795 2.045388 196 198 191
-0.6938804 3.671949 2.162072 193 191 172
-0.6266453 3.551171 2.038589 145 145 128
-0.0683901 3.353837 2.366661 149 150 135
2.250136 3.758843 3.024553 154 146 128
2.524888 3.797669 2.882302 156 146 129
-0.973669 3.75262 1.358093 179 179 162
2.463347 3.999695 2.532547 151 142 124
-0.2661255 3.396364 1.728212 156 157 145
-0.3236146 3.425981 1.634637 158 158 144
-0.1046331 3.351009 1.69343 149 153 133
-1.676784 5.426881 -0.1590841 177 166 152
2.830875 3.990805 2.45056 167 158 143
-1.441222 5.634475 -0.6041685 146 130 115
3.202922 4.175035 2.070717 151 141 126
-0.736074 3.541361 0.8253839 140 141 118
3.206661 4.492828 1.419305 163 153 138
-0.341782 1.805262 1.242813 151 156 152
-0.245405 1.128275 1.202721 190 197 191
0.1629263 1.006953 1.414873 81 82 70
-0.2788472 1.097078 1.136876 150 156 145
-0.3532135 1.121306 0.9550139 131 137 121
-0.4102306 1.075574 0.8160935 135 142 129
-0.188619 0.9158363 1.075494 213 212 190
-0.1695955 0.7615913 0.9395077 48 47 40
-0.3486955 0.7509094 0.5955316 137 136 113
-1.720886 4.203542 2.412325 168 159 142
-0.2736866 3.864318 3.011306 176 168 153
-1.52504 4.31803 2.154417 182 171 157
-0.5728931 4.022223 2.653362 172 168 153
1.290382 3.538971 3.569702 173 166 154
1.290382 3.538971 3.569702 173 166 154
-0.7008612 4.016212 2.45243 179 176 151
-0.7393944 3.917177 2.398574 184 187 185
-1.994175 4.62902 1.535649 146 136 118
1.321805 3.607649 3.413066 153 143 128
-0.4419875 3.592909 2.469705 145 145 122
-0.2142634 3.514097 2.561822 151 154 136
-0.04501433 3.449493 2.618373 179 180 168
-0.0006068731 3.319825 2.377728 151 149 131
-0.8986064 3.687331 1.797392 133 138 120
-1.019922 3.761773 1.703469 150 149 124
-1.141146 3.886947 1.401757 127 130 104
-0.5824558 3.415077 1.742016 174 175 166
-0.6405702 3.451325 1.683422 138 139 120
2.358569 3.922673 2.664032 154 144 126
-0.6668094 3.430626 1.575303 185 185 172
0.001536349 3.281008 1.740033 118 114 96
-1.808774 5.504093 -0.3560461 168 157 138
3.021167 4.126623 2.181004 168 158 145
3.119509 4.413797 1.591409 158 149 131
-0.5506502 3.509245 0.883633 130 130 117
-0.6623917 3.520459 0.8318782 125 122 103
-0.8058682 3.645882 0.4282123 193 190 177
4.508276 4.948625 0.4026565 151 142 126
0.0628451 1.665955 1.434968 173 174 163
-0.0951267 1.723484 1.319486 168 174 170
0.08230173 1.575427 1.435909 128 133 121
-0.7200407 1.886367 0.7057631 155 156 124
-0.5793392 1.680283 0.9250208 153 154 122
-0.8630018 1.88713 0.5414929 159 164 160
-0.2660959 1.471841 1.108678 119 127 119
-0.2660959 1.471841 1.108678 119 127 119
0.9173535 2.18148 0.06330018 107 108 95
-0.1437963 1.107872 1.280659 181 181 168
-0.20648 1.113757 1.245862 112 115 100
-0.21163 1.029673 1.178787 96 93 79
-0.4445762 1.214391 0.8500466 194 201 191
-0.3755386 1.171711 0.9074595 163 168 158
-0.1728209 0.9989004 1.183154 175 181 171
-0.3963476 1.145761 0.8706918 146 151 140
-0.5049726 1.143285 0.7235337 150 158 148
-0.1148421 0.7693245 1.067613 122 126 117
-0.487157 1.005112 0.6080357 154 156 132
-0.3781461 0.7885602 0.607083 196 197 180
-0.280607 0.6682559 0.6450233 199 202 194
-1.626194 4.122727 2.547115 167 158 141
-1.963502 4.298371 2.242454 163 148 134
-0.778299 3.974828 2.802274 186 180 164
-1.219034 4.157666 2.476617 192 186 172
-2.206749 4.492098 1.847964 156 145 130
-0.5441492 3.980964 2.761918 179 174 158
-0.4870107 3.976527 2.762014 175 168 157
0.9684291 3.561773 3.581984 177 173 161
-0.5166292 3.750204 2.504609 150 156 135
-0.8540136 3.894106 2.281095 189 196 192
-0.4133717 3.664259 2.555158 195 200 196
-0.9818224 3.967939 2.138763 167 174 168
-0.8214752 3.807811 2.209924 184 188 179
-0.6704288 3.717768 2.262121 141 145 126
1.674306 3.625221 3.338967 139 129 112
-0.7005166 3.690142 2.204328 148 153 139
1.984421 3.664181 3.265638 141 129 115
-1.422958 4.71024 1.300422 179 173 158
-0.9401538 3.717809 1.801298 150 151 138
-1.696328 4.906142 0.9155779 179 169 155
-0.8089281 3.675033 1.84912 132 135 113
-0.8520275 3.664446 1.823211 152 157 138
-0.9767423 3.722784 1.717202 128 132 112
-0.976918 3.722041 1.717538 128 132 112
-0.9349932 3.700926 1.731316 157 153 129
-0.1206245 3.265933 2.212272 164 166 157
-0.79375 3.585514 1.761151 160 160 144
2.296292 3.769333 2.987992 157 149 131
-1.409952 5.000403 0.6907607 148 138 121
-0.519116 3.420585 1.85668 176 180 169
2.321925 3.985112 2.562088 135 124 105
-0.6183818 3.415764 1.662721 165 169 157
-0.9990683 3.752151 1.303478 130 134 116
2.731839 3.971835 2.571424 160 150 136
-0.9267693 3.697161 1.242228 156 153 127
0.4705446 3.070847 2.138454 166 162 147
-1.854282 5.455794 -0.2653563 160 144 126
0.1327371 3.237891 1.796503 150 155 145
-1.566457 5.473918 -0.2911774 174 164 146
-0.5999652 3.448917 1.314313 137 132 115
-1.050966 3.762786 0.78815 123 128 110
-1.772023 5.821723 -0.9842919 164 155 138
-1.772023 5.821723 -0.9842919 164 155 138
-1.450983 6.004156 -1.370372 164 153 135
-0.9020818 3.721984 0.4841824 177 177 164
-0.6942118 3.549845 0.6161728 169 169 154
-0.6942118 3.549845 0.6161728 169 169 154
-1.281298 6.146508 -1.627704 161 150 132
-0.6675278 3.560353 0.497724 155 158 145
-0.3502503 1.992806 1.298195 115 121 115
-0.118507 1.909324 1.374928 168 170 161
-0.4056356 1.861638 1.238273 117 123 116
0.04055801 1.71906 1.43821 145 148 136
-0.8352847 1.921514 0.5819371 163 169 159
-0.7927274 1.91553 0.5829756 118 118 101
-0.5148047 1.634295 0.9535421 155 161 133
-0.5070949 1.343461 0.9204668 141 149 144
-0.1008852 1.067326 1.285146 163 164 151
-0.2232867 1.067979 1.175725 177 182 174
1.602247 1.442945 0.8057871 196 202 202
-0.2907612 1.070152 1.11083 113 118 108
-0.5349254 1.233875 0.7838708 192 200 196
-0.1563474 0.9610606 1.207432 107 112 102
-0.01866878 0.9070803 1.282843 164 169 159
-0.1021691 0.9214542 1.211948 118 115 98
-0.04408591 0.8263046 1.20221 156 159 149
-0.3360595 0.9967236 0.8997225 200 200 185
-0.4183195 1.01596 0.7975014 133 139 126
-0.4318162 0.9883612 0.7466551 189 193 177
-0.4501341 0.9903802 0.7120715 194 199 192
-0.003731727 0.7338317 1.134144 144 148 129
-0.2050308 0.7838786 0.914832 158 158 145
-0.3878157 0.8341544 0.7761574 151 150 126
-0.4556231 0.8818916 0.607464 189 195 185
-0.4556231 0.8818916 0.607464 189 195 185
-0.28242 0.7539107 0.8132974 155 156 138
0.06283846 5.724688 -9.651071 178 179 166
3.248134 4.117731 -8.974365 191 192 176
6.755921 2.472474 -6.409806 192 191 178
-0.70159 3.824842 3.113969 185 175 162
-0.1883549 3.681598 3.395569 179 169 157
-2.332354 4.343963 2.160668 186 177 159
-0.5983536 3.818171 3.108102 174 168 152
-2.140461 4.310223 2.223641 189 183 169
-1.993886 4.295977 2.230703 175 164 152
-1.730398 4.218755 2.366397 132 118 102
-1.44159 4.137792 2.521611 191 185 172
-0.8471971 3.993979 2.765695 199 193 179
-2.055392 4.389395 2.029565 178 168 153
-0.5365297 3.983963 2.76128 181 175 161
-2.106678 4.515387 1.780239 173 161 146
-0.349895 3.9757 2.754649 142 134 124
1.418807 3.488444 3.661281 147 137 125
-0.1339037 3.766373 2.794289 80 74 59
-1.742852 4.540339 1.700026 182 176 162
0.03287876 3.688695 2.811103 120 116 100
1.46914 3.536448 3.555274 151 140 125
1.477514 3.55028 3.554343 151 140 125
-1.71826 4.550486 1.665006 181 174 161
-0.8886626 3.890991 2.255953 159 165 154
1.486152 3.595037 3.426008 163 154 139
1.410202 3.627562 3.366197 162 155 143
-0.5618072 3.718488 2.412308 153 158 149
1.349075 3.665682 3.293906 163 157 142
-1.026676 3.935104 2.05299 152 158 148
-2.016062 4.765961 1.240725 179 173 159
-0.01129744 3.449443 2.649133 143 147 129
-0.6418022 3.685972 2.257684 177 182 174
0.6444317 3.961181 2.734572 123 116 98
-1.908512 4.759155 1.270159 159 151 132
-1.036689 3.892458 1.968369 136 142 125
-0.006195591 3.420401 2.604907 138 137 115
-1.293021 4.580283 1.561619 145 135 118
-0.2117326 3.461513 2.461537 191 190 178
0.1588673 3.395877 2.640462 177 175 165
-0.1970665 3.442158 2.435735 142 147 125
-0.03773249 3.39483 2.526393 138 140 117
1.675374 3.707169 3.163728 163 153 138
1.582873 3.741184 3.096645 162 154 136
-0.4931524 3.540292 2.20433 173 172 155
1.723705 3.744973 3.099269 161 153 135
1.81674 3.725609 3.140988 130 121 99
-0.8683087 3.730803 1.936748 166 168 157
-1.622981 4.788596 1.153516 147 140 123
1.546363 3.819578 2.963852 140 128 108
1.694306 3.772194 3.029672 161 152 134
-0.8814714 3.729128 1.896837 142 144 125
-0.95739 3.741627 1.838413 131 136 118
-0.7878597 3.66739 1.934891 132 139 126
-0.1965306 3.390215 2.29501 177 176 160
-1.664952 4.899325 0.9649412 158 148 132
-0.5252913 3.503337 2.070248 174 173 163
-0.5376349 3.487634 2.011533 125 127 103
-0.8162242 3.619528 1.777892 128 131 115
1.313655 3.404592 2.78308 153 143 125
-0.2639676 3.321114 2.135183 178 181 170
-1.621249 4.983711 0.74342 161 153 135
2.22512 3.820696 2.924004 135 128 109
-0.1959913 3.26878 2.145669 127 123 106
2.4327 3.788915 3.002322 164 154 139
1.958574 3.928835 2.724137 153 144 127
-0.7260205 3.537542 1.757584 158 156 130
2.241537 3.852089 2.841593 156 146 128
2.297396 3.84421 2.854316 136 129 111
0.1912013 3.169865 2.282364 176 182 177
-0.4630259 3.376858 1.797884 155 151 134
0.6300916 3.127097 2.361484 147 145 131
0.0005115543 3.222583 2.006885 137 134 117
-0.8283314 3.628235 1.375968 146 148 131
0.05014477 3.260843 1.915984 158 160 148
-0.971219 3.724906 1.227836 129 132 112
2.590177 4.029742 2.449007 140 129 112
-1.110204 3.854903 1.026396 137 138 120
0.03410546 3.277404 1.806714 155 157 147
-0.2748553 3.421174 1.588922 171 171 157
2.192482 4.205002 2.057534 129 119 104
-0.7005447 3.458996 1.376795 150 148 124
2.732402 4.228137 1.993406 160 151 133
-0.9531495 3.746075 0.8108892 177 172 155
-1.033014 3.743008 0.7523415 123 127 109
-1.033377 3.742746 0.7523893 123 127 109
-0.547032 3.523997 0.954719 128 128 111
-1.700386 5.878879 -1.102468 166 156 138
-0.8884278 3.696525 0.6583166 177 172 149
3.401966 4.38657 1.615596 165 154 142
3.415618 4.406947 1.605457 165 154 142
-0.8558127 3.671511 0.5980156 183 178 155
3.365583 4.455966 1.490778 171 165 151
-1.473028 6.073581 -1.510078 140 133 112
3.491838 4.533257 1.30763 170 160 147
-0.548409 3.538462 0.6001747 121 123 108
-0.6814346 3.59446 0.3960258 157 158 145
-1.436432 6.362294 -2.09397 163 152 139
-0.6308389 3.565643 0.3986869 119 116 95
-1.355978 6.416228 -2.231216 170 160 144
-0.3456418 2.167304 1.326814 115 120 111
-0.4578525 2.019869 1.260625 118 126 119
-0.01541069 1.801144 1.426036 119 124 112
-0.4669976 1.865119 1.213484 157 164 159
0.04442795 1.738162 1.466448 113 119 106
0.09722698 1.661601 1.506985 170 176 167
-0.4956712 1.809925 1.182751 118 124 114
-0.3933325 1.792143 1.220973 99 108 96
-0.4724442 1.793194 1.196848 163 170 166
-0.2236106 1.754761 1.274701 141 146 142
0.514007 1.836867 1.150412 123 128 120
-0.4634014 1.60248 1.073579 133 142 126
-0.0662237 1.484213 1.26758 109 112 101
-0.8788838 1.924608 0.5792683 130 136 126
-0.285753 1.537661 1.146511 129 136 126
-0.5505922 1.652095 0.9417205 158 160 128
-0.0887344 1.41788 1.26303 110 118 109
-0.2849451 1.498854 1.104854 176 182 179
-0.1853453 1.443175 1.177908 121 129 120
-0.1791967 1.452405 1.167359 121 129 120
0.2719716 1.175524 1.520619 173 180 176
-0.3555847 1.430476 1.028098 106 116 111
-0.1983127 1.361837 1.140251 104 100 81
-0.4183405 1.40854 0.9899018 112 118 107
0.228689 1.114707 1.46991 106 108 96
-0.3786752 1.37428 0.9920978 168 175 173
-0.3764565 1.376248 0.9891226 168 175 173
-0.2204352 1.161554 1.25358 147 153 144
-0.2333659 1.093496 1.187121 141 145 141
-0.5207853 1.202258 0.7797432 151 163 155
-0.338605 1.082648 0.9749715 172 178 172
-0.2600892 0.9895962 1.012326 160 158 140
-0.2772091 0.9635282 0.9500672 192 193 177
-0.1916437 0.8554948 1.027083 189 189 175
-0.1916437 0.8554948 1.027083 189 189 175
-0.2183477 0.7939519 0.9478701 73 77 69
-0.3226721 0.798729 0.8521605 144 151 131
0.07173768 0.6273659 0.8643867 139 137 118
0.08251635 5.577448 -10.11319 196 200 188
0.02829103 5.444576 -9.761561 196 200 188
-0.2400435 0.6012925 0.5878342 166 173 166
1.350407 4.769204 -9.246731 179 176 160
2.635987 3.774714 -8.863835 178 176 159
2.838404 3.699677 -8.723492 197 195 180
2.456846 3.733763 -8.968833 195 193 176
1.498299 3.989085 -9.538596 175 172 157
6.798178 2.347317 -6.569509 191 191 179
6.798178 2.347317 -6.569509 191 191 179
0.6421741 4.128823 -10.08726 175 170 151
4.677699 2.817094 -7.640788 195 196 179
1.615789 3.529508 -9.6453 189 185 172
3.512769 2.77226 -8.405438 193 189 174
3.210376 2.807249 -8.594155 191 187 170
6.242688 1.913386 -7.073822 172 170 153
5.918686 1.849582 -7.319209 191 189 173
-0.3181558 3.719785 3.321201 176 167 151
-2.06142 4.274152 2.294297 178 168 155
-0.429522 3.791612 3.168194 177 167 153
-1.968298 4.322886 2.181274 190 184 169
-1.260114 4.126231 2.522604 191 185 170
-2.105726 4.412858 1.999655 182 172 159
-0.6363986 3.964752 2.82089 181 175 161
-2.166369 4.443326 1.940099 186 176 161
0.1286735 3.74378 3.242067 152 140 125
0.1286735 3.74378 3.242067 152 140 125
-1.168193 4.157644 2.447519 195 191 178
-0.8330879 4.062222 2.637144 169 159 143
-0.8057203 4.101457 2.555361 170 160 145
-0.5468993 3.993294 2.625443 114 113 106
-1.720814 4.444922 1.892131 166 156 140
-1.561427 4.413476 1.940286 178 168 154
1.197276 3.572005 3.501716 171 165 154
-0.1657191 3.771984 2.770373 179 184 181
-1.39119 4.393491 1.975258 176 166 151
-0.6870953 3.946292 2.437286 159 158 139
-0.5946165 3.892111 2.495064 158 154 135
-0.4164362 3.736553 2.624292 191 191 182
-0.381493 3.701705 2.618088 167 172 163
0.04370537 3.640498 2.790852 172 174 172
1.5534 3.547186 3.517448 163 157 141
-0.9095788 3.896014 2.211448 155 162 151
-1.909237 4.661883 1.468654 180 172 159
1.102287 3.718751 3.196578 156 150 133
-0.6525769 3.73527 2.326941 145 151 138
1.482196 3.638271 3.329819 160 155 141
1.729553 3.565333 3.468625 166 158 146
1.343228 3.703478 3.201192 167 159 144
-0.7112784 3.729204 2.23589 167 173 166
1.557497 3.644316 3.311757 158 148 131
-1.021482 3.911827 2.009609 178 183 176
-1.061667 3.903652 1.956851 219 218 214
-0.9882169 3.876099 1.99844 144 150 138
0.09848852 3.4209 2.670533 165 166 153
0.1021173 3.388715 2.613919 185 185 175
-0.5620824 3.171505 2.394247 133 137 114
-0.7205858 3.637914 2.076411 139 143 124
-0.03135635 3.385235 2.473579 155 156 139
-1.596179 4.765875 1.190266 176 171 157
-0.7683849 3.669617 2.016518 139 146 130
-0.3703064 3.483311 2.268125 134 137 107
0.2400718 3.325709 2.577226 173 179 169
-0.07488057 3.370075 2.414238 154 157 145
-1.045372 3.781562 1.798712 154 151 131
-0.1862514 3.376273 2.326948 146 148 130
-0.7191976 3.585267 1.990071 178 183 174
-0.4717077 3.493819 2.122348 138 141 125
1.916979 3.783157 3.000674 141 130 111
-1.500753 4.827167 1.012438 173 163 149
1.809994 3.853821 2.86453 158 148 131
1.85521 3.849602 2.874146 143 133 114
-0.7931823 3.610273 1.820133 155 156 138
-0.7722755 3.595141 1.832341 133 135 115
2.355798 3.724122 3.107894 169 159 143
2.356905 3.725487 3.10742 169 159 143
0.1953539 3.249362 2.378053 179 185 178
-0.7458848 3.566381 1.82173 162 158 137
-0.6064069 3.47678 1.918024 154 156 138
-0.5858861 3.466764 1.851062 154 155 138
-0.3306632 3.33942 2.018893 120 118 96
-0.2370399 3.294367 2.057349 139 137 118
-0.1065694 3.251878 2.13074 141 137 119
-0.1822693 3.275739 2.069704 151 149 133
2.033765 3.954405 2.649683 152 143 125
2.033765 3.954405 2.649683 152 143 125
-0.3783359 3.357587 1.93319 152 150 134
-0.3134192 3.334256 1.943155 104 102 78
-0.2143453 3.30326 1.996263 156 151 136
-1.126259 3.854754 1.323998 136 136 109
-0.6612785 3.446306 1.613609 145 149 132
-0.888817 3.656219 1.390136 101 98 83
-0.888817 3.656219 1.390136 101 98 83
-1.118864 3.874732 1.114686 135 134 117
-0.2431597 3.416659 1.688218 166 168 157
-0.2376155 3.404527 1.667099 100 99 85
-0.238732 3.409763 1.633408 197 196 183
2.330228 4.151733 2.199124 131 123 104
2.992076 3.990468 2.511971 167 157 141
0.1388945 3.238082 1.829481 178 178 167
0.4969154 3.071843 2.05238 159 157 139
-0.5653584 3.45051 1.407232 104 99 78
-1.61845 5.591504 -0.5077651 163 152 130
-1.657229 5.629983 -0.6071318 160 147 131
-0.270162 3.39582 1.295524 188 190 180
-1.551188 5.656391 -0.6747788 143 128 111
0.4292803 3.177663 1.700473 154 156 145
-1.516757 5.69586 -0.7309102 159 147 129
-0.1855631 3.229563 1.40343 181 187 179
-0.8348263 3.634312 0.7816533 166 167 150
-0.5113009 3.520685 0.9036636 155 157 146
2.981707 4.496181 1.429494 148 140 122
-0.5717641 3.521451 0.8138438 126 125 109
-0.6054523 3.524878 0.7853332 151 153 142
-0.9363081 3.746354 0.470887 140 138 115
-0.9335501 3.742796 0.4738775 140 138 115
-0.5089831 3.532704 0.7662717 124 125 110
3.198674 4.555787 1.238106 164 154 140
-0.6784216 3.536329 0.6624544 126 123 104
3.26394 4.558664 1.254214 152 142 128
0.7147464 2.996482 1.512631 136 142 140
-0.6666919 3.531065 0.6288861 124 125 108
-0.9193506 3.699266 0.3604809 129 130 112
-0.6364525 3.540889 0.5500413 121 120 100
-1.031322 6.123809 -1.66093 159 148 134
-1.028557 6.114204 -1.65289 159 148 134
-0.4421372 3.545614 0.5411091 147 151 139
-0.2057699 5.243872 -0.7264082 177 174 160
-0.1421631 2.636056 1.323948 141 141 128
-1.263353 6.497201 -2.390851 167 162 147
-0.01748371 3.42983 0.5418807 144 142 129
-0.6180653 2.352755 1.193391 159 161 152
0.9469727 3.891016 0.3198168 123 120 104
-0.6310965 2.248556 1.184736 156 161 152
-0.253137 2.149376 1.355073 122 127 119
-0.6314443 2.216727 1.178962 120 124 111
-0.4085035 1.985828 1.271279 111 119 111
-0.5195951 1.956108 1.219191 135 140 133
-0.7401757 1.019782 2.060115 129 136 124
-0.5761775 1.925499 1.176141 99 105 89
-0.3460333 1.854898 1.262676 151 156 149
-0.1008532 1.774168 1.340881 115 120 111
-0.06639473 1.754211 1.335279 109 112 100
-0.4681493 1.777093 1.177888 112 119 109
-0.08726456 1.656871 1.297737 161 167 160
-0.4153419 1.70022 1.169027 156 161 150
-0.252265 1.592006 1.190374 120 126 119
-0.785345 1.947446 0.6583225 167 176 172
-0.4302867 1.605204 1.106721 126 135 122
-0.1125737 1.476096 1.239246 128 134 126
-0.5523512 1.651224 0.9090356 195 198 180
-0.4424789 1.558159 1.03645 194 198 189
-0.4072271 1.530734 1.047563 181 182 172
-0.1960858 1.462371 1.162359 173 173 162
0.2261181 1.211268 1.545399 113 121 116
-0.1395719 1.420654 1.209411 173 178 176
-0.2429954 1.470958 1.120539 146 152 149
0.2562975 1.195278 1.529026 125 134 130
0.2529191 1.191298 1.534737 125 134 130
-0.5122311 1.434262 0.9714528 136 143 137
-0.3705516 1.399553 1.01171 124 132 127
-0.1929906 1.163828 1.274124 178 183 171
-0.395041 1.361616 0.9720379 154 161 159
-0.1535499 1.129753 1.297653 124 126 114
-0.3661122 1.308834 0.9599684 123 129 119
-0.4469627 1.304975 0.9151492 170 176 174
-0.1611237 1.068485 1.252219 129 134 124
-0.4612178 1.290358 0.8974496 137 145 137
-0.5155667 1.28942 0.8540605 184 190 189
-0.5357727 1.281238 0.8408214 138 145 134
-0.2286157 1.009946 1.163348 116 121 112
-0.4178815 1.178569 0.8482876 188 194 188
-0.5004452 1.169923 0.7712768 142 151 139
-0.5004452 1.169923 0.7712768 142 151 139
1.479583 1.286478 0.7619301 192 198 195
-0.1901381 0.910895 1.153035 124 131 117
-0.2167587 0.9488768 1.015987 132 130 109
-0.3427088 0.9067863 0.8731802 127 128 117
-0.189971 0.8129789 0.9747979 154 160 150
-0.1105406 0.7488638 0.9904953 171 172 157
-0.07554182 0.7380158 0.9956612 68 66 59
-0.4197108 0.8464744 0.6710606 183 189 179
-0.4023498 0.7951133 0.5804155 182 183 169
-0.4264505 0.7990363 0.5526915 140 141 125
-0.3844683 0.7763795 0.5765539 135 136 118
-0.3964269 0.7743911 0.5556024 159 165 154
-0.3705956 0.7546647 0.5632966 167 171 154
-0.1266246 0.5816897 0.7958068 150 155 142
-0.3455296 0.69695 0.5452506 186 191 180
-0.1122825 0.5763029 0.7729652 186 189 179
-0.1536138 0.6055215 0.2757887 163 163 152
3.91737 3.98225 -8.663553 175 174 156
6.810876 2.613954 -6.417041 179 177 163
3.853219 3.730084 -8.795619 191 187 173
2.415526 3.823674 -8.967982 175 173 157
6.634184 2.468848 -6.605977 175 174 157
6.857414 2.412225 -6.523425 179 178 161
3.216205 3.37435 -8.282668 190 190 174
6.882308 2.259811 -6.532205 179 173 160
4.084909 3.020294 -7.867236 193 191 174
2.417528 3.615047 -9.045267 193 191 174
6.842917 2.135366 -6.639414 192 191 174
2.515993 3.465222 -9.052963 191 188 173
2.044684 3.594093 -9.290411 195 193 177
4.679173 2.672256 -7.684685 194 192 176
4.679173 2.672256 -7.684685 194 192 176
4.795066 2.628165 -7.684304 178 175 159
3.659642 2.943311 -8.228674 194 189 174
4.821982 2.539544 -7.681186 193 191 175
2.312936 3.346709 -9.232686 175 171 152
2.517236 3.266801 -9.187149 178 174 154
6.019763 2.132792 -7.054148 192 191 173
1.416219 3.567205 -9.756352 182 178 158
6.719646 1.932822 -6.807472 178 176 157
4.644404 2.3918 -7.803204 178 174 157
6.497522 1.828403 -6.993657 193 191 176
6.497522 1.828403 -6.993657 193 191 176
6.017879 1.894038 -7.196535 190 188 172
1.839303 3.179358 -9.662895 194 190 172
6.565428 1.684941 -6.94227 193 191 175
6.863461 1.569733 -6.895403 194 190 175
2.854789 2.759505 -9.006761 186 182 165
4.600521 2.209607 -8.028996 192 189 172
4.456257 2.17496 -7.934163 178 176 156
6.48455 1.621904 -7.108112 171 166 148
-2.394255 4.373956 2.123438 193 183 169
-0.9519316 3.924515 2.933123 196 190 176
-1.874206 4.210188 2.406693 41 37 27
-1.874206 4.210188 2.406693 41 37 27
-0.5704378 3.822243 3.131817 176 170 156
-0.5704378 3.822243 3.131817 176 170 156
-0.609581 3.830928 3.105819 175 168 153
-1.975813 4.269871 2.303926 173 161 148
-1.519794 4.127925 2.551922 194 190 177
-1.519794 4.127925 2.551922 194 190 177
-2.070949 4.296689 2.236772 184 174 161
-0.9604365 3.964485 2.859933 187 177 160
0.1383398 3.620225 3.488495 148 138 123
-0.8501704 3.937255 2.892273 165 154 141
-0.8501704 3.937255 2.892273 165 154 141
-2.300635 4.395647 2.061893 185 175 160
-0.3793765 3.807706 3.128404 182 172 158
-2.313955 4.435666 2.018852 190 180 165
-0.03722488 3.699491 3.321854 155 145 127
-2.248741 4.395714 2.053757 182 173 158
-1.811933 4.26589 2.295154 165 154 141
-0.7692226 3.931575 2.882602 177 169 156
-2.281363 4.418728 2.010913 185 174 160
-1.126794 4.059999 2.645914 192 185 174
-2.311179 4.434947 1.972257 157 142 127
0.1356499 3.686691 3.332183 150 141 122
-0.8780878 4.00981 2.739611 190 180 164
-2.077803 4.38083 2.055102 177 167 154
-2.056619 4.379661 2.062595 121 105 82
-0.2220889 3.837361 3.058572 177 170 158
-0.2216031 3.837305 3.060151 177 170 158
0.3990722 3.668464 3.379025 179 173 161
-2.184724 4.472625 1.889916 183 171 158
0.86293 3.538339 3.605471 174 168 159
-0.5074592 3.962905 2.807414 176 171 159
-1.771396 4.376263 2.042646 183 173 158
-0.2256348 3.909397 2.900425 164 158 144
1.151217 3.480302 3.697466 176 170 158
-2.247529 4.535525 1.739748 175 164 152
1.039365 3.514803 3.626281 179 172 161
0.2848811 3.759675 3.172695 150 139 124
-0.6065647 4.041379 2.649714 135 123 104
-0.6239224 4.056739 2.630603 182 174 160
0.11081 3.823426 3.055177 167 162 146
0.1537836 3.808501 3.070523 164 155 140
-0.1959084 3.926599 2.85417 156 147 134
-0.7506946 4.115657 2.512506 179 169 156
-2.150792 4.560666 1.691749 174 167 154
0.4276203 3.763012 3.164994 171 166 150
-2.120563 4.551145 1.700325 138 128 111
-0.5711504 4.070004 2.580088 39 40 32
-0.658901 4.10428 2.518151 143 136 123
0.3191272 3.808676 3.068921 139 129 114
0.1859022 3.885836 2.9171 140 131 112
-0.4601341 3.76165 2.64378 145 150 128
-0.4486598 3.759741 2.62602 180 187 183
0.9516073 3.660533 3.328895 170 164 153
-0.5076099 3.784968 2.587272 168 176 165
-0.3954952 3.730299 2.651979 156 161 152
-1.589789 4.457559 1.855245 152 142 127
-1.589789 4.457559 1.855245 152 142 127
0.79942 3.736593 3.216147 161 154 142
-0.3229682 3.684119 2.684199 157 166 162
-0.4578713 3.741766 2.597879 164 171 166
-0.1187437 3.735306 2.753824 61 64 48
-0.09482837 3.742936 2.761431 165 165 153
-0.3079316 3.671427 2.673105 198 203 199
-0.8805335 3.921246 2.289335 155 165 157
-0.684081 3.825557 2.411097 178 182 178
-0.2595193 3.629094 2.667705 148 149 138
-0.9091581 3.944694 2.249848 202 203 196
1.28585 3.616635 3.396936 163 155 141
-0.6608754 3.801248 2.40306 183 184 175
1.212784 3.649373 3.334409 170 163 149
1.42075 3.630874 3.403095 166 159 145
-0.4646718 3.698489 2.479745 138 143 118
1.16115 3.693812 3.239458 161 155 141
-0.6087984 3.732434 2.379036 185 187 178
-0.6274227 3.732136 2.346637 181 186 177
0.5803739 3.917806 2.823732 70 64 44
1.168721 3.739534 3.142285 163 157 142
1.609127 3.614631 3.377628 156 150 134
-1.368912 4.578303 1.561507 158 148 133
-1.086662 3.893804 1.95624 139 145 127
1.747895 3.62749 3.352423 171 167 154
-0.6474339 3.672612 2.23024 126 128 108
1.434315 3.724423 3.156948 156 146 131
1.433917 3.72484 3.15752 156 146 131
-1.855041 4.744343 1.256327 153 142 125
-1.855041 4.744343 1.256327 153 142 125
-1.086664 3.894436 1.924085 221 223 219
1.503929 3.738389 3.153266 155 143 131
1.774723 3.662915 3.290115 137 127 110
1.657858 3.705535 3.197905 161 153 135
1.770221 3.692722 3.228409 133 123 103
1.688918 3.723979 3.139621 163 153 139
0.1639728 3.353503 2.590671 174 175 166
-1.922811 4.870437 1.02338 184 175 162
1.624695 3.77091 3.058695 161 151 133
1.620721 3.764096 3.058834 161 151 133
1.125776 3.95414 2.711239 135 132 117
1.658894 3.796598 2.983365 148 138 117
-1.794876 4.880745 0.9764384 154 144 126
-1.511079 4.79855 1.116146 156 147 129
-1.026452 3.762619 1.774465 153 149 128
-0.07672518 3.345285 2.375729 145 146 129
-0.9068568 3.720978 1.83849 137 143 128
-0.9068568 3.720978 1.83849 137 143 128
-1.009699 3.749498 1.737711 157 153 132
2.076549 3.748478 3.082242 152 141 127
1.660885 3.887925 2.796181 155 145 129
-0.6763639 3.536342 1.938097 165 172 162
-0.5182468 3.472096 1.984244 143 144 132
-0.5995169 4.653762 1.367884 158 155 129
-0.1789997 3.282769 2.179819 173 173 164
-0.3079205 3.338625 2.09214 134 135 121
-0.2155808 3.287866 2.157075 174 175 169
1.804082 3.929001 2.696568 148 137 121
2.172889 3.840987 2.875607 153 145 126
-0.3335859 3.332458 2.05446 143 143 120
1.869837 3.953595 2.677724 83 79 60
1.506306 4.049954 2.465784 118 115 98
1.506306 4.049954 2.465784 118 115 98
2.008131 3.90164 2.756409 154 143 123
-1.426767 4.966895 0.7798629 172 162 147
-1.080901 3.860871 1.42417 164 166 150
-0.3053077 3.319537 2.019989 139 142 120
-0.3019526 3.32127 2.023408 139 142 120
-0.5446864 3.440067 1.857353 148 149 137
-0.1664034 3.292927 2.086749 124 115 96
1.939947 3.963875 2.601612 150 140 126
-0.3044316 4.686327 1.269497 141 145 126
-0.02460538 3.243663 2.124286 146 142 125
1.834786 4.042395 2.464145 132 124 106
-0.4050911 3.365977 1.886056 157 156 139
-0.2000655 3.330965 1.96141 93 94 78
-0.5560455 3.394039 1.77289 148 146 129
2.110173 3.988999 2.549402 148 141 123
-0.7025963 3.513242 1.638948 166 166 154
-0.1851921 3.359548 1.905284 99 100 89
0.6140167 3.132328 2.341489 174 174 170
-0.04392356 3.263444 1.987466 158 154 138
0.2157533 3.179584 2.103425 173 165 145
0.3313205 3.118184 2.173125 160 158 142
2.756745 3.886925 2.729681 164 155 137
-1.324194 5.221084 0.2446069 166 154 138
-1.090472 3.864197 1.104552 176 173 157
-0.5693834 3.403562 1.547588 135 133 113
-0.2051233 3.386285 1.692425 164 167 154
2.404614 4.101827 2.28345 148 141 126
-0.7164354 3.46226 1.421059 152 146 121
-1.344626 5.274729 0.1153003 150 140 128
2.187204 4.189991 2.103489 134 125 109
-0.733299 3.503331 1.339627 157 157 143
-1.074327 3.844139 1.00253 163 164 155
-0.2816949 3.420263 1.554469 135 139 121
-0.2796234 3.426184 1.552573 135 139 121
-1.122897 3.813363 0.9839814 150 152 125
-0.9126421 3.683469 1.111912 136 135 106
-0.08609827 3.345903 1.631425 186 187 178
0.6964605 3.020967 2.129394 173 179 175
2.329856 4.223324 2.025915 131 120 103
-0.4989355 3.48467 1.347151 140 141 126
0.6629827 3.008427 2.069002 140 139 127
0.3883258 3.087879 1.903354 153 154 143
-0.6757665 3.46423 1.230374 148 145 130
0.1394463 3.242229 1.633272 166 169 158
-1.025229 3.782791 0.8462074 172 174 162
-0.9013704 3.689116 0.8979488 172 170 154
-0.5166706 2.104663 2.067952 143 148 139
-0.434937 3.469584 1.195367 121 118 93
-0.1427885 3.235552 1.447594 186 187 178
-0.6799622 3.483973 1.069878 120 114 94
3.059963 4.30408 1.832876 131 125 110
-0.9475976 3.730048 0.7300237 134 139 130
-0.3326809 3.451423 1.12527 140 145 126
-0.8807146 2.234156 1.74907 173 175 163
3.111838 4.375179 1.676939 133 127 113
-0.9360604 3.703262 0.6866462 154 149 128
-0.834933 3.642953 0.7169431 176 177 161
-0.834933 3.642953 0.7169431 176 177 161
-0.6039186 3.522932 0.8354206 148 147 136
-0.6834797 3.523799 0.7994949 122 120 98
-0.6819504 3.5287 0.7531658 148 144 129
3.668436 4.461364 1.476725 165 155 139
-0.9358249 3.703473 0.4398375 162 164 154
-0.8776877 3.68912 0.4384884 126 123 106
-0.8776877 3.68912 0.4384884 126 123 106
0.9912041 2.934465 1.635878 148 145 128
-0.8867716 3.679824 0.4067077 151 151 138
-0.06168817 2.706586 1.378185 146 146 136
-0.6688847 2.265745 1.148595 128 130 117
-0.5509901 2.177131 1.229065 156 161 154
-0.3947846 2.143973 1.300033 139 145 143
-0.6230832 2.115356 1.189672 138 143 136
-0.630249 2.101875 1.175173 117 121 106
-0.09131249 1.982955 1.427299 115 120 107
-0.457421 2.046839 1.264152 131 136 132
0.8002837 2.357122 1.314601 98 100 90
-0.1396662 1.931058 1.359253 125 130 122
-0.05428958 1.854722 1.423218 129 137 126
-1.194572 1.3313 1.626002 186 184 165
-0.397004 1.899985 1.251944 157 162 154
-0.6426687 1.947103 1.130233 121 127 115
-0.2210072 1.850649 1.312459 143 147 144
-0.2852061 1.838815 1.286144 123 129 124
-0.5320187 1.866178 1.180277 136 142 134
-0.2159393 1.810445 1.297037 154 159 154
-0.4494265 1.818208 1.205868 134 139 130
-0.5407515 1.799809 1.151974 110 116 98
-0.5217666 1.770554 1.1512 109 115 99
-0.4548357 1.71745 1.164306 167 173 163
-0.3824455 1.695568 1.18871 106 114 103
-0.3824455 1.695568 1.18871 106 114 103
-0.4592401 1.706499 1.150672 122 131 121
-0.4310261 1.658934 1.14717 116 124 113
-0.4604529 1.652805 1.114699 122 131 115
-0.2292436 1.579026 1.191861 179 183 184
-0.3791604 1.59292 1.125097 129 137 127
-0.3527509 1.56071 1.103754 171 178 168
-0.267414 1.534959 1.140784 117 124 114
0.4381439 1.480148 1.348699 102 98 88
-0.4511443 1.571833 1.029944 188 193 182
-0.04360694 1.36947 1.263281 130 132 116
-0.7951269 1.848064 0.5308337 127 134 128
-0.0700262 1.373319 1.243247 134 137 119
-0.2479708 1.455341 1.105989 127 134 130
-0.1273067 1.388466 1.194453 124 128 113
-0.7025561 1.81093 0.5645257 159 162 152
-0.3015793 1.445946 1.063079 164 168 162
-0.7094538 1.760954 0.520952 146 152 146
-0.4713024 1.401263 0.9793229 106 112 100
0.04894065 1.109319 1.432577 183 188 185
-0.6653864 1.715518 0.5043431 157 162 152
-0.01756229 1.126926 1.345296 137 140 131
0.1247034 1.048314 1.437382 172 177 167
-0.1981378 1.139613 1.260391 152 157 147
-0.1306509 1.099545 1.301619 117 123 111
-0.3884618 1.289272 0.9366363 160 162 152
-0.3753298 1.273904 0.9368865 122 127 118
-0.1990046 1.066392 1.203093 174 176 166
-0.4035102 1.251917 0.908402 123 130 120
1.161624 3.030274 -1.402937 151 160 154
-0.5260965 1.266845 0.8315262 178 187 182
-0.226935 1.047105 1.161744 114 113 100
0.01157435 0.9312557 1.324231 125 126 113
-0.523398 1.241543 0.804186 149 160 148
-0.523398 1.241543 0.804186 149 160 148
-0.5079917 1.22978 0.8160537 183 192 191
0.380623 0.9229777 1.36849 138 139 121
1.269567 1.224394 0.9675841 191 198 194
0.4404492 0.8541297 1.340764 121 128 119
-0.4718464 1.157772 0.7823332 182 191 189
-0.05568154 0.8843109 1.235623 167 168 154
-0.496925 1.155346 0.7595763 172 182 179
0.01022835 0.8235858 1.257353 113 111 96
-0.1793432 0.8958889 1.125794 155 156 140
0.007340873 0.8068135 1.254668 97 99 87
-0.4132596 1.037343 0.8140706 193 199 192
-0.525965 1.120058 0.667125 150 159 143
-0.2605541 0.9401776 0.9688675 150 153 135
-0.3999393 1.013783 0.8174593 183 189 184
-0.3831882 0.9918873 0.8283723 193 200 192
-0.4534459 1.036987 0.7436404 159 164 160
-0.4684637 1.050376 0.7121128 161 170 162
-0.3940624 0.9852661 0.7937427 188 189 175
-0.2955341 0.8897874 0.936765 128 134 127
-0.1762105 0.8273634 1.040989 147 149 132
-0.4105374 0.9785828 0.7595409 141 143 123
-0.08732866 0.7812086 1.100888 131 132 114
-0.1600883 0.80223 1.004989 155 155 143
-0.455297 0.9745235 0.6332616 208 207 184
-0.1716748 0.7824569 0.9450088 68 73 65
0.04748528 0.6815302 1.085698 169 170 157
-0.06258357 0.7203251 0.9755883 175 173 156
-0.09413965 0.7053149 0.96186 156 163 153
0.09210998 0.6968622 0.8854862 180 184 171
0.1421479 0.6342927 0.9820246 176 177 164
-0.4442517 0.8300998 0.5671005 159 162 138
-0.367337 0.739823 0.5528094 171 173 159
-0.1257348 0.5804111 0.7566905 148 154 148
0.03654701 0.5616521 0.7813205 97 100 88
-0.2370027 0.6243423 0.6167068 155 160 151
-0.02434615 0.5453452 0.754419 184 187 176
-0.2527618 0.5880802 0.5785285 126 128 112
-0.06413826 0.5406373 0.6278934 193 198 190
-0.1080938 0.5467547 0.512477 177 183 173
-0.315491 0.7370929 0.04632799 183 187 174
2.228203 4.080258 -8.994373 192 192 179
3.27383 3.994717 -9.084002 169 167 150
2.418582 3.956492 -8.959231 179 176 159
2.57097 4.098543 -9.507063 195 196 181
2.707231 3.746062 -8.813177 178 177 160
2.674225 3.683462 -8.835691 192 190 172
2.423864 3.690616 -9.073258 180 175 159
3.247258 3.308555 -8.28318 174 170 153
-0.7698491 0.02937433 1.328818 190 189 174
2.901583 3.311511 -8.557411 178 174 157
4.457151 2.812261 -7.808564 197 193 180
4.998219 2.585341 -7.541407 188 189 171
2.320845 3.447324 -9.228559 174 174 157
2.363301 3.388223 -9.180216 191 189 172
2.357741 3.395691 -9.185148 191 189 172
5.780831 2.299577 -7.224541 178 176 158
4.932494 2.533682 -7.638485 172 169 153
6.694539 1.981197 -6.771393 194 192 176
6.694539 1.981197 -6.771393 194 192 176
4.539821 2.585663 -7.813683 196 192 177
2.333526 3.276688 -9.080429 192 190 173
2.64957 3.211562 -9.121242 175 172 153
2.226854 3.330725 -9.34737 190 186 169
2.555311 3.187685 -9.17555 190 186 169
4.819573 2.414199 -7.718282 178 174 157
4.878275 2.381024 -7.676887 196 192 176
5.297834 2.228596 -7.414218 190 189 174
3.164736 2.878706 -8.576001 170 166 146
5.286158 2.251145 -7.530304 175 170 152
5.286158 2.251145 -7.530304 175 170 152
6.434679 1.876289 -6.939552 177 176 157
5.821673 2.042668 -7.313382 192 191 176
4.577751 2.35006 -7.876632 172 170 150
2.778579 2.837577 -8.85154 187 186 169
3.985368 2.426138 -8.111052 191 187 170
6.174346 1.819827 -7.140821 172 171 151
6.463186 1.752886 -7.067907 174 173 153
6.152998 1.839713 -7.218505 193 191 174
6.807895 1.644011 -6.89959 191 189 172
4.696568 2.209663 -7.939986 177 172 153
6.806451 1.509666 -6.914832 177 173 156
2.566544 2.823511 -9.317122 175 171 153
4.57242 2.155809 -8.045217 175 173 152
-1.988985 4.23051 2.368463 170 160 144
-0.7239631 3.843091 3.083813 183 176 162
-0.4530394 3.761342 3.231341 176 170 156
-0.2085262 3.69835 3.355552 196 188 178
-2.176322 4.313662 2.2228 181 172 156
-0.7212456 3.861694 3.045344 172 162 147
-0.3566637 3.747978 3.254746 175 169 155
-0.145077 3.686246 3.374875 140 131 115
-1.950864 4.256475 2.328823 174 164 151
-0.9872847 3.950257 2.876562 180 170 155
-0.8116935 3.907175 2.956229 179 169 155
-1.67487 4.18646 2.450969 176 166 152
-0.464208 3.824028 3.113707 185 179 168
-1.742826 4.224689 2.377971 178 168 154
-1.300566 4.084457 2.618975 195 190 177
0.2425917 3.613776 3.507078 183 179 163
-0.8002211 3.930421 2.890205 177 168 153
-0.6792641 3.905955 2.947285 174 169 152
-0.4060733 3.82611 3.098329 177 171 157
-1.919871 4.2885 2.227693 174 163 148
0.02814121 3.702329 3.336964 164 153 140
-0.02707001 3.708396 3.305195 176 166 153
-0.2923148 3.794205 3.139871 182 175 164
-0.2890396 3.802263 3.139941 182 175 164
-0.6481904 3.909044 2.927413 74 67 46
-1.896824 4.29424 2.214611 166 159 145
-0.8222138 3.969719 2.819646 185 180 163
-0.207179 3.778618 3.170428 175 165 151
0.02594858 3.713964 3.302187 146 133 118
0.08908681 3.698293 3.339366 150 134 117
-2.051461 4.357419 2.113281 92 78 58
0.5187747 3.572537 3.564512 190 188 174
-0.1807728 3.797644 3.141001 174 165 152
0.6462191 3.54406 3.60412 182 176 165
-0.1891076 3.809576 3.114094 176 165 153
-0.5177541 3.90934 2.921521 170 163 150
-1.939102 4.349978 2.11042 192 187 175
-1.6057 4.242817 2.300392 180 170 156
-0.8637622 4.017505 2.721048 158 144 119
-0.8637622 4.017505 2.721048 158 144 119
0.3904794 3.627105 3.442796 184 180 168
0.712618 3.545419 3.624415 165 160 149
-0.3745273 3.86725 2.989735 189 183 171
0.259158 3.680964 3.359675 176 171 155
-1.547032 4.236106 2.315984 90 81 56
-1.838474 4.341008 2.119682 176 168 154
0.2632132 3.699454 3.317671 166 156 143
0.2896141 3.695278 3.333836 174 168 153
-0.8315036 4.05524 2.667883 188 176 163
-0.7397195 4.019549 2.700238 191 186 172
0.2117421 3.735524 3.237636 174 169 155
0.7138322 3.591389 3.527357 182 177 164
-1.956888 4.438776 1.937638 167 156 143
-0.107418 3.864248 2.977975 162 155 141
-1.772517 4.398472 2.008874 150 140 121
-0.6029634 4.032785 2.669645 184 178 163
-0.7341897 4.08801 2.540291 162 151 138
1.224893 3.489223 3.665636 172 166 155
0.6172622 3.691623 3.290722 176 171 159
-0.5904943 4.07221 2.582456 142 135 121
-0.05504936 3.912442 2.886569 151 143 127
-1.680143 4.413923 1.951005 188 178 165
-0.718832 4.123794 2.456276 61 61 53
1.082544 3.58169 3.485365 176 169 159
-1.299251 4.335987 2.087583 159 152 135
1.349583 3.538124 3.612095 162 151 138
-0.1721 3.778811 2.79013 72 69 59
-2.045024 4.574202 1.652608 154 143 127
-0.4339067 3.756561 2.644723 144 151 135
-2.005252 4.587367 1.632652 174 164 151
-0.7429243 3.993144 2.410185 165 161 143
-0.3707747 3.708665 2.668883 184 189 180
-0.1660358 3.77899 2.737577 112 108 91
1.378301 3.539024 3.558573 170 161 150
1.047526 3.650317 3.355771 171 165 154
1.506902 3.511937 3.595681 167 161 147
1.342276 3.570995 3.489366 174 167 155
-2.104632 4.645978 1.504496 160 152 137
-0.1311 3.762077 2.7166 56 61 50
1.080577 3.665656 3.325273 48 48 37
-0.7031398 3.842818 2.414226 161 167 163
-1.450008 4.449564 1.855771 114 106 84
-1.4503 4.450334 1.857035 114 106 84
-1.584328 4.502704 1.755631 183 172 157
-1.970053 4.613305 1.52899 140 130 112
-2.032686 4.654689 1.481969 164 155 139
0.5192677 3.858665 2.939493 122 113 95
-0.4950092 3.723147 2.492768 153 160 145
-0.03166424 3.598233 2.749692 165 171 165
1.558552 3.587224 3.470874 144 134 117
1.326323 3.659266 3.326373 157 151 139
-2.136013 4.736482 1.323159 170 159 144
-0.5898628 3.725351 2.383007 159 165 155
0.07862683 5.242396 2.137294 185 190 182
-0.6087539 3.724947 2.359227 157 161 151
1.553427 3.614766 3.37887 152 144 126
0.02713721 3.47149 2.70279 177 179 171
1.186365 3.750149 3.118489 69 65 51
1.252108 3.734708 3.157186 168 162 149
-1.262849 4.520002 1.697505 130 120 106
1.230811 3.742529 3.136226 148 140 124
1.230342 3.743832 3.136066 148 140 124
0.7858862 3.887916 2.863933 151 146 132
0.03766267 3.434989 2.684052 135 136 121
0.5220745 4.944465 2.315325 171 171 155
1.259161 3.7482 3.120033 164 157 143
1.470592 3.684261 3.241048 95 88 70
-1.844614 4.722694 1.328166 164 155 139
1.481247 3.702711 3.203769 70 65 48
1.756228 3.625839 3.333064 143 134 116
-1.385318 4.610199 1.509673 143 138 124
-1.069738 3.892844 1.921412 135 141 125
0.8227813 3.941812 2.751907 149 143 128
1.643337 3.688245 3.220076 161 151 136
1.84758 3.631702 3.3345 162 151 138
0.168178 3.40142 2.653796 174 175 163
-0.1520736 3.438067 2.479114 173 169 151
0.1178077 3.37572 2.606005 172 173 161
-0.5224261 3.559062 2.233125 176 179 169
1.805435 3.707782 3.194355 155 144 130
-0.3084034 3.461375 2.345575 142 145 119
0.06424852 3.361217 2.535358 160 164 151
0.06424852 3.361217 2.535358 160 164 151
-1.451674 4.716798 1.261928 133 128 112
0.0003092709 3.365812 2.476796 153 157 139
1.630104 3.781552 3.024254 158 147 129
0.2092839 3.329429 2.581074 169 175 165
1.730384 3.74967 3.075553 163 153 138
1.607721 3.793396 2.997185 155 143 117
1.809444 3.757126 3.09791 149 141 121
1.632554 3.807535 2.978304 79 72 48
1.632554 3.807535 2.978304 79 72 48
0.0280839 3.361782 2.452934 157 158 144
1.476289 3.886322 2.81593 162 156 143
-0.4097699 3.465357 2.164575 128 131 108
-0.6909758 3.581301 1.9801 178 181 172
-0.549046 3.516403 2.052379 156 156 140
1.989082 3.79253 3.006889 140 129 110
1.17584 4.037475 2.521737 119 118 105
1.879502 3.826618 2.924857 144 131 114
-1.639806 4.920991 0.8823637 179 168 153
1.964744 3.812033 2.947952 143 132 113
2.061425 3.80151 2.96655 147 135 116
1.921138 3.849036 2.875575 141 131 109
2.189287 3.774678 3.015144 150 138 122
-1.81639 5.026882 0.6978452 181 174 163
1.751218 3.911485 2.740657 157 147 130
-0.1524392 3.310729 2.209794 172 168 151
-1.432229 4.904314 0.9010096 172 162 148
-0.1621494 3.271197 2.187356 111 107 91
-0.1522483 3.257741 2.184082 150 149 139
-0.1652192 3.259662 2.174283 97 94 76
1.745167 3.971672 2.609703 159 152 138
-0.399791 3.377475 1.993772 174 177 166
1.473219 4.033828 2.453629 146 140 129
1.885303 3.95284 2.648508 99 95 77
-0.6795325 3.505736 1.785 170 167 152
1.902735 3.941487 2.649389 147 139 121
2.575862 3.769755 3.016394 67 64 48
1.780748 4.001832 2.555497 139 132 117
2.495265 3.798691 2.963231 159 149 132
2.055197 3.92469 2.703149 153 142 124
2.604779 3.773197 3.006598 154 144 128
-0.6055428 3.464349 1.807312 151 154 137
-0.6055428 3.464349 1.807312 151 154 137
-1.853869 5.167655 0.4107077 158 147 130
-0.2311604 3.315019 1.997581 110 109 91
2.343547 3.890393 2.765619 136 128 110
-0.1894166 3.290149 2.011881 104 103 82
-0.1420313 3.264502 2.039003 119 114 94
2.375534 3.898764 2.748205 152 142 125
0.1032236 3.204435 2.156074 154 151 134
2.11934 4.012697 2.512366 129 122 103
-0.223673 3.37243 1.883567 122 119 106
2.639134 3.881516 2.773205 160 152 136
-0.2948842 3.39699 1.817896 111 107 91
2.102117 4.06918 2.396567 100 94 78
-0.2441106 3.390692 1.817319 115 115 102
1.951619 4.102817 2.313283 96 90 72
-0.2375751 3.389913 1.796126 151 150 140
-1.009622 3.762881 1.27591 145 148 135
-1.14573 5.117677 0.43751 153 145 127
2.713866 3.918669 2.635251 167 158 140
0.4205148 3.100126 2.139182 147 145 132
-0.2084854 3.377759 1.717991 144 148 130
-0.05353066 3.309014 1.795249 154 154 144
0.3099632 3.10032 2.060122 173 173 163
2.825716 3.980876 2.543761 102 97 79
2.820153 3.989882 2.516594 158 147 134
-0.223349 3.39612 1.647723 78 82 64
-0.2082898 3.382182 1.659198 170 169 154
2.107545 4.210384 2.076813 138 128 115
-0.7477493 3.50201 1.370507 110 106 86
-0.7477493 3.50201 1.370507 110 106 86
-0.1724114 3.38252 1.664228 167 169 157
2.06894 4.237747 2.036965 135 126 111
-0.7014771 3.445386 1.417007 82 80 64
-0.6834761 3.430502 1.424642 145 140 117
0.3375323 3.076774 2.031599 178 182 175
-0.178794 3.382599 1.648178 104 104 88
0.5161895 3.067605 2.093364 157 153 140
-0.03392467 3.299628 1.732811 134 131 114
3.02107 4.003953 2.470999 135 123 105
0.3037063 3.116046 1.921139 148 147 135
-0.1361224 3.372241 1.59507 179 181 167
-0.5420344 3.455082 1.378882 133 131 115
0.3360771 3.129224 1.886919 157 159 147
2.962152 4.082888 2.308965 140 129 113
-0.682078 3.454644 1.292274 146 142 121
-0.5197014 3.471513 1.343571 126 122 105
0.2822212 3.197339 1.821842 159 159 148
2.999925 4.085743 2.294976 166 155 140
-0.664342 3.466743 1.268684 92 88 72
-0.5104859 3.481862 1.315204 126 122 106
-0.9160541 3.709067 1.014545 96 94 75
-0.02015027 3.2674 1.594098 151 156 148
-0.0567561 3.273325 1.569147 170 177 171
-0.6999184 3.47328 1.196688 103 98 81
-0.7171453 3.478261 1.180762 144 143 119
-0.2244008 3.377137 1.424417 190 196 189
-0.2244008 3.377137 1.424417 190 196 189
-0.1791097 3.327096 1.461223 181 190 180
-0.5870982 3.486116 1.19214 113 109 87
0.9080278 2.981901 2.071186 122 119 99
-0.6984464 3.484668 1.142503 156 151 133
0.430028 3.147514 1.78197 131 129 118
-0.5845175 3.505645 1.161377 135 132 113
-0.6945629 3.472771 1.114927 150 146 127
-0.6758052 3.477253 1.117277 114 111 91
-0.15455 3.253525 1.41949 133 136 118
-0.15455 3.253525 1.41949 133 136 118
-0.6984972 3.492823 1.030447 130 125 104
-0.5492463 3.505227 1.06208 125 126 109
-0.6494246 3.501036 1.015398 132 126 106
-0.7053281 3.488579 0.995819 129 123 104
-0.9267631 3.733729 0.7442785 91 88 67
-0.09781273 3.144054 1.439294 180 185 179
0.1643219 3.115761 1.551555 138 144 141
0.5727941 3.120154 1.697967 117 119 107
-0.9843728 3.7285 0.7201797 141 141 125
0.08339147 3.073121 1.541015 151 156 152
-0.6943319 3.492147 0.9650714 111 106 85
-0.5191978 3.519768 1.007086 144 148 135
-0.9054289 3.707341 0.703627 104 103 84
-0.5109701 3.525084 0.9525292 149 152 139
-0.8453767 3.63709 0.7496935 142 142 121
-0.1586217 3.067527 1.360472 141 147 138
-0.3583245 3.4674 0.9970878 154 159 151
0.5191652 3.110039 1.556783 135 139 135
-0.7369324 3.544566 0.7781618 152 150 129
-0.7369324 3.544566 0.7781618 152 150 129
-0.6190251 3.518824 0.8170627 128 125 111
-0.3933341 3.488403 0.8928587 123 124 111
0.723802 3.08902 1.554806 145 145 133
-0.69666 3.53197 0.7335443 111 105 87
-0.5773327 3.526395 0.7763507 131 131 118
0.09729257 1.509635 2.483441 160 150 134
0.765257 3.044591 1.575067 85 87 73
-0.1016929 2.874454 1.387359 160 164 160
-0.6105159 3.536896 0.7236385 147 148 133
-0.6226283 3.53148 0.7018174 98 96 79
0.5336879 3.01664 1.482847 151 160 158
-0.6010531 3.533676 0.6819095 143 143 131
-0.1650433 2.860394 1.329748 157 162 153
0.9578628 2.94637 1.636606 139 137 119
3.723052 4.483129 1.396877 165 155 141
-0.8408952 3.673866 0.4543355 141 135 110
-0.7990961 3.597366 0.5118006 133 129 108
-0.5282895 3.543176 0.5871665 117 120 108
1.118984 2.932868 1.603148 160 161 150
-0.1964585 2.753968 1.29718 152 155 144
0.8528923 2.849685 1.565094 161 168 163
-0.0968546 2.708142 1.358069 130 131 118
0.8731883 2.837115 1.568266 119 124 114
1.738899 2.189807 2.330508 152 143 127
-0.4176368 3.532205 0.562842 133 135 120
-0.3030648 1.815667 1.94221 127 128 117
-0.3608266 2.774894 1.133733 164 166 156
-0.5618019 3.553845 0.4400752 133 135 119
0.8137877 2.825987 1.461643 128 128 110
-0.5413195 3.562409 0.4094094 105 99 79
-0.5413195 3.562409 0.4094094 105 99 79
1.390311 2.831104 1.547933 148 155 145
0.6012403 2.676514 1.364321 81 85 77
-0.4363059 2.351869 1.288845 143 143 131
0.497906 4.473346 -0.2301505 130 132 120
-0.3738115 2.32006 1.31459 120 119 106
1.200681 2.788415 1.403972 138 143 134
-0.6639394 2.332715 1.154172 130 131 120
-0.5310965 2.231789 1.245977 154 156 146
-0.5987037 2.22409 1.204392 113 119 108
-0.4169566 2.175534 1.297815 109 116 106
-0.2988954 2.17127 1.337104 115 120 112
-0.2856938 2.144305 1.335392 115 120 111
-0.4506351 2.148034 1.282375 153 158 150
-0.5087853 2.143868 1.251163 155 160 154
-0.5087853 2.143868 1.251163 155 160 154
-0.3871949 2.03675 1.301474 110 116 109
0.8018334 2.367074 1.334616 148 154 151
-0.5685277 2.071544 1.21154 116 119 106
-0.08247637 1.954311 1.447769 115 121 108
-0.08122763 1.953075 1.448802 115 121 108
-0.3804468 2.025192 1.292288 132 137 133
-0.6043267 2.032452 1.186633 106 112 96
-0.08279596 1.927661 1.430798 127 133 123
-0.4394076 2.002233 1.258531 120 126 118
-0.5891135 2.011982 1.191622 101 107 92
5.076959 5.453731 -0.5796495 154 144 129
-0.6160117 2.011821 1.171085 106 111 96
-0.3949193 1.953358 1.268351 161 166 163
-0.3949193 1.953358 1.268351 161 166 163
-0.5445839 1.946077 1.201533 110 121 106
-0.4272164 1.923807 1.2461 133 139 136
-0.3495654 1.894275 1.271897 151 156 153
-0.3632858 1.871242 1.261646 155 161 157
-0.4323376 1.874945 1.231695 128 135 127
-0.4420842 1.86357 1.22578 143 148 144
-0.4420842 1.86357 1.22578 143 148 144
-0.2980805 1.813007 1.271875 115 118 112
0.1064691 1.656182 1.518079 137 124 105
-0.4232048 1.811545 1.215414 119 125 115
-0.4939717 1.793091 1.177421 105 111 99
-0.5110437 1.789701 1.162442 111 115 102
-0.2963501 1.747608 1.245638 105 111 105
-0.4248626 1.74606 1.197082 154 159 151
-0.1203231 1.703824 1.298118 136 142 134
-0.3288035 1.706146 1.212923 161 166 164
-0.199507 1.682521 1.260244 119 127 123
-0.1978527 1.683235 1.259296 119 127 123
0.08242894 1.541207 1.440314 153 162 155
-0.2308182 1.652425 1.237456 117 125 123
-0.3893428 1.668599 1.164623 108 116 105
-0.3460044 1.645729 1.178883 173 182 181
-0.5513352 1.687842 1.066072 127 130 110
-0.419042 1.643842 1.140182 134 141 133
-0.4367725 1.640437 1.128599 118 125 112
-0.2308594 1.5929 1.202353 130 137 135
-0.3789491 1.611472 1.141636 163 173 167
0.6000705 1.930082 0.9872311 151 151 137
-0.1910122 1.577824 1.215551 166 174 172
-0.287378 1.58585 1.174685 118 127 116
-0.4897052 1.604452 1.042081 153 160 145
-0.2894837 1.545669 1.137592 134 141 134
-0.1318893 1.487816 1.230358 152 155 150
-0.7631247 1.911065 0.5938272 176 178 167
-0.1548361 1.478514 1.205514 128 134 128
-0.8598047 1.909103 0.5518187 168 174 171
-0.1424296 1.470896 1.210568 167 173 172
-0.4532348 1.559185 1.008159 188 189 172
-0.4696261 1.568774 0.9882835 197 199 181
-0.1432694 1.440704 1.207324 139 142 132
-0.2457197 1.48585 1.128854 125 134 128
-0.8325155 1.870967 0.5350026 131 137 131
-0.7920287 1.868286 0.5428495 159 165 159
-0.4267139 1.531101 1.020402 136 137 120
-0.4267139 1.531101 1.020402 136 137 120
0.01329605 1.357805 1.294453 29 31 27
-0.8229787 1.850797 0.5243152 115 123 112
-0.3914188 1.489705 1.038128 164 170 162
-0.768685 1.840253 0.5388304 156 162 153
-0.3741501 1.485126 1.038688 132 137 128
-0.8034511 1.826108 0.5185574 137 146 140
-0.3114457 1.460723 1.056295 38 41 32
-0.3935363 1.45535 1.025099 152 156 149
-0.2920644 1.431302 1.073606 106 114 107
-0.3746138 1.446885 1.023729 156 161 155
-0.2708978 1.415596 1.077605 153 159 150
-0.06372427 1.292768 1.246833 137 141 131
-0.3320368 1.42032 1.037413 161 168 165
-0.5277743 1.444233 0.962005 109 116 103
0.02542607 1.14178 1.382824 156 157 140
0.07917573 1.080264 1.444672 112 117 108
0.04968413 1.078864 1.422995 156 162 158
-0.1656318 1.124506 1.27945 198 199 189
-0.1662546 1.125885 1.279635 198 199 189
-0.5276414 1.322886 0.8918256 129 138 125
-0.1531441 1.084582 1.260381 161 163 146
-0.4258962 1.300159 0.9185359 123 129 125
0.08590666 0.992568 1.402429 97 103 97
-0.07716604 1.049019 1.289673 174 176 162
-0.07587728 1.04987 1.289087 174 176 162
-0.09575 1.056348 1.274074 159 160 144
-0.405511 1.274077 0.9178056 126 129 117
-0.416214 1.264819 0.9123623 156 163 160
-0.4341022 1.272604 0.8972935 127 134 128
-0.4977208 1.284265 0.8675831 152 160 153
-0.4981584 1.285002 0.8684813 152 160 153
1.367011 1.374022 0.94061 110 117 110
0.5192069 1.157654 1.138901 139 141 124
0.2345455 0.9487033 1.403676 106 112 103
0.02173345 0.9266837 1.334658 148 155 145
-0.2787146 1.021057 1.131974 116 118 104
-0.2111408 1.001428 1.159683 175 179 170
-0.6175742 0.4603265 1.895305 149 158 151
-0.4183117 1.166354 0.8512562 193 198 188
-0.1285045 1.447281 0.4444817 158 157 136
0.3934525 0.8735341 1.350041 160 169 164
-0.4409687 1.165171 0.8191251 170 172 155
-0.1772414 0.9263002 1.173755 119 126 115
-0.4884161 1.144356 0.7520774 152 160 153
0.4373455 0.8246436 1.304591 137 137 124
-0.2746314 0.9832682 0.9801222 167 167 149
-0.5162576 1.120033 0.6810933 173 181 174
-0.2326695 0.8998309 0.9948983 175 181 170
1.129506 1.037265 0.8141313 191 196 192
-0.0590276 0.7845989 1.153225 184 187 178
-0.0508369 0.7868877 1.126313 141 138 116
-0.1177221 0.79439 1.084199 177 179 167
0.8801228 2.07975 -1.086426 157 155 131
-0.09734952 0.7560841 1.075865 180 186 175
-0.2616832 0.8237337 0.948443 117 124 114
-0.2002771 0.805041 0.9582403 72 76 69
-0.03083888 0.7358896 1.078555 193 198 183
-0.1574882 0.7738084 0.9438509 128 130 118
-0.07743103 0.73571 0.9828129 158 155 136
-0.2030705 0.7724318 0.9064639 149 149 132
-0.1807872 0.7097655 0.9400075 168 169 159
-0.3161052 0.7738535 0.8092486 188 197 189
-0.3680668 0.7922972 0.7532977 194 197 185
-0.1978188 0.6736681 0.901848 132 131 121
-0.4573717 0.8223844 0.5328507 142 149 138
-0.3983009 0.7795476 0.5561916 169 174 159
-0.3993167 0.7772283 0.5612455 169 174 159
0.3455916 0.610108 0.8394504 160 159 146
-0.171918 0.6277249 0.8113703 143 141 119
-0.5208301 0.8880206 0.302198 63 68 53
0.1774572 0.5907584 0.8300598 171 177 167
-0.396831 0.7427715 0.5464723 161 166 157
-0.411267 0.7352209 0.5257573 148 158 149
-0.3532015 0.6919541 0.5264667 134 136 125
-0.2937328 0.6221248 0.5916077 119 122 111
-0.0426448 0.5277379 0.6958944 196 200 191
-0.2247127 0.6187565 0.3110826 173 183 179
5.769885 2.401114 -7.169108 176 176 159
6.729117 2.023417 -6.753884 177 176 158
6.24362 1.858732 -7.050431 192 188 172
4.692883 2.294729 -7.899776 177 173 155
5.375751 2.059612 -7.525085 177 172 156
4.483488 2.316654 -8.054605 176 173 154
6.45177 1.686684 -7.136518 172 172 151
6.885713 1.527703 -6.877787 176 171 154
6.385422 1.675572 -7.141056 190 186 170
4.878047 2.019957 -7.839641 189 187 172
-0.8038164 3.864591 3.025194 176 170 155
-0.6619432 3.842109 3.082713 188 183 168
0.04322032 3.644075 3.455451 163 156 145
-0.1345762 3.702522 3.344565 176 167 153
-0.9454814 3.95978 2.850779 145 132 103
-0.1326302 3.714417 3.303339 179 169 157
-0.2358875 3.732666 3.244128 176 166 154
0.08613604 3.659454 3.420145 170 160 144
-0.1688561 3.733999 3.264642 77 70 56
-0.02763545 3.696008 3.342687 159 148 134
-0.05292097 3.709812 3.317359 178 168 155
-0.8322673 3.945571 2.869341 187 181 165
0.07136513 3.66722 3.387674 168 158 145
-1.140921 4.038815 2.68191 186 180 164
-0.6203793 3.889818 2.971021 34 35 22
-0.6203793 3.889818 2.971021 34 35 22
-0.487883 3.850022 3.043486 157 151 135
-0.1270284 3.738842 3.25024 149 141 126
-0.1270284 3.738842 3.25024 149 141 126
-0.6607895 3.902002 2.936648 171 160 142
-1.319568 4.095341 2.561681 176 171 156
-0.4574854 3.849951 3.043274 160 156 140
-0.9914854 4.022705 2.731681 197 191 178
0.04158968 3.706224 3.328871 132 123 109
-0.877466 3.99764 2.769944 161 149 127
-1.12818 4.075929 2.622676 114 106 81
-1.328679 4.152296 2.500022 192 188 173
-0.23726 3.797672 3.131152 176 166 153
-0.09780887 3.75547 3.208883 176 165 154
-0.2633008 3.817848 3.095277 186 179 168
-0.7365752 2.799456 3.100168 168 162 147
-0.1013855 3.777408 3.176671 172 166 153
-0.268334 3.82881 3.071365 177 167 153
-0.06042104 3.767143 3.186478 151 144 131
0.6869591 3.548741 3.621188 159 153 141
0.6786389 3.53385 3.619333 159 153 141
-0.6117488 3.945293 2.862077 183 178 167
0.03933981 3.775062 3.159583 176 167 155
0.2888215 3.698664 3.300674 148 143 128
0.2276882 3.715072 3.261409 141 131 116
0.005699506 3.798719 3.125358 175 169 157
0.3076261 3.70489 3.296784 176 171 159
-0.4071984 3.930345 2.870373 172 165 151
0.1123241 3.775802 3.156896 163 153 139
0.2437743 3.731162 3.232078 149 143 127
-0.3066294 3.912227 2.895766 177 170 158
0.08652068 3.795237 3.122686 175 168 156
0.8608291 3.566218 3.568948 176 170 158
0.680091 3.620234 3.459182 191 189 181
-0.4002242 3.955218 2.828799 120 115 94
0.1786967 3.778214 3.144396 157 147 134
0.2289032 3.76194 3.177053 159 153 137
-1.148861 4.203099 2.366157 197 192 180
-0.6491423 4.052274 2.647089 187 178 167
-0.2736713 3.927388 2.861779 109 107 88
-0.4366619 3.980446 2.762589 128 122 109
1.125751 3.510723 3.669 171 162 152
0.1293892 3.805982 3.086061 167 161 147
0.3971172 3.730238 3.240336 172 166 152
0.7202802 3.636531 3.420777 163 159 147
1.06347 3.537415 3.611907 178 172 160
-0.7135205 4.069267 2.577643 182 175 160
-0.003414534 3.858785 2.983375 163 158 143
-0.1499205 3.909458 2.894613 158 153 138
0.912774 3.574633 3.513915 181 174 163
1.180269 3.513324 3.663876 166 161 145
-0.161488 3.908347 2.886761 117 111 93
-0.1609981 3.910445 2.885561 117 111 93
0.3119746 3.77613 3.140952 165 158 145
0.3430526 3.771077 3.145317 149 140 125
0.3430526 3.771077 3.145317 149 140 125
0.4332176 3.746212 3.20103 172 167 155
1.053554 3.544824 3.563461 176 170 158
-0.8894048 4.161731 2.429379 134 128 111
-0.07031827 3.903374 2.895959 135 130 116
0.1798334 3.826192 3.041401 137 132 119
0.6831415 3.677412 3.324676 173 168 156
-0.02670809 3.89285 2.909769 133 128 111
-0.7446965 4.118917 2.48892 85 78 60
-0.4911777 3.98702 2.64908 156 155 138
1.177244 3.520618 3.605909 147 138 125
0.08241656 3.867856 2.959935 129 121 106
0.004941516 3.893412 2.908004 128 123 111
0.9763593 3.589823 3.4729 173 167 155
-0.8481546 4.15983 2.40812 124 119 99
0.8295836 3.657163 3.373148 63 60 47
0.821879 3.645328 3.373608 63 60 47
0.329951 3.809727 3.069022 137 131 115
1.281119 3.543157 3.595715 167 161 147
-0.2304719 3.811482 2.770753 99 95 77
0.138283 3.885095 2.912791 152 147 131
1.393046 3.49548 3.643528 169 159 145
1.213627 3.575874 3.518159 154 148 134
-0.1932376 3.797559 2.751765 122 120 101
-1.500953 3.654063 2.181512 147 140 122
-0.7233409 4.010073 2.426975 151 149 123
1.348583 3.546594 3.574042 162 156 143
0.375754 3.833904 3.00545 139 129 114
-1.993679 4.576744 1.64266 158 150 132
0.7156615 3.729888 3.198398 173 168 155
0.8307084 3.711074 3.255223 157 152 139
-2.03976 4.598109 1.605485 145 134 119
-0.7291426 3.947885 2.415492 153 158 152
1.486305 3.53674 3.607441 164 159 144
0.4006114 3.840589 2.980216 148 142 128
0.4043282 3.851409 2.977286 148 142 128
0.2462997 3.900962 2.878168 147 140 126
-0.2877157 3.657236 2.681578 169 177 175
0.3507526 3.888409 2.900029 152 147 135
1.095016 3.656683 3.323498 169 164 153
1.284381 3.617816 3.423987 163 157 142
1.092621 3.664266 3.311217 167 162 152
1.113141 3.66417 3.31008 66 61 48
1.504357 3.536995 3.542502 165 156 140
-0.4409771 3.696832 2.548436 133 145 137
0.6695006 3.820279 3.017768 143 136 121
1.390114 3.617915 3.416774 173 167 154
1.382721 3.606503 3.418444 173 167 154
0.959545 3.749186 3.14951 169 167 154
1.236271 3.659036 3.311691 150 145 130
1.177685 3.67629 3.276439 167 160 148
-1.701318 4.588568 1.595049 161 153 137
1.659487 3.540532 3.526574 141 134 120
-0.93845 3.88033 2.174421 153 160 150
1.701557 3.568506 3.520979 170 163 154
0.5094501 3.921098 2.810412 138 131 115
1.422868 3.632005 3.350166 163 157 142
0.4901628 3.941045 2.776598 140 134 120
0.7771444 3.857109 2.931038 155 149 134
0.002027164 3.495744 2.701757 171 172 165
-0.6175922 3.720203 2.331584 167 170 159
-0.663853 3.724615 2.300107 160 166 158
1.391288 3.667624 3.273067 71 61 43
1.391288 3.667624 3.273067 71 61 43
0.5671954 3.939098 2.775651 92 88 69
1.62528 3.604444 3.386588 136 126 111
1.263619 3.752481 3.13267 164 155 144
1.629815 3.625223 3.345393 157 151 136
1.348357 3.719368 3.176938 165 155 142
-0.4848045 3.602459 2.366615 130 125 101
1.042157 3.826278 2.975495 157 151 136
1.609747 3.648923 3.298733 163 154 138
-1.583297 4.656223 1.416882 161 152 134
1.674328 3.676085 3.236661 148 141 122
1.408082 3.78108 3.059086 158 148 132
1.78782 3.673588 3.266281 137 128 110
1.312498 3.814672 2.991628 168 160 147
1.295105 3.81598 2.97607 61 62 44
1.356611 3.799115 3.004921 99 93 71
1.540183 3.742549 3.109834 104 95 67
1.405033 3.800705 2.99926 148 138 123
1.61196 3.730027 3.125358 164 155 138
1.740225 3.695421 3.191146 139 129 111
1.738084 3.70513 3.179366 160 155 139
1.929585 3.659767 3.280204 162 152 138
-0.0335708 3.385006 2.510683 152 152 138
1.390021 3.814978 2.969877 119 110 92
1.541218 3.778168 3.029908 135 125 104
1.558443 3.778724 3.032621 153 144 122
1.201316 3.904237 2.798418 143 135 122
1.419917 3.845192 2.905324 102 97 77
1.420515 3.845369 2.90541 102 97 77
0.2204954 3.31903 2.562976 155 160 149
1.504854 3.859846 2.876864 144 135 117
1.501564 3.855432 2.87654 144 135 117
0.2810103 3.305401 2.556543 160 159 150
1.816555 3.790345 3.020027 143 134 117
-0.02144842 3.334668 2.395037 155 157 143
2.138068 3.710122 3.184802 160 151 133
-0.1334762 3.357929 2.328158 151 148 127
-0.2248046 3.394493 2.265828 169 172 159
0.2906944 3.29527 2.5299 139 145 131
2.163864 3.725148 3.131645 155 147 129
-0.5464844 3.50368 2.033321 173 173 162
-0.1273929 3.341271 2.284507 151 146 125
2.171902 3.735519 3.105087 156 145 129
2.053745 3.773603 3.030278 92 87 64
0.04748352 3.302417 2.364041 174 177 165
2.328666 3.700318 3.164025 169 163 149
0.4181223 3.257943 2.521126 123 124 110
0.4181223 3.257943 2.521126 123 124 110
-0.1149053 3.318864 2.247725 143 142 117
-0.131302 3.324335 2.237029 178 173 151
0.04509601 3.285842 2.327583 159 157 137
-0.3547804 3.412045 2.082031 166 168 157
-0.05480139 3.291509 2.269183 178 174 164
-0.6849996 4.673952 1.337847 142 144 134
0.3089063 3.261088 2.423657 106 109 95
2.070243 3.829307 2.90886 152 141 122
2.070243 3.829307 2.90886 152 141 122
2.339572 3.754115 3.048963 159 149 131
-0.1462004 3.288824 2.202536 117 114 98
-0.1462004 3.288824 2.202536 117 114 98
2.009057 3.862378 2.837692 139 128 109
2.353205 3.77352 3.028685 99 91 67
1.831002 3.933547 2.708312 112 105 87
0.4999188 3.220615 2.482266 166 176 169
1.406259 4.068419 2.431341 132 127 112
2.567692 3.753052 3.04749 84 78 57
2.567692 3.753052 3.04749 84 78 57
0.07897868 3.19226 2.269819 171 172 163
-0.1819144 3.280308 2.109909 135 130 111
-0.9617841 3.677933 1.568686 117 105 83
-0.2091952 3.286434 2.059447 92 90 77
-1.203012 4.959938 0.7791356 167 156 141
0.2203935 3.154212 2.281692 173 180 170
-0.2040811 3.3046 2.015319 122 118 98
-0.1595591 3.258092 2.051715 136 133 112
0.7218121 3.134151 2.394086 166 176 174
2.660402 3.873959 2.784101 119 109 89
-0.9162791 4.992722 0.6832591 167 160 143
-0.3301431 3.428338 1.480912 161 167 147
-0.5636113 3.503692 1.094189 167 169 160
1.003113 2.175552 1.272529 103 108 97
0.4186466 1.799417 1.480854 103 102 83
0.3889361 1.762014 1.481811 146 152 145
-0.1483898 1.844696 1.333355 165 167 154
-0.4940718 1.851118 1.202314 148 157 149
-0.2174471 1.61379 1.221549 195 204 204
-0.4436868 1.665659 1.143932 146 158 146
-0.3971928 1.601907 1.126229 152 159 150
0.2993085 1.240515 1.541674 121 124 108
0.3479816 1.200653 1.521123 161 169 159
0.4130516 1.211594 1.505246 167 167 154
-0.3293422 1.544546 1.103659 220 229 224
-0.4734262 1.424837 0.9934937 122 129 116
0.11272 0.9944921 1.400796 134 135 123
-0.3674451 3.16002 -1.393367 161 175 166
1.594011 1.676019 0.5187845 119 117 95
0.468226 0.941226 1.352109 114 116 103
0.1748846 0.8773623 1.340331 127 129 119
0.3376481 0.8383709 1.315209 124 129 120
0.1364018 0.689177 1.085299 205 205 190
-0.1631523 0.6460786 0.8634386 188 190 177
0.07855844 0.6094884 0.8351661 193 190 172
0.1065601 0.5936008 0.8092905 171 173 161
0.1463902 0.5768505 0.7947259 166 161 140
0.2562371 3.985264 -10.43811 191 186 164
-1.378775 0.1690017 0.04617887 45 53 40
1.95215 3.235971 -9.53957 189 187 162
1.966663 3.294114 -9.69266 189 187 162
1.605746 3.287422 -9.764791 206 203 183
-0.004676098 3.662929 -10.82313 191 188 166
0.4720253 3.547049 -10.53186 205 201 182
1.639681 3.19367 -9.782607 191 188 167
-0.5146777 3.658998 -11.13579 192 187 166
1.396708 3.081565 -10.13492 204 205 182
2.191732 2.755021 -9.830729 185 184 159
2.482842 2.534877 -9.733434 206 202 182
1.733341 2.645107 -10.17317 206 200 182
0.04593591 2.978747 -11.07563 188 183 161
0.04593591 2.978747 -11.07563 188 183 161
-0.4971374 3.075063 -11.45107 206 201 183
-0.4971374 3.075063 -11.45107 206 201 183
1.812468 2.567985 -10.11714 205 202 182
1.812468 2.567985 -10.11714 205 202 182
1.734558 2.561269 -10.18509 194 189 167
1.901299 2.500591 -10.1113 193 188 167
-0.1980716 2.878452 -11.25892 193 188 167
0.4271742 2.601495 -11.00397 192 186 163
0.3640754 3.572491 3.56001 198 190 178
0.1365854 3.604162 3.510026 190 183 169
-0.601957 3.702302 3.375226 193 187 175
-0.06711345 3.632252 3.463731 175 168 154
-0.5103791 3.693993 3.379791 205 199 189
-0.5124214 3.710179 3.347401 201 194 182
-0.5088813 3.688287 3.35305 201 194 182
-0.6474459 3.719588 3.322489 194 190 178
-0.7849609 3.742247 3.277635 201 194 183
-0.8164497 3.791464 3.191057 203 198 190
0.5424225 3.647848 3.390155 196 189 179
-0.7902262 3.833732 3.101535 184 178 168
-0.7019182 3.825708 3.113486 203 197 186
0.1079823 3.771424 3.187626 162 153 135
0.15426 3.76379 3.178946 176 168 157
-1.100651 3.917828 2.952186 211 205 198
-0.6121905 3.868904 3.030372 200 192 181
0.285004 3.759324 3.173275 163 154 136
-1.05974 3.938411 2.903681 207 202 194
0.2082738 3.804559 3.083175 160 152 134
-0.7660114 3.922538 2.912156 205 198 187
-0.771024 3.92295 2.912557 205 198 187
-0.1392263 3.856932 2.998602 188 180 169
-0.03154889 3.855527 3.007211 178 172 157
0.2091729 3.824878 3.03571 147 140 122
-0.2409072 3.884717 2.955041 190 183 173
-0.1373416 3.877734 2.963057 184 176 165
-0.7449528 3.931952 2.866246 199 194 180
-2.234028 4.117776 2.615828 207 203 193
-2.21559 4.13125 2.59224 210 207 199
0.005463079 3.889927 2.929869 151 146 132
-0.3957222 3.929565 2.860891 187 181 170
0.8685716 3.788247 3.063494 174 168 152
1.122081 3.761618 3.100573 173 167 154
0.03085789 3.896681 2.905783 165 159 143
-0.6690824 3.976512 2.790655 208 203 191
0.6916822 3.842287 2.979167 168 162 145
0.2524083 3.896023 2.900841 132 125 107
1.202972 3.787082 3.047919 156 146 132
1.202529 3.788502 3.04608 156 146 132
-2.154663 4.189899 2.467972 213 209 201
-2.034461 4.177471 2.480438 186 179 165
-0.04730709 3.959734 2.797829 129 123 110
-0.22628 4.02282 2.671244 85 90 80
-0.1696298 4.641247 2.504406 85 90 80
-2.140486 4.332556 2.176738 219 215 207
-0.03416011 3.464436 2.662186 208 214 205
-0.03390173 3.461511 2.664442 208 214 205
0.529847 4.078578 2.539161 128 128 115
-0.3283168 4.171665 2.373634 168 172 153
0.8722958 4.021937 2.579084 134 127 112
0.8725659 4.023275 2.578974 134 127 112
-0.154483 3.485052 2.576599 172 166 139
0.06686683 3.38337 2.590004 190 191 182
-0.08654239 3.424932 2.529328 214 215 205
-1.198667 4.354756 2.041259 198 193 182
-0.2467773 3.475546 2.455207 192 192 182
0.1109717 3.33637 2.533561 179 184 176
0.01483537 3.369695 2.504823 179 184 173
0.2601852 3.309625 2.55563 162 166 153
2.070702 4.060746 2.420981 159 147 128
0.04930241 3.315433 2.408118 187 193 184
0.2380927 3.27606 2.434689 188 193 188
2.302899 4.141631 2.239307 161 150 130
0.4671707 3.191227 2.386691 198 202 196
-0.2188354 4.457514 1.750046 172 178 160
0.6436444 3.139855 2.384854 173 179 173
-0.4968668 3.476085 2.07829 164 169 149
0.5741038 3.141982 2.337961 193 198 191
2.481078 4.209724 2.096411 160 150 131
0.0495993 3.190488 2.19485 155 152 133
0.6781046 3.094673 2.277714 194 200 191
-0.5166989 3.459803 1.961612 196 201 191
1.997064 4.33423 1.821867 160 151 129
-0.5521898 3.451904 1.898366 187 195 187
2.3785 4.359344 1.770399 149 138 118
3.241939 4.321545 1.900792 156 149 129
-0.118274 3.320095 1.958004 144 144 130
-0.2957429 4.700356 1.245607 146 144 121
0.9050754 3.0103 2.177529 175 180 171
0.5746344 3.046704 2.086448 188 188 178
0.0107181 3.300072 1.869349 198 200 187
0.2813205 3.090584 2.000818 161 168 154
0.4324237 3.055386 2.035025 177 183 176
0.6950761 3.017344 2.011029 166 164 149
0.5826404 3.017206 1.969539 152 156 146
0.6293231 3.01821 1.973451 179 182 171
0.4619808 3.015804 1.952841 173 172 163
-0.5364862 3.409182 1.621238 169 170 155
0.3570639 3.184821 1.806056 157 162 152
1.011896 2.957831 1.965695 171 174 164
0.5314593 3.045247 1.857086 180 185 178
0.2618885 3.199789 1.738515 182 184 176
1.273522 3.021657 1.941891 154 155 138
0.5696025 3.107714 1.747366 142 145 132
2.731221 4.703948 1.068598 151 142 120
-0.2743332 3.414627 1.475163 193 200 190
0.7356021 2.949364 1.836968 181 185 178
0.6325572 3.115454 1.676511 156 157 145
0.6307573 3.115252 1.674452 156 157 145
-0.0004482909 3.166596 1.551014 170 179 175
0.6504764 3.11725 1.64923 121 124 112
0.6472927 3.11842 1.647199 121 124 112
-0.618824 3.465206 1.298553 156 152 137
0.2660058 3.134965 1.574122 169 177 169
-0.4066435 3.465063 1.274753 160 163 145
0.3942346 3.091584 1.551069 167 174 166
-0.9580552 3.720038 1.030265 178 179 167
-0.5392046 3.495378 1.207567 116 111 94
-0.6561223 3.471852 1.205392 128 124 104
-0.3738821 3.449664 1.249881 167 171 156
1.089882 2.944024 1.704362 126 121 104
-0.5093264 3.500402 1.198945 180 185 174
0.768274 3.066536 1.590465 167 170 158
-0.3705351 3.46283 1.187941 178 187 175
-0.6295081 3.495297 1.150617 154 156 138
-0.5894159 3.50053 1.130985 99 96 80
0.6664014 3.100192 1.50017 164 169 159
1.290639 2.979277 1.640256 170 176 168
0.9561416 3.029025 1.564734 143 136 115
-0.5284057 3.502336 1.106874 149 150 132
0.6599471 1.933931 2.184161 144 143 128
0.7774999 2.897737 1.5558 134 141 134
0.9110252 2.872985 1.562159 156 157 144
-0.9986808 3.739675 0.7479424 189 190 182
1.300384 2.845509 1.550041 151 158 148
-0.6184899 3.499151 0.9277238 141 144 130
1.25451 2.844635 1.531519 173 179 170
0.6019732 2.944412 1.396068 153 156 140
-2.452245 4.87876 -0.21494 210 205 193
0.07348619 2.754587 1.46303 173 180 176
0.8271304 2.80558 1.485858 127 131 114
-0.01948917 2.684436 1.404462 188 195 189
0.8038908 2.783894 1.379214 149 151 133
-0.1628073 4.669355 -0.06551789 205 217 214
2.991388 5.385241 -0.312628 151 141 119
0.1076512 2.551288 1.422119 160 166 159
0.9819717 2.654766 1.41516 136 142 130
0.65843 2.60173 1.330329 125 134 128
0.6347584 2.617691 1.30273 148 153 143
0.5659512 2.646274 1.269937 126 127 105
0.7186317 2.565684 1.347733 144 150 140
0.6941024 2.546404 1.287796 101 105 90
0.5831901 2.582389 1.240158 120 122 104
0.6094759 2.546607 1.249242 110 113 99
0.5893383 2.546938 1.225438 112 115 94
0.780762 2.405171 1.321918 117 119 106
1.007854 2.313265 1.38285 107 113 93
0.7715623 2.366956 1.293352 156 158 146
0.06724992 2.164118 1.366269 134 134 117
0.9462763 2.251189 1.335808 147 152 142
-0.3364446 2.017772 1.311586 169 179 176
0.6506649 1.975359 1.422767 141 140 119
-0.2934061 1.934945 1.31303 192 197 189
0.4794866 1.798625 1.471387 152 159 152
-0.3398204 1.917308 1.287631 185 192 189
-0.01789195 2.33084 0.8759136 144 151 141
-0.4244069 1.884888 1.244139 191 199 196
-0.3478418 1.851304 1.264886 186 193 190
-0.5762154 1.915776 1.182572 134 144 128
-0.3062485 1.832033 1.277415 186 194 189
-0.2774007 1.728063 1.251796 183 194 196
-0.3467383 1.661648 1.199656 201 210 210
-0.3484258 1.666625 1.196761 201 210 210
-0.4143131 1.661652 1.157946 190 201 200
-0.1690422 1.596172 1.238238 184 192 188
-0.1690422 1.596172 1.238238 184 192 188
-0.2694514 1.611078 1.20022 189 200 199
-0.2694514 1.611078 1.20022 189 200 199
-0.2551214 1.582315 1.197019 141 152 143
-0.4016251 1.616423 1.140969 147 157 142
-0.4016251 1.616423 1.140969 147 157 142
1.404099 1.771439 1.055523 112 116 101
0.5346726 1.170402 1.486137 118 114 92
0.45913 1.153616 1.494625 122 126 111
0.2907506 1.15435 1.462878 107 107 94
-0.06611647 1.184503 1.329939 175 183 173
0.7376586 1.160105 1.276106 152 152 145
-0.4837913 1.370285 0.9579454 139 147 134
0.4323747 1.020965 1.398099 125 122 102
0.2881778 0.967961 1.433113 173 178 163
0.7473503 1.059175 1.202869 152 153 139
0.8144457 1.036445 1.162888 148 149 132
0.1114554 0.8285821 1.294378 177 181 163
0.2371296 0.8023138 1.225965 157 157 141
0.256662 0.8042913 1.220183 188 189 173
0.289619 0.7863398 1.216717 186 188 179
0.1052372 0.7806919 1.192296 171 162 139
0.5847079 0.8392019 1.061694 170 175 166
-0.1681067 0.7692568 0.9319949 59 64 56
-0.2312166 0.7864159 0.901306 165 164 145
-0.1365921 0.6864623 0.9479143 78 79 71
0.1905891 0.6213518 1.021835 142 129 110
0.209195 0.5944447 0.8707381 165 164 148
-0.005037104 0.5860938 0.8367555 144 143 131
0.03686426 0.5641792 0.7780015 122 121 100
-0.1103367 -0.1639161 2.076902 175 172 153
0.4354115 0.3889065 1.07302 152 147 127
0.01012863 0.5617564 0.7821137 185 185 175
0.1624438 0.5530965 0.7405466 190 190 179
0.6162816 0.6315539 0.5139553 172 172 157
0.6515033 0.6612789 0.3477269 168 167 148
0.0749732 0.3664469 0.5987161 125 126 112
2.306518 3.759047 -9.059777 210 208 191
2.074682 3.290379 -9.446335 193 188 168
2.449829 3.204844 -9.334724 191 186 166
2.017987 2.893934 -9.855775 188 186 161
2.017987 2.893934 -9.855775 188 186 161
2.203684 2.814664 -9.787372 205 204 182
1.841285 2.884454 -10.04923 205 200 179
2.327369 2.629362 -9.878784 192 188 166
-0.6510519 3.244717 -11.4653 189 185 162
1.60405 2.659979 -10.13586 192 186 166
0.1219624 2.984295 -11.02572 206 202 183
1.9969 2.540705 -10.06926 207 202 182
2.039675 2.481967 -9.977885 192 187 163
2.502152 2.371625 -9.807048 190 185 165
0.3837982 2.416169 -11.11265 188 183 160
-1.083005 3.737804 3.330004 206 200 190
-1.019041 3.734543 3.330862 202 198 188
-0.2413869 3.639597 3.458352 200 195 183
0.07766575 3.619141 3.479645 157 149 130
-1.364332 3.796844 3.232986 207 203 192
-0.5651059 3.715461 3.352316 197 190 179
0.2855885 3.615003 3.469018 198 193 181
-0.366538 3.714682 3.31445 196 190 178
0.08436354 3.672462 3.379289 54 49 39
-1.249771 3.823591 3.15359 200 195 186
-1.035844 3.829298 3.136466 207 201 191
-0.2753547 3.748878 3.24027 180 174 159
-1.012086 3.84501 3.109281 209 206 196
-0.03634458 3.731978 3.259982 195 190 180
-0.5609825 3.792917 3.169958 202 197 184
-0.5955886 3.800325 3.160932 203 198 183
-0.9040608 3.837509 3.106077 176 171 157
0.2141811 3.704802 3.289819 185 179 165
0.4523523 3.686391 3.314586 197 189 178
0.6866137 3.656005 3.352084 189 182 171
0.6250893 3.672875 3.33086 168 161 150
-0.04218001 3.766943 3.186863 195 191 179
-0.6766815 3.854944 3.055246 207 199 188
0.906059 3.67712 3.297746 188 182 171
-0.753716 3.883306 2.995035 206 199 190
-0.2037353 3.832798 3.063671 179 174 161
-0.6731908 3.88418 2.991387 203 194 183
0.04632764 3.809934 3.107368 188 183 171
0.1751009 3.783454 3.129246 152 143 127
-0.1302454 3.814782 3.079129 184 178 164
0.6520182 4.810517 2.966692 185 178 163
-1.909728 4.02501 2.78837 201 196 187
-0.2060729 3.839285 3.047592 194 188 176
-0.1323248 3.83389 3.052386 66 62 45
-1.638032 4.026068 2.788811 195 192 180
0.2290876 3.811144 3.072102 154 145 125
-0.6210005 3.918871 2.925075 208 202 193
0.09597349 3.831655 3.042145 148 142 127
-0.9299542 3.951867 2.866413 209 205 192
-0.216582 3.868759 2.984509 188 179 168
-0.2210645 3.875983 2.966496 133 125 104
-0.8482515 3.961463 2.856331 188 182 167
-0.6086388 3.929233 2.893847 211 205 196
-1.962871 4.081665 2.677003 217 213 203
-0.2246932 3.882136 2.94905 186 179 167
0.2578269 3.831622 3.024168 152 144 126
-0.09204113 3.876905 2.957973 178 171 157
-0.09204113 3.876905 2.957973 178 171 157
-0.07188112 3.876293 2.959196 160 154 138
0.1830074 3.852398 2.993245 173 167 154
0.1001082 3.856334 2.981831 176 170 156
-0.1195205 3.89223 2.932846 175 168 157
-0.5937527 3.950398 2.847102 206 200 191
-0.2509927 3.910841 2.897211 164 160 146
0.3071041 3.855837 2.980653 147 138 120
0.8985742 3.782195 3.076801 175 169 155
-1.004403 4.001076 2.755901 214 210 202
0.6989478 3.814681 3.028545 170 165 149
-0.6894273 3.979207 2.788989 201 197 186
0.286967 3.871323 2.943231 143 136 118
0.4588318 3.856638 2.966331 165 160 143
-0.03152552 3.912355 2.879744 162 156 141
-2.064237 4.154481 2.535589 183 176 165
-2.137976 4.168713 2.516814 175 166 151
-2.234682 4.180239 2.495406 210 208 198
0.3681827 3.895506 2.889027 136 128 108
0.367566 3.897649 2.886339 136 128 108
-0.4364937 3.984464 2.739817 176 173 165
0.5406862 3.918683 2.838483 158 151 136
-1.920008 4.198514 2.433275 196 189 178
-1.705915 4.177023 2.463676 185 175 159
-0.678821 4.049569 2.63009 211 206 195
0.6100753 3.920699 2.820444 163 157 143
-0.1391695 3.763345 2.755277 154 157 145
-1.968876 4.239403 2.350965 201 196 186
0.9776812 3.897978 2.832817 146 141 127
0.9776812 3.897978 2.832817 146 141 127
-0.3845484 4.073044 2.575138 200 205 201
1.286445 3.874636 2.845364 162 158 140
1.274012 3.888338 2.822836 98 95 85
0.9763936 3.933818 2.756725 140 134 119
0.6695251 3.985098 2.683578 131 125 107
-1.347556 4.222786 2.341494 223 222 215
0.06211755 3.472867 2.717611 152 152 136
0.09180178 3.456996 2.701476 140 140 123
-2.285359 4.361875 2.11566 212 208 197
0.7429469 4.02651 2.590392 140 135 117
-0.06789818 3.451355 2.615794 193 198 189
-0.1354855 3.467759 2.569129 221 222 211
-1.196535 4.308901 2.14031 202 197 186
-1.953945 4.403798 2.004092 221 217 210
-1.371306 4.336592 2.092131 189 184 172
0.4435132 4.149813 2.370652 127 130 117
0.08700879 3.377937 2.582867 162 165 147
0.2093603 3.343945 2.59835 160 168 158
0.2090421 3.345438 2.598463 160 168 158
-1.768668 4.40969 1.974638 218 214 204
0.2336269 3.335842 2.598537 165 169 157
0.1471205 3.353804 2.577265 155 154 139
0.5078807 3.49191 2.563023 165 170 162
0.3453138 3.330785 2.588606 97 96 78
0.9650896 4.143808 2.363521 135 134 121
-0.6337375 4.331696 2.07283 180 189 184
1.296122 4.087873 2.396924 149 143 129
-0.2096946 3.422189 2.396568 196 202 192
1.812752 4.074444 2.408734 166 157 139
0.7454134 4.252675 2.157657 110 108 87
-1.651108 4.503144 1.763675 196 192 176
0.4046134 3.256633 2.484004 169 175 168
0.0753867 3.319377 2.414676 140 144 125
-0.6587862 3.637539 2.178173 164 166 150
-1.305823 4.496037 1.751813 177 170 159
2.473827 4.086781 2.3749 158 148 125
0.60699 3.212701 2.462295 130 134 124
0.1273594 3.269759 2.359548 199 204 197
0.4157059 3.212425 2.414299 188 193 190
2.524307 4.091712 2.323753 147 137 114
0.4313802 3.206807 2.402045 174 179 173
2.501393 4.137702 2.246214 161 150 131
2.612277 4.117339 2.271866 168 158 136
2.356803 4.148726 2.210171 166 154 138
0.5543389 3.160995 2.377586 196 201 196
2.495984 4.151567 2.195145 169 160 142
-0.4398206 3.471933 2.120201 187 193 184
0.2407053 3.144875 2.276253 179 184 179
0.2782432 3.123895 2.268319 155 161 152
0.7679301 3.066786 2.333856 184 189 180
2.093096 4.283581 1.927299 151 144 122
2.264546 4.34235 1.915527 158 149 127
-0.2679876 4.581404 1.503266 175 184 168
0.4078781 3.083982 2.257945 141 142 130
2.253663 4.280387 1.920298 155 144 125
0.4781351 3.070882 2.225075 125 123 106
-0.7444971 4.676667 1.323615 179 175 158
0.4651017 3.070074 2.205542 149 147 134
0.9226016 3.024646 2.267789 151 152 133
0.5025417 3.051895 2.197494 142 142 130
0.2856843 3.129179 2.069947 168 170 158
0.55545 3.045365 2.139699 151 153 141
0.7876537 3.030366 2.17302 191 193 182
-1.830485 4.888687 0.9713055 202 196 188
0.2329204 3.132018 2.006438 175 180 170
0.9745157 2.998601 2.145339 151 152 139
0.2197192 3.129005 1.990823 197 202 192
0.5644618 3.070544 2.051111 162 158 140
0.3087049 3.08 1.975202 137 139 121
0.7731199 2.97268 2.056918 151 153 141
1.361984 3.060003 2.069264 159 158 147
0.8737771 2.970555 2.032942 177 180 170
1.03242 2.971183 2.024633 111 116 98
-0.008856629 3.295983 1.729344 185 184 170
2.465757 4.574501 1.315284 131 123 103
0.5101401 3.013277 1.931821 155 157 145
0.8331997 2.95935 1.973827 184 185 178
0.4652073 3.072983 1.867423 152 156 144
0.6761283 2.987037 1.932065 173 175 163
-1.095475 3.717814 1.334193 170 174 147
0.9392073 2.949082 1.977548 143 149 140
-0.03852217 3.31454 1.662369 208 216 205
0.6383292 2.971491 1.892596 164 169 160
0.7273481 2.958015 1.873048 141 137 119
0.9470381 2.96331 1.846285 161 159 142
0.4054138 3.171257 1.656563 174 178 163
0.4095139 3.154189 1.629976 173 179 172
0.2896208 3.154391 1.590477 158 164 155
0.545652 3.141217 1.610684 152 153 139
0.8493761 2.920605 1.77239 160 165 155
0.8744712 2.910818 1.771516 144 146 136
0.06010999 3.08796 1.544617 146 151 145
2.54657 4.872398 0.7221313 162 152 129
0.2855187 4.907402 0.4425446 185 192 191
0.6212816 3.120524 1.541447 159 161 151
0.1746976 3.035404 1.52645 142 147 139
-0.4233914 3.473334 1.16601 173 179 165
0.2834914 3.001773 1.512393 141 147 139
0.396533 3.017 1.499703 145 150 139
-0.6180569 3.502522 1.054841 151 149 136
0.2236724 2.927821 1.490065 143 150 146
-0.575523 3.508132 1.038614 167 169 156
1.237607 2.922058 1.586266 171 176 166
-0.6205795 3.501675 1.02636 84 80 62
0.1534096 2.892529 1.496041 160 166 159
1.195249 2.922427 1.580006 171 176 167
-0.01724556 2.871799 1.451924 169 178 172
0.431155 2.938102 1.44574 158 164 159
-0.6790891 3.49055 0.9772394 174 170 154
0.0170014 2.826073 1.4585 150 160 152
0.7596715 2.861477 1.468032 157 160 142
0.8141581 2.827912 1.499503 128 130 112
0.09651521 2.75513 1.45565 144 153 148
0.8531091 2.792321 1.47377 151 154 142
1.156606 2.80949 1.485242 147 147 130
0.9045919 2.731304 1.50044 145 154 145
0.7413929 2.827022 1.386863 139 141 124
0.06906759 2.649325 1.435093 173 179 175
1.122868 2.785672 1.406636 140 141 125
0.402628 2.652063 1.361209 151 152 141
0.923346 2.655866 1.392106 114 115 99
0.7413276 2.605206 1.391238 113 122 112
-0.102786 2.543924 1.339066 143 145 128
0.4482999 2.614182 1.328439 131 134 122
0.06786877 2.420847 1.390775 173 178 173
0.9065826 2.550282 1.355977 83 85 64
0.9065826 2.550282 1.355977 83 85 64
0.6064898 2.598573 1.282121 152 159 152
0.6205426 2.559259 1.262525 145 151 142
0.1995852 2.368671 1.360984 153 155 143
0.7211201 2.484611 1.277672 121 124 110
0.5512067 2.527189 1.217471 119 113 89
0.8940253 2.346176 1.387722 100 114 109
0.8940253 2.346176 1.387722 100 114 109
0.6606634 2.484225 1.243733 126 123 105
-0.3591687 2.293259 1.272232 147 152 145
0.8250343 2.34991 1.314584 152 158 148
0.9140128 2.277863 1.324346 141 144 131
-0.2770455 2.110865 1.341934 173 180 175
-0.5418115 4.263237 -0.7093335 178 185 183
0.4130312 1.820054 1.483548 111 113 96
0.6198359 2.476566 0.9282299 163 171 168
0.4100383 1.762716 1.478281 112 113 97
0.7554753 1.848236 1.408279 70 67 50
-0.1240203 1.83641 1.344063 194 203 198
0.6399202 1.797183 1.419354 132 127 109
-0.1809841 1.807853 1.31338 186 191 183
-0.5954856 1.915848 1.16644 163 171 167
-0.4471977 1.851002 1.214088 153 164 161
0.6379523 1.573272 1.512093 167 169 157
-0.5405536 1.791021 1.159672 146 155 140
-0.4081953 1.750468 1.201075 141 148 139
-0.4079596 1.749236 1.20435 141 148 139
-0.3299849 1.716405 1.222548 155 163 155
-0.2244671 1.664563 1.243402 182 191 190
-0.273996 1.668814 1.230027 183 193 194
-0.2767765 1.653653 1.221866 147 156 152
0.8107256 1.480077 1.459697 112 109 96
-0.3284282 1.660461 1.203224 143 152 143
-0.2447041 1.639602 1.229527 142 151 146
-0.3627953 1.657225 1.18895 145 157 153
-0.2610641 1.631904 1.220018 194 204 205
-0.2607287 1.629438 1.223456 194 204 205
-0.1450309 1.585778 1.239478 165 170 160
-0.1463571 1.585365 1.241262 165 170 160
-0.4479474 1.627828 1.116754 183 193 188
-0.4183063 1.617313 1.127779 188 197 195
-0.2792693 1.552929 1.159535 144 154 144
-0.3891759 1.58813 1.110501 197 205 198
0.3870279 1.67752 0.9619941 140 142 129
-0.280653 1.461923 1.094019 158 166 162
0.1103302 1.126799 1.475674 125 131 122
-0.3174884 1.470435 1.073215 193 201 192
0.2975006 1.038868 1.47445 113 112 99
0.4709194 1.078218 1.416029 168 174 164
1.057153 1.311696 1.135412 142 142 128
-0.1850277 1.123005 1.261749 189 191 177
0.1255363 1.019656 1.400006 104 100 83
-0.1563057 1.080949 1.264836 187 188 171
-0.5128136 1.312463 0.8911482 182 193 186
1.200548 1.348943 0.8139488 149 146 127
-0.1006825 0.9753131 1.236993 189 194 184
0.7722729 1.036026 1.173881 161 159 140
0.2114968 0.8797063 1.333034 143 140 124
0.4258947 0.8613086 1.339488 118 124 112
0.4925669 0.8674685 1.312081 126 121 100
0.6159279 0.9311156 1.19894 158 157 140
0.4865242 0.8460492 1.291758 132 123 98
0.2928511 0.8068758 1.222516 154 152 133
0.251275 0.7746425 1.184305 163 164 147
0.1676574 0.7572496 1.162051 117 116 96
0.4850177 0.8027508 1.093642 167 165 150
-0.1703999 0.788646 0.9422015 57 61 52
0.1460131 0.6760226 1.051514 147 144 125
0.5508496 0.7440365 0.9493539 179 183 172
0.5526972 0.7399523 0.9526708 179 183 172
-0.1092611 0.7121257 0.9650529 152 157 147
-0.1490656 0.6919963 0.9572574 137 134 121
0.09824105 0.6369615 0.9841214 142 137 120
0.3706496 0.6405895 0.9396182 186 189 172
-0.08106555 0.6421785 0.9075816 182 182 174
-0.1899271 0.6282965 0.7717288 162 160 135
0.02280673 0.57019 0.7902383 184 186 171
0.4169451 0.5777859 0.7684223 177 178 161
0.07219468 0.5572826 0.7496844 184 184 173
0.07306273 0.5488274 0.709046 177 173 155
0.5649912 0.6095528 0.5023084 159 155 136
0.8303589 0.7446644 0.2254797 198 202 186
-0.1994383 0.5810643 0.5765511 182 182 165
0.1034343 0.4769183 0.6036485 106 105 79
1.304146 3.839823 -9.728007 193 188 168
2.315439 3.45619 -9.232426 194 189 170
1.834372 3.186374 -9.663825 208 203 183
1.610706 3.107206 -9.834179 193 189 168
2.485684 2.298188 -9.817822 189 186 164
2.025322 2.376213 -10.03797 208 206 186
1.629702 2.35386 -10.3145 181 177 152
0.6352246 2.533859 -10.84305 206 205 184
0.4646253 3.550337 3.591989 183 178 163
-1.195175 3.739799 3.315762 213 210 199
-0.5620947 3.685521 3.409725 202 196 185
-1.221206 3.752497 3.303086 202 197 182
-1.211877 3.760051 3.291975 119 106 91
-1.001113 3.738069 3.316735 211 205 195
-0.009060646 3.621119 3.48048 153 143 128
-1.350649 3.80082 3.223253 173 161 133
-0.9702863 3.765871 3.275436 210 206 195
0.5626472 3.579218 3.528683 195 189 178
-1.235879 3.795308 3.214757 204 199 187
-1.235879 3.795308 3.214757 204 199 187
-0.5677005 3.725606 3.313193 221 215 206
-0.5892511 3.732693 3.305829 184 172 160
-0.9599105 3.771836 3.243131 215 209 199
-1.080648 3.782327 3.219923 208 203 193
-0.9283084 3.775559 3.240255 212 208 196
0.4692594 3.614815 3.46185 207 203 192
-1.037614 3.804795 3.187043 204 199 189
-1.276564 3.833973 3.1454 208 204 194
-0.6969311 3.764358 3.236427 194 187 174
-0.6969311 3.764358 3.236427 194 187 174
-0.4809733 3.74602 3.2633 207 200 191
-0.593271 3.767974 3.239618 210 205 194
0.03786976 3.695781 3.330101 148 142 127
-0.5345041 3.771299 3.212458 190 184 170
-0.4752211 3.770176 3.216086 195 188 177
0.3387082 3.673555 3.346955 182 171 156
-1.954427 3.938826 2.972338 209 204 196
-0.375746 3.774388 3.205041 203 198 186
0.2292916 3.700149 3.30287 153 145 127
-0.2903976 3.765167 3.212854 191 184 168
0.1727951 3.708903 3.286164 181 176 160
-1.03612 3.837638 3.089447 213 211 204
-0.2322198 3.764652 3.214709 192 186 171
-0.4921184 3.79405 3.167741 191 185 171
-0.3901879 3.783896 3.179155 203 196 187
0.02485889 3.737295 3.244668 160 150 130
0.7819448 3.646422 3.373582 181 175 163
0.07686225 3.745342 3.226625 152 142 122
-0.02102795 3.758264 3.206983 195 189 177
0.6810593 3.672868 3.325824 186 176 163
-0.9886441 3.864732 3.049765 143 138 119
-0.2204592 3.783693 3.161435 135 130 113
-0.2206757 3.787035 3.160577 135 130 113
-0.0602473 3.767736 3.186964 161 156 141
-0.02011675 3.76161 3.190444 158 155 139
0.1380065 3.751434 3.205961 162 152 133
-0.2616106 3.800223 3.132791 181 176 160
-0.5325608 3.829757 3.084503 198 191 180
-1.956266 4.002405 2.849922 111 105 88
-1.956266 4.002405 2.849922 111 105 88
-0.06553365 3.786538 3.147206 168 165 149
-0.9040735 3.8838 3.006347 209 203 194
-1.965836 3.99403 2.838515 197 191 185
-0.7272288 3.87257 3.027134 205 200 188
0.0525742 3.779011 3.152086 155 147 129
-0.05208945 3.791658 3.131464 195 191 179
-0.06383499 3.796284 3.123629 171 166 153
0.1794397 3.768782 3.162484 159 151 133
0.4999722 3.731702 3.214004 187 180 166
0.1535143 3.783524 3.144733 181 174 164
0.8061893 3.702375 3.253961 188 181 169
-1.31006 3.951019 2.900901 187 183 173
-0.4705165 3.851125 3.036849 200 195 183
0.1937544 3.785383 3.128655 176 169 157
-0.1160799 3.831346 3.060106 187 183 169
-0.665073 3.901727 2.951723 175 170 155
0.02564288 3.819758 3.06508 176 170 159
-0.330635 3.866473 3.002963 128 121 102
0.322288 3.787483 3.112741 177 171 156
-1.09208 3.946675 2.875813 199 196 188
0.196841 3.799904 3.084691 158 152 135
-0.1042105 3.839532 3.033324 179 172 160
0.2289225 3.809207 3.085382 173 167 152
0.1360387 3.819742 3.060361 156 151 135
0.9570689 3.722496 3.200892 182 177 165
0.3188255 3.800448 3.087197 174 168 154
0.4030238 3.802785 3.094718 152 143 125
-0.2008332 3.864685 2.992541 169 164 148
0.05516599 3.837299 3.02763 160 154 142
1.022471 3.721112 3.189347 169 163 147
-0.5618641 3.926632 2.911911 210 205 194
-0.1995444 3.876209 2.966181 182 174 162
-1.885767 4.073291 2.689214 225 220 218
-0.6178817 3.936292 2.875929 107 104 95
0.6023826 3.790662 3.080858 180 174 159
-2.301442 4.132534 2.604092 207 202 194
0.9435313 3.759718 3.129195 171 166 155
-0.2011808 3.889399 2.93543 186 176 167
0.1611357 3.848125 2.99562 155 148 133
0.1729785 3.859625 2.976843 154 148 133
0.2015775 3.853184 2.982628 155 145 128
0.3880377 3.836419 3.011348 170 164 151
0.2285039 3.853607 2.983162 150 142 124
-0.01580024 3.880671 2.941867 173 167 153
-1.913824 4.103862 2.621938 209 204 193
-1.790689 4.097023 2.63601 210 205 196
-0.08740602 3.899058 2.90954 174 168 152
-0.01063165 3.890352 2.918702 168 161 147
-0.7586688 3.988729 2.785303 207 202 192
-0.2556382 3.929176 2.860668 189 186 173
-0.1671159 3.921228 2.871585 174 167 156
-0.9553959 4.017983 2.728893 192 186 174
0.3277076 3.875397 2.935766 158 152 137
-1.107927 4.052321 2.695786 226 226 217
1.296771 3.758703 3.091021 170 159 141
-0.02968827 3.931111 2.857541 156 148 138
-0.7380373 4.002913 2.739743 201 197 184
0.7042893 3.841109 2.97463 169 160 144
-0.724614 4.004622 2.735177 125 122 101
0.2873168 3.889234 2.899746 145 136 121
0.3672429 3.883343 2.908452 143 137 122
0.01322186 3.92009 2.849855 127 122 109
0.01319924 3.920571 2.84954 127 122 109
0.06054114 3.914424 2.855072 135 129 114
-0.003534325 3.922396 2.844008 146 139 125
-0.437152 3.978776 2.762735 156 151 140
-0.1482494 3.952408 2.802593 131 125 109
0.8344958 3.838075 2.96235 167 161 146
0.9107556 3.831486 2.97458 153 147 131
-1.747315 4.142561 2.535585 173 168 153
0.599966 3.866066 2.919814 162 154 136
-0.7198135 4.017241 2.700899 177 171 153
-0.4128818 3.991244 2.737368 126 123 108
-1.72745 4.1492 2.518935 166 158 143
-1.537066 4.127044 2.548802 192 190 179
0.5679217 3.890864 2.880862 157 148 129
-0.7030482 4.036579 2.66768 161 159 142
0.4703264 3.913471 2.841417 157 147 133
-1.742546 4.172038 2.475243 183 176 161
-2.147006 4.219559 2.406773 151 143 126
0.622003 3.906116 2.851528 159 149 133
0.9887182 3.864936 2.900683 147 142 126
-1.850623 4.204034 2.418859 197 190 179
-0.1607736 3.767471 2.752968 136 135 124
0.4772535 3.946648 2.76494 131 123 107
0.6626033 3.929237 2.793064 141 133 115
0.06108424 3.627818 2.776592 120 120 110
-0.7899515 4.097445 2.519534 202 197 187
-0.3552922 3.713011 2.685247 177 186 177
-2.305782 4.279878 2.265691 203 199 191
-2.126581 4.275971 2.283864 218 214 206
-1.955929 4.256794 2.307384 181 176 163
1.417318 3.87023 2.858981 174 166 148
1.254274 3.898814 2.823027 162 156 139
-2.035961 4.283522 2.260497 212 206 199
1.272872 3.894271 2.804377 161 156 140
-1.892089 4.286548 2.242988 197 191 181
0.8808659 3.982034 2.663804 136 130 114
0.8817016 3.981658 2.66387 136 130 114
-0.3160223 3.577132 2.606963 168 170 155
0.9408163 3.990295 2.637845 152 147 135
-0.0491792 3.468663 2.671719 157 155 139
0.7220499 4.028384 2.584809 107 101 87
-2.265262 4.377655 2.080322 209 204 192
-1.606396 4.304251 2.181112 186 181 167
-0.06161748 3.459642 2.644609 174 179 169
0.05595374 3.415431 2.663837 167 169 153
-1.48325 4.304957 2.172446 203 199 186
-0.8866836 4.252378 2.259904 199 211 215
-2.420312 4.426005 1.987043 219 215 206
0.08311315 3.404117 2.638636 174 176 167
-1.696803 4.347369 2.092357 184 178 164
-1.55194 4.338381 2.105734 165 160 147
1.22059 4.020596 2.550742 137 132 118
-2.331352 4.43381 1.95954 212 207 197
-0.2655132 3.509995 2.523745 184 188 175
0.2209109 3.364172 2.634534 186 187 174
-2.065877 4.417934 1.989822 158 154 136
0.2086556 3.363871 2.62428 169 169 157
0.2217337 3.353836 2.610858 189 191 181
1.032428 4.080582 2.445076 133 128 114
-1.46441 4.375982 2.015982 185 179 166
-2.265418 4.481763 1.863919 207 202 190
-2.265682 4.481724 1.863348 207 202 190
1.118777 4.088798 2.419086 111 110 92
0.518599 3.438708 2.544302 132 134 121
-2.16888 4.512618 1.805112 160 154 141
1.968745 4.036988 2.483296 158 146 129
0.1580869 3.311642 2.474428 178 182 174
1.205556 4.152981 2.2773 96 91 72
0.3581185 3.268225 2.500575 181 185 175
1.05246 4.223966 2.194427 142 143 126
-2.158187 4.569684 1.666995 184 178 166
0.4438146 3.248091 2.491253 179 185 178
0.520993 3.24316 2.496116 131 139 129
0.520993 3.24316 2.496116 131 139 129
0.4202896 3.23965 2.47829 190 194 188
0.5262793 3.219695 2.479915 164 170 162
-0.008652483 3.317823 2.372416 146 147 129
0.4346816 3.226316 2.456594 190 197 192
0.2383335 3.26608 2.41301 162 168 162
2.018713 4.119252 2.294566 154 143 125
0.3087453 3.249305 2.411384 175 180 173
0.05768767 3.288504 2.34394 186 187 170
0.04638736 3.288802 2.327148 178 177 159
0.487104 3.190902 2.400604 182 188 181
0.487104 3.190902 2.400604 182 188 181
2.225393 4.162207 2.216905 161 151 133
-0.01112861 3.288494 2.282433 197 199 181
0.2955742 3.194121 2.353159 164 175 170
0.3402667 3.188923 2.346383 177 181 175
0.533248 3.166696 2.378835 178 184 175
0.6107838 3.147949 2.386069 182 188 182
0.5945283 3.149424 2.374662 169 174 164
0.7236113 3.117045 2.38088 152 161 155
0.3546139 3.140519 2.304114 164 172 167
0.6210032 3.122839 2.343619 184 189 180
0.6035303 3.13354 2.332351 191 197 188
0.6035303 3.13354 2.332351 191 197 188
2.095197 4.251018 2.020136 166 157 137
-0.179704 4.540823 1.592867 198 206 200
2.321128 4.29729 1.930808 149 141 120
0.6894729 3.08566 2.269454 167 176 170
1.965491 4.333858 1.842973 149 139 116
0.8352634 3.043241 2.276184 178 183 174
0.7343535 3.064519 2.255037 196 197 189
0.8090655 3.04616 2.252743 165 169 157
0.8229693 3.036096 2.25041 181 183 173
0.7700242 3.043973 2.226468 185 190 182
0.75855 3.046414 2.213605 168 173 168
0.9878997 3.013541 2.197699 168 176 164
0.6781769 3.036232 2.142914 175 176 169
0.351731 3.104187 2.065847 188 190 178
0.6418658 3.02763 2.129763 145 149 139
0.7392712 3.005244 2.106196 175 181 173
0.9133183 2.997735 2.121518 182 185 174
0.3511938 3.051013 2.010921 174 177 168
0.945493 2.995078 2.089043 158 163 148
0.5693341 3.037463 2.008576 184 183 174
0.9361373 2.989235 2.045624 145 139 119
0.9043988 2.977995 2.041627 169 168 156
0.3733059 3.807058 1.513603 170 174 165
0.2368764 3.205605 1.809849 193 196 186
0.5584354 3.003691 1.945952 152 152 138
0.9758786 2.979569 2.000489 167 163 147
1.794356 2.100572 2.54423 177 169 151
0.9572371 2.969666 1.981868 159 160 152
0.3471289 3.176039 1.790764 174 176 166
0.6516913 2.986087 1.924685 144 147 134
1.032616 2.954539 1.971776 152 152 141
0.2416247 3.208283 1.738365 190 196 191
0.9408501 2.933145 1.932575 145 148 134
0.4914113 3.153272 1.738512 169 170 159
0.7090884 2.94738 1.869151 175 176 169
0.8151656 2.966799 1.870737 182 184 173
1.602046 1.681826 2.665219 158 148 130
0.6984503 2.961722 1.844616 167 172 163
0.7509665 2.949962 1.849739 153 153 145
0.8905799 2.955753 1.852826 166 169 159
1.08528 2.95968 1.857127 154 156 138
0.03763416 3.219803 1.583325 164 173 164
-0.5837173 5.091033 0.3945126 134 130 111
-0.6219081 3.450784 1.335899 158 153 136
1.306634 3.019129 1.771387 159 158 141
0.2867273 3.110555 1.562712 168 178 172
0.6409223 3.127373 1.581723 143 142 129
0.416577 3.109198 1.556481 161 167 155
-0.5612398 3.480049 1.217376 148 147 129
0.964725 2.922251 1.707607 161 161 148
0.4895912 3.10351 1.544603 148 150 138
0.6105239 3.108112 1.526094 155 157 148
0.3636685 3.056249 1.523685 144 151 141
0.1906841 3.020688 1.520775 164 169 165
0.5357879 3.080451 1.511247 156 159 150
0.3062492 3.028851 1.518888 158 164 164
0.4298096 3.05029 1.516022 145 152 142
0.9546677 2.996083 1.585306 140 136 110
0.1212915 2.963943 1.514437 157 163 157
0.2874749 2.987745 1.499707 160 167 165
0.07193092 2.939074 1.507368 171 181 176
0.1303493 2.942984 1.506861 138 145 139
0.7189079 3.000852 1.528315 131 138 134
1.073426 2.929916 1.604029 136 132 116
0.2663055 2.938575 1.494034 160 170 164
0.3170725 2.953476 1.475243 136 143 137
1.253282 2.90827 1.588286 164 169 159
0.3797716 2.949728 1.462623 131 137 133
0.5623006 2.992524 1.432805 149 150 139
0.8441818 2.836545 1.548687 138 144 134
0.3793938 2.903268 1.447623 159 166 162
0.1180166 2.803604 1.473719 135 144 139
0.03309929 2.808367 1.456521 186 193 189
1.061799 2.873087 1.515711 175 180 171
0.9776223 2.824037 1.512923 150 147 131
1.063115 2.857929 1.48552 171 173 159
1.301138 2.82959 1.529986 158 162 152
0.1241181 2.740859 1.459615 158 166 163
0.07401309 2.728113 1.450928 147 154 150
0.7909324 2.842812 1.444212 151 155 140
1.177732 2.819477 1.494531 158 164 154
0.7046785 2.882567 1.401776 125 128 109
0.7046785 2.882567 1.401776 125 128 109
1.06831 2.822898 1.462367 167 163 147
0.7641525 2.841438 1.415267 146 153 137
0.8244199 2.810692 1.43755 148 152 134
1.114809 2.814388 1.449795 158 159 141
0.2830041 2.73203 1.422227 136 139 126
0.7625992 2.829248 1.40052 121 128 116
0.8864123 2.733103 1.482932 111 117 99
0.3640256 2.757449 1.408651 131 138 131
0.05215076 2.673304 1.431259 134 142 134
1.266855 2.811033 1.45075 150 157 147
0.1467353 2.672863 1.436915 137 143 135
0.894165 2.722812 1.474008 156 161 152
0.4573309 2.773119 1.380611 144 147 135
0.8351946 2.776726 1.408495 149 152 134
0.3779562 2.719555 1.390111 138 142 133
0.1281812 2.610544 1.441605 132 140 133
0.9426396 2.675681 1.466148 153 159 149
0.9005532 2.692289 1.44928 150 157 147
0.8526507 2.746912 1.398446 142 148 134
0.1461964 2.606486 1.425536 161 166 161
0.1746612 2.596179 1.420497 155 160 151
0.2497134 2.622898 1.405041 143 148 140
0.8879924 2.700911 1.397381 141 145 127
0.1224999 2.560811 1.419858 159 164 160
0.1753293 2.577915 1.412605 145 143 126
0.2042914 2.588245 1.409613 127 133 123
0.2042914 2.588245 1.409613 127 133 123
0.08622023 2.54976 1.416873 145 155 150
1.045081 2.639347 1.432875 119 123 104
0.5242079 2.730833 1.314487 135 134 116
0.1941672 2.524693 1.398659 152 156 147
0.1394911 2.485753 1.407387 156 161 157
0.7004948 2.588715 1.359149 158 164 160
0.7004948 2.588715 1.359149 158 164 160
0.7438375 2.543899 1.356508 92 99 88
0.7438375 2.543899 1.356508 92 99 88
-0.2161606 4.663465 -0.3780649 175 176 164
0.1177819 2.390949 1.388443 161 167 160
0.608499 2.581641 1.272492 147 153 146
0.8153889 2.442237 1.379203 158 168 163
0.6367431 2.563794 1.270211 132 134 113
0.6712836 2.551472 1.27483 140 141 123
-0.2565077 2.444864 1.273076 151 148 132
-0.125625 2.353568 1.338894 160 159 146
0.6409106 2.535098 1.269192 129 129 107
0.6959718 2.525222 1.275025 126 131 113
0.7009146 2.507657 1.26868 97 99 81
0.7618254 2.437294 1.328837 119 121 104
0.9364367 2.330438 1.388808 147 156 149
0.7012988 2.472239 1.243854 103 102 84
0.8219624 2.359033 1.329266 127 129 120
0.1901171 3.149166 0.590117 138 142 127
0.9017566 2.292537 1.328177 112 116 108
0.8714258 2.302988 1.310207 141 143 128
0.7839089 2.303641 1.282565 113 108 80
0.1527681 2.14728 1.354541 133 132 115
0.8866585 2.283431 1.296516 110 113 99
-0.2765693 2.084501 1.342354 137 145 140
1.211228 2.683947 0.9557312 106 114 104
0.9822958 2.212917 1.31661 133 139 132
-0.3276099 2.062541 1.321201 155 167 165
0.8524516 2.186422 1.274541 104 98 71
0.9552559 2.20305 1.272247 140 140 127
-0.4872719 2.015035 1.248054 200 208 209
-0.2754818 1.920483 1.312101 126 134 127
-0.4438346 1.965147 1.256689 144 153 148
1.078339 2.110606 1.210419 127 125 110
0.4731519 1.749251 1.464844 103 104 92
-0.4116751 1.893447 1.263319 173 182 180
-0.4116751 1.893447 1.263319 173 182 180
-0.1711605 1.829197 1.32331 181 187 181
-0.3695082 1.854447 1.253544 135 146 141
-0.321467 1.816163 1.263676 194 201 197
0.6773305 2.729876 0.4771259 170 179 174
-0.462648 1.830868 1.20688 191 200 198
-0.01663027 1.687305 1.342214 149 149 137
-0.379603 1.773494 1.224017 190 197 195
0.02971277 1.651241 1.345114 161 163 150
-0.4261473 1.743344 1.198648 188 199 192
0.7138096 1.501451 1.455447 104 102 85
-0.1452087 1.6208 1.255219 172 177 168
0.5237468 1.420835 1.479766 126 126 113
-0.1333327 1.59128 1.248954 190 197 189
-0.3473623 1.637982 1.183246 207 217 217
-0.1129616 1.57363 1.249981 189 196 190
0.8772436 1.484029 1.398057 131 111 85
-0.04824733 0.9209313 1.894229 142 151 145
0.481811 1.358373 1.424349 123 121 104
0.3274184 1.224354 1.538862 129 131 118
1.414369 1.71899 1.042954 116 119 101
1.356644 1.702499 1.054131 118 120 109
1.401553 1.683558 1.038768 115 117 103
0.1521324 1.171246 1.494807 128 127 114
0.2634094 1.17334 1.489158 159 160 148
0.2747214 1.161761 1.489354 116 117 102
1.359463 1.626755 1.038228 116 121 105
0.2396153 1.171819 1.466746 137 137 124
0.4303371 1.153779 1.483922 175 184 177
0.7539825 1.297246 1.342606 125 128 115
0.4259395 1.147263 1.46308 137 144 135
0.7298403 1.275331 1.328727 122 123 105
1.251309 1.546041 1.046001 124 124 109
0.2669115 1.134117 1.44352 127 128 110
0.4992947 1.131385 1.452942 173 175 163
0.4643239 1.109782 1.434928 169 177 171
0.4537052 1.105688 1.427238 142 141 125
0.1259606 1.06745 1.448908 128 136 125
0.4437696 1.098592 1.419077 145 143 122
0.1148672 1.05486 1.428514 177 182 172
0.172176 1.064599 1.417476 115 114 98
0.3651069 1.009487 1.434559 158 161 151
0.3651069 1.009487 1.434559 158 161 151
1.31289 1.457912 0.9170966 148 144 124
-0.4860747 1.362434 0.9436006 190 199 194
0.2728058 0.96092 1.429845 90 85 74
0.7123998 1.12021 1.251914 156 153 136
0.8458517 1.139812 1.215309 130 130 112
0.165471 0.9657726 1.373706 126 121 98
0.1771244 0.9474226 1.365425 130 124 104
-0.6275128 0.6237823 1.718494 182 183 161
0.1466905 0.9044778 1.365499 131 136 127
0.2572784 0.9160751 1.334161 147 141 117
-0.01415737 0.9319841 1.291616 134 136 125
0.5021824 2.222593 -0.3446888 180 189 179
0.2973274 0.9066296 1.329454 168 163 138
0.657261 0.9894793 1.225018 116 112 88
0.6144341 1.398889 0.6893592 156 159 150
0.1924826 0.8787285 1.33835 159 159 144
0.533987 1.101012 1.062972 156 163 158
-0.03170756 0.9066725 1.275404 183 190 175
0.4131327 0.86726 1.338352 165 171 169
0.1586817 0.8581409 1.333991 134 136 121
0.3488896 0.8528405 1.335443 171 177 173
0.8210885 0.9951736 1.122948 162 162 150
0.8210885 0.9951736 1.122948 162 162 150
0.1989685 0.8368328 1.302359 164 167 152
0.07216669 0.8213587 1.283928 129 131 117
0.2775767 0.833057 1.271105 200 204 191
0.2615634 0.8230107 1.236788 162 161 142
0.2095555 0.813354 1.240665 163 163 146
-0.07173838 0.8124973 1.186679 177 178 159
0.672456 0.8994663 1.061275 156 155 140
-0.440935 1.44466 0.2546275 238 245 244
-0.1493448 1.008466 0.8841273 168 168 155
0.2084554 1.418567 0.2518157 169 177 157
0.586679 0.8522738 1.074657 172 177 168
0.6359909 0.8631215 1.062223 168 168 155
0.6788873 0.8624574 1.026042 165 166 150
1.067285 1.043653 0.7614072 146 142 122
0.2920685 0.7540494 1.156017 187 186 164
-0.08750324 0.7682077 1.084635 156 160 145
-0.2248454 0.8116105 0.9548351 192 196 187
-0.1795956 0.7996137 0.9624104 194 191 169
0.9529126 0.9261886 0.7773578 162 160 143
0.5517845 0.755166 0.965738 155 160 151
0.5217628 0.7600453 0.959806 170 166 145
0.02513904 0.6735395 1.076594 144 138 123
0.2198291 0.6893533 1.052128 153 148 127
0.2654467 0.6776528 1.06238 170 172 160
0.5820758 0.7361199 0.9685667 166 172 166
0.2899462 0.669203 1.059768 188 190 173
0.2686687 0.6521931 1.035427 195 195 185
0.2184054 0.6305462 1.016957 132 132 119
0.1115332 0.6397842 0.9893578 181 179 165
0.09952319 0.6315646 0.964019 175 173 154
-0.03755665 0.632697 0.9089827 176 181 173
0.07392203 0.6356648 0.859407 150 143 120
0.1933302 0.0598829 1.831069 171 169 152
0.9007986 0.8067393 0.559038 154 154 134
0.08827698 0.6161643 0.844363 187 185 165
0.2582382 0.6134278 0.8425868 158 154 134
0.1152574 0.604262 0.8347812 138 134 109
-0.3642386 1.042284 0.05500289 153 159 148
0.08907865 0.5985351 0.8177917 122 120 101
0.6317128 0.6650936 0.6860203 145 140 121
0.08352115 0.5894019 0.8034446 192 194 179
-0.02770863 0.5737966 0.817603 178 180 168
0.05060937 0.5769908 0.7942245 135 134 113
0.2061971 0.5737508 0.8007702 185 187 174
0.358494 0.5688418 0.7136441 170 171 153
0.2734441 0.5648863 0.6872796 170 168 152
-0.001741443 0.5386983 0.7235794 195 196 185
0.2399385 0.5442761 0.7050459 157 158 141
0.1198106 0.5517768 0.6814854 170 165 143
-0.2232752 0.5853794 0.5730519 173 177 164
-0.02101033 0.5047558 0.6709029 168 172 160
0.00785964 0.5016746 0.6694576 150 150 139
0.02383587 0.419725 0.6489893 147 146 131
0.05176157 0.4180008 0.6410352 145 143 127
0.2038372 0.4832926 0.3468546 114 108 87
0.2148484 0.3587196 0.3347442 160 163 150
0.2150733 0.3424709 0.3360584 133 134 123
-1.22731 -0.07930373 0.7214997 45 52 36
2.58042 2.809998 -9.645491 192 190 168
0.6320695 2.996924 1.946497 172 181 180
-0.6242586 3.73051 3.305024 190 189 184
1.690365 4.028402 2.520109 138 133 120
1.66874 4.07831 2.42668 146 141 130
-1.643245 3.962096 2.941758 189 185 177
0.7001002 3.130443 2.378791 189 198 203
-0.298612 4.261118 2.184484 206 210 204
-1.760078 3.998928 2.677775 191 186 180
1.06405 3.003172 2.149401 156 158 150
-2.17828 4.297629 2.297882 196 191 185
-0.3463432 3.472461 1.590328 176 182 176
1.941577 5.320439 -0.2182813 141 129 107
1.237973 1.571639 1.051862 119 120 112
0.6515996 1.170282 1.324954 120 124 120
0.7306264 1.012378 1.170608 104 105 91
0.3480762 0.7125837 1.096439 101 99 85
0.4268298 0.7142705 0.9819679 63 59 44
0.6149184 0.7290252 0.9246581 120 122 114
0.6508299 0.7029846 0.8217914 114 115 105
0.5837846 0.690396 0.8503489 171 174 163
0.1671103 0.5661385 0.7538621 191 193 181
-1.236225 3.673295 3.432882 191 187 182
-0.2046007 3.848788 3.038426 186 183 176
0.4577084 3.930825 2.804121 146 143 137
0.7776744 4.040315 2.568493 118 115 108
1.202575 4.116363 2.350277 126 123 115
-0.596812 3.996786 2.751764 200 198 192
0.3719335 3.246416 2.466612 207 215 215
1.092698 2.990638 2.032329 154 157 154
1.21354 2.986833 1.720984 125 119 99
1.043099 2.921491 1.561136 171 174 166
1.773511 5.295956 -0.08863708 135 123 99
1.697839 5.408626 -0.2786607 150 138 116
1.697839 5.408626 -0.2786607 150 138 116
1.976734 5.462551 -0.4669197 156 146 123
-3.640894 5.379499 0.4618929 186 180 172
0.7327354 2.004268 1.349085 111 114 106
1.421712 1.652661 1.016961 119 119 112
0.9436572 1.350647 1.225954 89 82 64
1.185321 1.437645 1.03017 88 83 65
0.7458698 1.188924 1.280822 140 142 137
0.8447633 1.098705 1.185119 146 151 144
0.6930155 1.071533 1.226507 112 107 94
0.4347671 0.9180298 1.351753 160 165 156
1.02934 1.102952 0.8463448 107 107 95
0.3718239 0.7951053 1.227032 175 176 163
0.9339864 0.9666919 0.8646874 109 106 92
0.8915382 0.9391845 0.8829366 133 130 117
0.8915382 0.9391845 0.8829366 133 130 117
0.9717596 0.9588212 0.8034223 144 145 138
0.5126172 0.8207541 1.067728 127 125 111
0.7970341 0.8692263 0.912165 158 159 150
0.3976333 0.7491552 1.096985 174 179 173
0.6749066 0.7423422 0.8969132 164 166 159
0.705292 0.7225091 0.834003 168 169 160
0.3784823 0.5903114 0.8247433 189 191 183
0.1837386 0.5848848 0.8084949 192 194 187
0.9040511 0.4619703 0.9517186 148 146 133
0.2724463 0.5821651 0.773377 195 196 191
0.6344158 3.919665 2.813711 145 143 134
1.134292 3.984052 2.640705 149 145 140
0.6868895 3.950504 2.744821 147 147 139
1.043754 4.114886 2.357107 71 68 59
0.1293591 3.36832 2.577226 178 185 175
2.559283 4.552193 1.36422 131 120 100
0.8852983 3.037413 2.267566 170 176 172
-1.363213 4.164116 2.464836 205 207 199
-0.0006123809 3.320627 2.377443 169 173 164
2.331272 4.6433 1.178463 147 136 117
-0.1481572 3.374564 2.353125 172 175 158
1.349581 3.039598 2.032732 96 95 76
0.7264677 3.03934 2.184124 199 205 205
0.9459792 2.993821 2.09543 167 172 166
0.9453648 2.992073 2.097557 167 172 166
-0.07262714 3.274888 2.241182 205 214 213
0.561817 3.042052 2.161387 145 151 144
0.3754936 3.110546 2.154921 190 191 183
0.6225347 3.024069 2.091466 194 198 192
0.2883163 3.1399 2.084068 182 184 175
0.8632302 2.952651 1.995117 151 156 152
1.933471 4.830532 0.846922 126 114 94
2.155737 4.924553 0.6416633 127 117 97
2.290296 4.943882 0.5770646 141 130 110
0.2142128 4.78664 1.065638 170 174 168
1.262444 2.984303 1.666985 169 174 170
0.5433317 3.135467 1.67827 175 176 169
0.545738 3.113474 1.548252 132 139 136
-0.3746055 3.432548 1.555956 175 181 172
-2.690829 5.117137 0.7873819 177 169 156
1.789741 5.662849 -0.8501425 155 147 126
1.141904 2.487262 1.28343 117 115 101
0.9594224 1.620373 1.342667 115 114 103
1.122007 1.690484 1.214657 102 104 96
1.183974 1.67102 1.148929 126 127 120
1.325827 1.629498 1.054135 130 135 127
1.334484 1.568087 1.003584 130 132 123
1.334484 1.568087 1.003584 130 132 123
0.8985332 1.314724 1.229796 126 127 117
1.329263 1.494727 0.9373261 72 71 55
1.427626 1.510816 0.8808256 126 127 119
1.34185 1.424783 0.8784235 107 101 75
0.3753213 0.9763979 1.404013 105 104 94
0.3019022 0.9389569 1.416518 131 130 119
0.6744396 1.01696 1.219684 157 161 156
0.7356609 0.8019064 0.9016818 134 136 127
0.6490866 0.763265 0.9465597 182 186 178
0.7140723 0.7611872 0.894528 99 97 85
0.4662627 0.7285901 0.9663027 142 140 126
0.4070259 0.6538216 0.9222485 133 134 124
0.5017839 0.6871418 0.8427274 112 108 91
0.5413882 0.6666852 0.7643055 131 127 111
0.5212144 0.6393587 0.7390998 162 162 152
0.4626905 0.5899795 0.7405577 109 110 95
1.583245 3.930032 2.721612 147 142 129
0.8533244 3.847927 2.94362 155 152 143
-0.5103303 3.687727 3.338283 193 190 185
-0.9056154 3.658259 3.441364 198 194 189
0.4845425 3.849175 2.973565 161 161 153
2.268423 4.046859 2.403301 113 102 83
0.2606013 3.9155 2.865433 154 152 145
-0.8317889 3.791125 3.173526 194 192 185
0.7123736 3.985805 2.66064 143 142 136
0.447009 3.980474 2.716102 134 131 124
0.514124 3.982563 2.697337 137 134 128
1.107825 4.132381 2.346358 111 107 98
1.213375 4.164666 2.239744 100 95 85
1.159326 4.147439 2.247155 59 56 47
0.1552183 3.519097 2.683093 156 161 162
0.1870286 3.424445 2.655981 132 139 134
2.674645 4.429825 1.59411 139 127 111
2.029762 4.379435 1.716282 134 125 110
-0.08066125 3.442394 2.573406 168 174 161
-0.02799289 3.415903 2.566449 218 221 218
0.1920609 3.328407 2.522285 197 206 205
-0.262355 3.535486 2.565436 211 215 211
-0.1348563 3.449826 2.515173 223 229 225
-0.1924976 3.476264 2.513681 176 182 172
1.964507 4.501953 1.492875 138 127 108
-0.2243903 3.475071 2.466493 215 220 214
0.214514 3.268783 2.409353 178 188 188
0.9022833 3.017937 2.223963 174 183 182
1.038831 3.008505 2.190932 160 164 157
0.460153 4.427438 1.801461 187 192 193
0.9658254 3.00734 2.196014 171 177 173
1.160574 2.99286 2.122955 123 128 112
0.5536228 3.098964 2.235183 155 164 161
1.176287 2.991695 1.944531 145 149 142
0.701297 2.986637 2.068981 194 199 195
0.1670361 3.197034 2.097278 174 169 153
-0.006134673 3.245225 2.106163 148 144 131
-2.033812 4.435981 2.035522 206 203 195
0.7455645 2.983082 1.916932 184 192 193
1.107161 2.968095 1.738264 146 146 135
-2.125042 4.535488 1.725569 173 167 159
-2.206939 4.563106 1.687141 190 185 180
0.3424504 3.200952 1.699224 167 169 155
1.10464 2.941984 1.627029 79 78 64
-0.4260899 3.40853 1.776777 124 125 109
-0.1940915 3.403812 1.612959 81 81 69
-0.4709007 3.407565 1.676373 123 124 108
0.4539675 3.113806 1.566057 171 178 175
0.9155709 2.793405 1.544036 107 111 103
1.201124 2.793785 1.445538 112 112 98
0.9726807 2.75234 1.502269 123 124 113
0.9226001 2.746532 1.510019 107 111 103
0.3354537 2.990216 1.491582 140 148 149
0.3354537 2.990216 1.491582 140 148 149
1.887473 5.456129 -0.4112756 153 143 120
1.129284 2.622548 1.358256 155 153 143
1.145993 2.527652 1.328533 70 71 55
-2.587437 5.209369 0.4380919 174 166 154
-3.792483 5.216839 0.7008758 208 203 191
-2.803022 5.43143 0.1167027 184 176 164
1.037432 2.218294 1.344456 74 77 61
0.608226 1.970851 1.447258 142 147 141
0.9433858 2.029432 1.25014 101 103 95
0.6260993 1.593911 1.52415 65 60 45
0.5151784 1.474114 1.511977 161 170 170
1.43112 1.744411 1.04628 88 89 75
0.9871575 1.567483 1.300562 125 130 127
1.133126 1.64533 1.168522 75 73 59
0.9776867 1.525735 1.286297 84 80 63
1.370041 1.652255 1.047394 82 85 73
0.8483217 1.363324 1.296126 111 111 103
0.8483217 1.363324 1.296126 111 111 103
0.8579581 1.350126 1.261911 93 91 77
0.5404834 1.167421 1.446324 119 123 107
1.085652 1.333038 1.141219 98 99 84
0.6674107 1.251595 1.31592 84 80 64
1.342934 1.464796 0.9112973 120 118 103
0.5224886 1.037439 1.381085 159 168 167
0.9882718 1.135643 1.141557 70 60 40
0.7677977 1.104479 1.205838 83 80 66
0.6196426 1.026196 1.250175 97 92 76
0.6196426 1.026196 1.250175 97 92 76
0.849416 1.023315 1.128232 162 162 153
0.515931 0.8913901 1.303497 141 145 135
0.96006 1.081017 0.9279194 122 120 106
0.9886414 1.076127 0.8796709 125 127 119
0.8990679 0.9925979 0.9691623 116 116 106
0.5292531 0.8917935 1.159319 138 135 119
0.1478211 0.8244785 1.27985 173 176 164
0.636359 0.814651 1.010626 176 180 175
0.5966946 0.8028592 1.010806 144 145 138
0.7104328 0.819375 0.9528568 142 144 136
0.7104328 0.819375 0.9528568 142 144 136
0.9429507 0.9171085 0.745492 156 156 148
0.4333584 0.7496674 1.076446 104 104 92
0.7618964 0.7916747 0.839915 137 134 125
0.3719258 0.6552904 1.012769 113 111 94
0.4394239 0.6847762 0.932459 154 155 148
0.4681356 0.6607001 0.8425906 161 161 151
-0.00576112 0.6473528 0.8873669 153 150 133
0.7636836 0.6769662 0.6448695 122 118 99
0.2295046 0.5834079 0.7877137 114 109 94
0.228505 0.583563 0.7871223 114 109 94
0.8537391 0.9667962 -0.04908807 189 187 173
0.5435556 0.6246211 0.6293045 128 125 110
0.1146517 0.5053808 0.5986872 141 143 134
-0.9948083 3.632708 3.518114 195 190 184
0.688758 3.882522 2.885431 158 155 146
1.999366 4.026498 2.46431 133 124 107
1.876127 0.9733574 3.094098 133 122 103
0.7369766 3.896402 2.850591 151 148 139
0.24322 3.874978 2.939746 158 153 145
-1.170341 3.704585 3.400843 171 167 161
2.149998 4.11167 2.2668 128 119 102
1.909893 4.090066 2.332915 135 127 113
1.954953 4.138752 2.272837 138 131 117
0.7734556 3.997096 2.635708 122 118 107
0.7749608 3.994889 2.638165 122 118 107
0.9184659 4.014382 2.589991 135 135 127
0.01071283 3.91302 2.874345 134 131 122
-1.204294 3.770103 3.272442 197 194 188
0.5361658 3.997822 2.658109 129 127 120
1.905988 4.153237 2.212085 147 142 127
-0.869305 3.839031 3.102661 191 186 180
0.621757 4.022213 2.603909 120 118 111
-0.6634921 3.871062 3.018687 193 190 183
-0.6634921 3.871062 3.018687 193 190 183
-1.063978 3.821525 3.150849 196 193 186
0.7431002 4.039134 2.554514 122 119 113
0.7971039 4.045654 2.533608 126 123 117
0.4869266 3.931511 2.614471 168 173 167
0.4177689 3.923224 2.631132 159 164 162
1.00123 4.10156 2.415675 118 116 109
0.197639 3.842773 2.703668 145 150 143
-1.381885 3.821856 3.177368 198 197 193
1.162154 4.144653 2.294682 108 104 93
2.406804 4.304421 1.849902 131 124 109
0.08548547 3.484021 2.723755 185 193 192
1.090247 3.837148 2.299285 126 128 119
-0.9532299 3.973319 2.820799 201 196 190
0.6637749 3.498939 2.489535 142 148 148
2.369911 4.394488 1.676219 139 130 113
0.06367107 3.405868 2.640419 157 163 154
0.06105933 3.41335 2.63721 157 163 154
0.8420799 3.433655 2.3979 154 159 157
0.394096 3.292386 2.559462 181 184 181
1.658475 4.351547 1.813645 125 118 102
0.3381152 3.284321 2.530833 169 174 172
0.004555733 3.389581 2.541477 166 171 155
0.9649294 4.355584 1.912638 101 105 97
-1.965708 3.996385 2.871377 145 139 117
0.9160535 3.047665 2.308168 109 113 105
-1.791631 4.076564 2.698579 161 156 139
1.43611 4.437921 1.64752 96 97 85
1.654868 4.470736 1.549729 125 114 94
-0.09792137 3.390634 2.437445 206 211 209
0.8151739 3.049132 2.298275 186 193 191
-0.2191499 3.457549 2.423923 179 185 170
-0.2188185 3.458874 2.421454 179 185 170
0.7639585 3.058141 2.276837 198 204 204
2.614376 4.636703 1.160838 149 138 120
-2.073045 4.076259 2.698076 193 189 182
0.2808133 3.198179 2.338215 208 214 213
0.08340135 3.28375 2.347318 214 219 213
0.1199633 3.259049 2.322751 193 199 190
0.5110283 3.081225 2.235387 173 182 185
0.8080173 3.016479 2.176233 193 198 199
1.460702 3.104003 1.96162 116 113 96
-0.08716729 3.331501 2.278202 218 220 207
0.8218663 3.007465 2.137622 194 198 198
-1.75319 4.250249 2.320763 186 180 172
1.161286 2.979994 2.005854 149 153 145
0.6651718 3.01115 2.120557 155 161 157
1.271907 3.011645 1.946126 141 143 132
-1.723519 4.397415 2.174871 187 183 174
1.105283 2.979391 2.00261 157 161 157
0.5434914 3.068326 2.072654 157 153 137
1.098336 2.965007 1.966849 123 128 116
0.4105405 3.097754 2.064242 161 160 147
0.5629387 3.0506 2.029303 188 193 188
0.8958778 2.945907 1.984046 142 147 143
0.1196041 3.205513 2.06615 174 174 164
0.1196041 3.205513 2.06615 174 174 164
0.8713418 2.94629 1.954132 177 181 176
1.293425 3.011422 1.806149 117 115 101
-2.396667 4.37729 2.086714 184 178 170
-2.473224 4.454029 2.020544 204 199 194
-2.279213 4.505833 1.940148 201 196 190
1.375749 2.975708 1.639169 111 113 103
1.03233 2.927392 1.747721 152 156 149
0.9037365 2.922018 1.777404 144 150 148
1.117346 2.948161 1.678808 144 146 137
1.147458 2.954129 1.653636 133 133 121
0.4139935 3.17795 1.730923 158 159 150
-1.450786 4.654642 1.434067 167 173 153
1.158245 2.939241 1.612747 162 166 160
-2.120656 4.63115 1.538773 189 185 176
-0.2600879 3.431735 1.650649 136 138 125
1.203056 2.871748 1.548109 174 180 176
1.95884 5.26023 -0.04957117 150 140 117
2.072439 5.280111 -0.1056283 134 122 98
1.203631 2.802661 1.499264 164 169 169
1.173125 2.778355 1.432638 162 167 164
-0.4860011 3.462701 1.445503 122 123 107
1.236386 2.784668 1.406049 146 151 148
0.5066998 2.984284 1.453846 158 168 168
0.2888573 2.990037 1.482103 162 172 174
1.968845 5.523005 -0.5940729 145 133 111
1.604624 5.575703 -0.5904288 155 144 124
1.862109 5.73437 -0.9659745 156 148 127
-2.663772 5.234996 0.3511147 197 191 182
-4.051275 5.341784 0.6171613 191 187 181
-2.751232 5.238111 0.3545437 180 172 160
-3.910398 5.324416 0.5386943 189 183 175
0.5004934 2.604678 1.279317 126 130 122
1.045151 2.26122 1.352534 134 142 143
1.042374 2.268424 1.349949 134 142 143
0.7139736 2.290241 1.298172 126 127 118
1.091364 2.166203 1.299979 77 74 56
0.6508049 1.97785 1.421526 129 133 125
1.385702 2.497505 0.8083726 144 134 112
0.687983 1.971633 1.367848 107 105 94
0.9819052 2.054049 1.206024 79 79 66
0.5370343 1.874822 1.463052 78 80 68
0.6326318 1.911202 1.403728 98 95 82
1.011685 2.002356 1.170297 96 96 86
0.6143583 1.564261 1.516668 146 152 146
0.8964516 1.505154 1.401221 65 63 46
0.6687556 1.489521 1.456732 140 144 138
1.042034 1.573342 1.245191 99 94 78
0.1547129 1.515726 1.488155 135 140 138
0.6480601 1.402639 1.447452 92 94 83
0.786886 1.419588 1.367108 91 88 68
0.8144875 1.419945 1.340839 90 86 67
1.259164 1.527634 1.034931 132 133 128
1.415496 1.552421 0.9552075 118 116 101
0.3856965 1.202024 1.522506 107 111 102
0.383609 1.205188 1.521414 107 111 102
1.393454 1.471759 0.9123158 85 83 63
0.5565649 1.124828 1.426139 125 129 117
0.3663542 0.9962419 1.435958 166 170 166
0.8033293 1.110753 1.209174 156 160 151
0.3880478 0.997811 1.424228 83 79 66
0.7322614 1.08048 1.216024 148 154 144
0.5157562 0.9942403 1.357077 168 175 170
0.8305377 1.066024 1.172499 112 111 96
0.8575696 1.063704 1.16437 159 163 155
0.4923675 0.9230965 1.34095 123 128 124
0.1680433 0.8966125 1.358739 168 174 172
0.4467075 0.8625098 1.331803 112 114 101
0.4650627 0.8404691 1.300517 138 143 131
0.6528897 0.8676348 1.048045 132 134 126
0.629072 0.8537903 1.049719 164 168 162
0.6032014 0.833859 1.042316 143 144 137
1.000761 0.9486632 0.7680181 108 106 91
0.9033655 0.9116527 0.7799153 145 142 128
0.3054584 0.7135719 1.124815 122 129 124
0.1049637 0.7166073 1.141715 185 187 176
0.4475497 0.7371082 1.012738 75 71 58
0.9557695 0.8838995 0.6840812 148 148 135
1.052607 0.9181382 0.5939669 135 132 115
0.8343875 0.8034783 0.7346017 140 137 125
0.8117437 0.7765822 0.7295395 111 107 93
0.9691487 0.8460677 0.563229 142 139 125
0.7698125 0.6886345 0.6994697 120 112 92
0.6046955 0.7162729 0.5948748 128 125 108
0.5679197 0.6585916 0.6925977 128 125 108
0.4736065 0.6223439 0.765308 149 145 135
0.5485038 0.6421661 0.6870997 157 157 147
0.04140228 0.590923 0.8115283 179 183 176
0.5962088 0.6536881 0.6096141 129 126 111
0.2764834 0.5322689 0.5822117 147 144 132
0.08405489 0.3887841 0.6025237 148 152 146
-0.7292816 -0.405236 1.029152 114 114 105
1.882648 3.958894 2.627737 127 116 101
-1.040072 3.633444 3.536606 192 187 181
0.2294053 3.789623 3.113667 149 141 129
2.224741 4.013503 2.46672 122 111 94
0.9533685 3.90094 2.824819 156 153 144
-0.8522491 3.703142 3.378706 193 190 184
-0.616024 3.716288 3.305044 194 192 186
0.1342519 3.830582 3.037262 179 176 169
1.539687 3.992233 2.584166 149 145 135
0.520722 3.891585 2.883904 153 149 141
2.236205 4.079614 2.3302 143 133 116
0.5717782 3.929604 2.804494 142 138 132
0.6660933 3.929642 2.774168 146 144 136
0.6660933 3.929642 2.774168 146 144 136
0.6683704 3.953374 2.746586 148 146 138
-0.2057052 3.849545 3.023587 189 186 179
0.3347272 3.923216 2.828743 151 151 144
0.7999892 3.983019 2.670923 143 140 133
0.8009556 3.981011 2.670778 143 140 133
0.8913791 3.995371 2.637275 140 137 130
-1.141044 3.760359 3.284962 200 196 193
1.649743 4.094912 2.353451 86 81 66
0.8372995 4.005215 2.610646 140 140 132
2.138475 4.162737 2.186715 140 131 118
-0.8739341 3.818895 3.140487 172 168 157
1.355316 4.088457 2.396127 131 128 119
-0.9451705 3.855179 3.078614 187 182 176
0.905302 4.065526 2.463139 112 109 100
0.5568556 3.960392 2.589303 129 134 132
1.163105 4.134941 2.357283 127 124 117
1.040303 4.105358 2.393655 110 107 100
0.9019027 3.942393 2.474167 85 84 78
0.8717227 3.989472 2.443468 127 128 124
1.249543 4.142883 2.291778 120 118 108
0.6862254 3.875983 2.517923 104 108 102
2.444172 4.271543 1.903898 133 124 107
0.9295406 3.948884 2.415588 129 132 129
-1.175606 3.872498 3.055563 198 195 189
1.282478 4.17058 2.23586 116 112 102
-1.455355 3.834775 3.121536 189 190 183
1.650798 4.220239 2.094651 133 127 115
0.9504601 3.856627 2.383194 96 100 91
1.30196 4.193626 2.183378 98 94 81
2.576939 4.350704 1.774323 135 126 109
0.9391645 3.816428 2.367281 136 140 137
-1.735762 3.875578 3.093442 192 189 183
-0.6507519 4.019296 2.703947 176 172 161
-0.6507519 4.019296 2.703947 176 172 161
0.06398138 3.424169 2.677269 136 138 125
-0.5879686 4.031096 2.679198 200 197 190
2.40945 4.37135 1.714708 134 126 109
0.3000923 3.342508 2.620631 110 116 111
0.1149788 3.402327 2.644461 170 174 168
0.1801403 4.153993 2.384204 163 169 168
0.3448756 3.330154 2.58744 57 62 49
-0.2219048 4.100921 2.503364 172 178 168
0.1530733 3.374138 2.598165 193 200 198
0.6029586 3.264814 2.483622 157 163 164
0.6029586 3.264814 2.483622 157 163 164
0.3863885 3.288892 2.537325 179 183 176
1.573387 4.350405 1.820595 113 103 87
0.3769481 3.270854 2.514942 82 86 75
0.6499586 3.194094 2.444125 127 132 127
0.6246395 3.177526 2.431289 135 139 131
2.684137 4.52277 1.397899 141 130 113
0.1789767 3.31219 2.479144 176 182 177
0.303456 3.268877 2.451611 197 203 198
1.061285 3.151613 2.267894 157 157 153
0.6433648 3.137917 2.385117 177 186 186
0.2698513 3.27256 2.436329 137 140 131
0.2698564 3.272579 2.437401 137 140 131
0.169426 3.29816 2.45514 176 185 183
0.2657447 3.259023 2.417036 198 205 206
1.06958 3.030371 2.247276 104 110 101
0.04703314 3.323196 2.406423 201 207 207
1.136255 3.027687 2.208696 166 169 166
1.136255 3.027687 2.208696 166 169 166
1.050458 3.00692 2.230764 115 119 108
0.264468 3.212385 2.366076 171 180 180
-0.2407667 3.456886 2.402043 176 181 166
1.288536 3.049967 2.121248 109 111 98
1.390519 3.089502 2.075623 104 104 91
1.40209 3.055013 2.034058 93 92 73
-1.002425 2.875235 2.778427 174 169 159
0.3622718 3.116018 2.278863 149 158 157
1.048656 2.998851 2.13495 178 178 176
-0.04050131 3.309588 2.27837 115 120 110
0.4537975 3.06765 2.22437 114 116 105
1.081936 2.994908 2.060953 158 164 159
0.6204175 3.042417 2.165122 179 187 188
0.6199625 3.041139 2.167053 179 187 188
0.4451003 4.525243 1.599423 169 171 159
-1.522827 4.29531 2.162805 197 192 186
0.4969358 3.078662 2.08694 157 154 137
1.306706 3.022383 1.888149 135 135 123
1.32746 3.03005 1.86675 118 117 99
1.070338 2.955551 1.945129 160 166 160
0.9901468 2.948953 1.97053 102 104 87
1.030208 2.950329 1.936572 171 176 173
1.275138 3.003503 1.846304 135 139 130
-0.1029794 3.280973 2.095068 145 141 128
1.232593 2.981425 1.837837 130 132 121
-0.1880433 3.297711 2.062985 177 179 170
1.355704 3.038566 1.764996 115 113 98
1.355398 3.041608 1.764942 115 113 98
1.97672 4.858682 0.7189118 106 94 72
0.8563622 2.966858 1.876118 179 184 182
-0.2123664 3.326114 1.986707 158 155 144
1.077591 2.969465 1.782641 68 64 50
-0.3405355 3.337269 1.976215 181 186 170
0.960232 2.94101 1.805215 173 178 175
-0.1330702 3.356322 1.885985 143 144 138
-0.6645476 3.525764 1.938253 194 203 199
-0.6820431 3.555536 1.926096 194 203 199
1.922767 4.985776 0.5094525 133 121 99
0.7356061 2.943988 1.836811 177 184 184
-1.909539 4.598218 1.717438 175 170 162
0.3062535 3.194856 1.764125 183 187 181
-0.4228755 3.369379 1.860383 185 185 176
1.221775 2.94474 1.638088 176 183 178
1.284403 2.913398 1.614924 162 170 165
1.076422 2.944438 1.648748 138 136 125
1.363958 2.88634 1.602984 127 129 119
1.338501 2.880481 1.600327 148 155 151
0.005704754 3.316773 1.699858 127 126 114
0.01778522 3.295022 1.710611 127 126 114
1.277077 2.877888 1.579777 165 172 169
0.3881199 3.163354 1.641939 162 171 170
0.88807 3.000307 1.591503 168 166 151
-2.16618 4.653296 1.489337 168 164 155
0.5163035 3.137152 1.587914 168 174 170
-0.1567306 3.404515 1.611287 214 219 213
1.680626 5.140013 0.1673522 127 116 92
0.4009936 3.136059 1.592677 178 186 187
1.019658 2.871129 1.521226 125 122 104
1.236113 2.795607 1.45802 152 158 153
0.7901966 2.845328 1.536248 160 168 165
-3.21991 4.783962 1.442392 178 170 160
0.5391923 3.026917 1.476867 152 160 161
-3.330036 4.834183 1.398129 197 193 182
0.2600678 3.0337 1.515968 177 189 193
-3.219328 4.896334 1.280541 194 188 179
-0.5399767 3.485222 1.415196 131 135 115
1.195547 2.767473 1.377312 141 145 139
0.6262032 3.058243 1.323644 170 177 168
-0.579248 3.457763 1.370088 143 141 132
0.4627362 2.871701 1.412362 151 159 160
0.9500419 2.647578 1.403119 171 180 176
0.6699232 2.781525 1.384181 163 170 165
1.035098 2.617752 1.398578 118 122 114
-0.6810278 3.475897 1.264736 111 108 94
0.1741181 2.754285 1.438658 131 142 144
0.4540684 2.729593 1.355347 118 124 122
1.195518 2.529592 1.275953 81 80 63
1.221323 2.552646 1.252528 109 112 103
0.4227881 2.638332 1.333052 143 149 145
0.2200356 2.586551 1.395386 152 160 161
1.076085 2.309717 1.353795 126 131 124
0.2577131 2.539795 1.368658 139 144 133
-1.770842 5.383749 -0.2756078 181 185 176
1.082326 2.227106 1.319206 136 141 134
1.082326 2.227106 1.319206 136 141 134
1.307001 1.023007 2.150103 87 85 69
0.995934 2.189376 1.303659 142 148 146
1.002213 2.171715 1.271485 100 104 99
0.8712752 2.119687 1.275621 110 114 107
1.357099 2.510328 0.7929496 72 70 52
0.8202441 2.042132 1.280248 95 96 86
0.8944418 2.051768 1.232661 92 92 83
0.7420297 1.980552 1.319811 101 99 85
0.5060949 1.802297 1.468741 65 66 54
0.6142047 1.806846 1.42824 67 67 58
0.1980287 1.626804 1.480824 87 89 81
1.046934 1.608411 1.282112 101 101 89
0.5609505 1.487506 1.485001 104 103 92
1.338528 1.698274 1.065853 118 119 112
0.5189863 1.439664 1.489945 126 131 129
1.018284 1.544656 1.272433 123 123 117
0.5135977 1.404313 1.474747 138 142 134
0.721858 1.376134 1.391366 143 147 141
1.268221 1.566964 1.050725 130 131 126
1.008704 1.425139 1.235916 94 95 80
1.008704 1.425139 1.235916 94 95 80
1.045439 1.402564 1.215472 96 99 87
0.4154023 1.228796 1.5221 115 117 108
1.083574 1.39677 1.189946 82 81 64
0.7403861 1.289441 1.334304 141 144 141
0.7069011 1.28957 1.313491 96 96 85
0.5876308 1.154721 1.407592 94 92 78
0.7007365 1.199002 1.312609 89 91 80
0.663691 1.172547 1.309952 100 104 98
1.2015 1.391924 0.9396493 90 85 67
0.3263076 1.047267 1.464545 132 134 127
0.6910142 1.12879 1.263709 156 162 160
0.6890221 1.132257 1.262126 156 162 160
0.7403666 1.127007 1.223941 137 135 120
0.5477461 1.026114 1.360757 92 93 78
0.3425551 0.9908563 1.438998 100 98 86
0.3425551 0.9908563 1.438998 100 98 86
0.9737378 1.100427 1.13438 94 83 59
0.4491857 0.9664724 1.361751 153 156 147
0.976508 1.082281 1.109757 133 133 121
0.4296958 0.95717 1.36062 72 72 61
0.1917077 0.9258085 1.361258 144 144 130
0.6275449 0.9607104 1.218713 153 154 149
1.135484 1.199006 0.7903253 103 103 93
1.050228 1.092823 0.8194047 98 95 78
0.7081627 0.950626 1.049042 134 135 121
0.8367344 0.9278032 0.998249 164 166 159
0.897338 0.9605114 0.9226904 117 113 99
0.9617898 1.001774 0.8530377 134 136 127
0.6012991 0.8764355 1.090233 180 184 178
0.5984136 0.8798332 1.087147 180 184 178
0.9875314 0.9996528 0.8319375 140 141 134
0.1975925 0.8048529 1.230314 191 194 185
0.1819205 0.7911875 1.204098 145 143 128
0.4523299 0.8052438 1.126545 121 121 112
0.9185754 0.9374752 0.8205572 108 104 86
0.9167671 0.9395031 0.8179654 108 104 86
1.027735 0.9639261 0.7185259 113 107 85
0.1679136 0.7414874 1.153099 182 193 191
0.8408782 0.8623783 0.8562884 105 104 89
0.1860414 0.7190043 1.136342 128 123 108
0.3273706 0.7130665 1.116995 155 160 156
0.9577091 0.8983225 0.7213167 114 111 96
1.050468 0.9329968 0.634091 105 102 86
0.5714491 0.7568361 0.9748645 188 193 191
0.4147779 0.708953 1.038819 110 108 92
0.3847353 0.6596312 0.9802659 153 156 145
0.3847353 0.6596312 0.9802659 153 156 145
0.2058825 0.6336389 1.02569 173 181 180
0.9402001 0.7734323 0.671667 122 119 100
0.7085366 0.6773428 0.6998902 169 169 159
0.7019702 0.6498697 0.5848864 157 157 145
0.6044631 0.6386569 0.5483824 155 151 136
0.2579193 0.5543577 0.6952407 137 134 123
0.5014535 0.5952494 0.5513095 135 131 117
0.04523577 0.5198017 0.6340998 104 102 87
0.1223623 0.4277871 0.5717564 127 128 120
0.5899027 3.812427 3.047689 164 160 152
1.10613 3.867131 2.883595 152 148 138
1.274297 3.889273 2.823472 46 40 24
0.3435653 3.781429 3.119936 151 148 134
2.251065 3.994469 2.509943 111 100 83
2.123345 3.985633 2.533968 142 133 118
0.1409087 3.771698 3.156989 139 134 121
0.2762688 3.797236 3.110569 147 140 128
0.794271 3.850158 2.94421 159 157 148
2.284796 4.031188 2.426138 133 122 105
0.7578102 3.869997 2.903429 154 151 142
-0.7811548 3.676002 3.400975 188 183 176
1.754082 3.991928 2.570771 147 139 128
1.942414 4.01069 2.506301 142 133 118
1.812617 3.999116 2.542303 150 145 131
-0.9800802 3.672167 3.443927 190 187 180
0.2000186 3.817767 3.057729 166 161 155
0.2330942 3.83641 3.025059 170 166 163
0.5201872 3.876063 2.918774 150 146 138
0.228217 3.840919 3.003572 142 137 123
0.9524716 3.930412 2.765483 151 148 141
-1.199432 3.672816 3.47215 206 203 198
0.245763 3.850688 2.991339 168 165 160
1.438367 3.981572 2.592561 144 141 131
0.9741518 3.9436 2.736626 149 147 141
0.7839643 3.933401 2.776271 145 143 133
1.930006 4.057965 2.404957 141 134 120
0.5775613 3.913333 2.826665 67 63 50
0.5789614 3.914264 2.826327 67 63 50
-0.2447156 3.826898 3.080418 189 186 180
1.905246 4.067915 2.382794 142 134 119
-1.35924 3.697874 3.435914 202 199 194
0.2526158 3.895882 2.900777 124 120 106
1.429153 4.027678 2.517799 135 129 121
-0.7496214 3.781892 3.213169 196 193 187
0.6450866 3.945894 2.755306 118 113 98
1.953428 4.092995 2.336334 131 122 105
0.9037784 3.979488 2.658743 142 139 132
-1.195248 3.756342 3.299811 196 192 186
2.013212 4.124366 2.255101 142 133 118
1.825023 4.112196 2.300993 120 113 97
0.6757569 4.002645 2.645938 115 112 104
0.9387987 4.03749 2.537431 127 123 117
0.7772118 4.033002 2.565508 115 112 105
0.7790151 4.029413 2.567096 115 112 105
0.9312366 4.055256 2.513344 49 46 34
1.871402 4.150586 2.210803 144 137 125
-1.36275 3.794912 3.237693 196 191 187
-0.8057511 3.862913 3.044905 167 163 155
-1.13073 3.835337 3.13272 193 190 183
2.168256 4.210555 2.064967 141 132 117
0.9520138 4.088391 2.432406 112 109 100
2.133992 4.227808 2.04769 147 139 124
0.3887859 3.879471 2.639834 111 116 107
1.678635 4.176688 2.170507 137 132 119
1.149741 4.134725 2.328737 66 62 48
1.06952 4.129457 2.351685 99 94 84
2.212121 4.256145 1.980088 143 134 119
0.6345219 3.845764 2.539355 111 116 112
1.135739 4.154336 2.296384 100 96 85
1.281387 4.160293 2.243134 116 112 102
-0.6939083 3.939824 2.880108 198 193 187
0.1067124 3.522712 2.738653 165 175 176
1.264012 4.188125 2.193462 105 99 86
1.037051 3.901939 2.337603 93 99 90
-0.9577171 3.946908 2.881647 177 171 158
2.464761 4.348098 1.760063 96 88 68
2.320017 4.360972 1.793283 130 118 104
-0.7038943 4.002733 2.747693 195 193 186
2.589177 4.394656 1.662004 135 125 104
2.589177 4.394656 1.662004 135 125 104
0.09668753 3.416446 2.670092 195 200 195
0.3984179 3.326009 2.572937 121 129 127
0.5489391 3.365434 2.518662 150 154 154
0.9300591 3.456615 2.365618 116 120 114
-1.347091 3.967085 2.865505 203 202 198
1.39863 4.286483 1.96719 81 73 53
0.3366461 3.303666 2.576915 153 161 153
1.017845 3.459673 2.317251 109 113 107
0.3111955 3.305203 2.569115 147 156 146
0.4834563 3.275345 2.529233 137 143 142
2.058835 4.383055 1.722344 131 122 107
0.4114754 3.280876 2.524197 116 119 108
0.4856438 3.253236 2.511965 86 86 76
0.4039894 3.264641 2.505567 197 208 210
-1.023351 4.055058 2.65091 175 175 165
-1.022658 4.055692 2.651174 175 175 165
0.6237508 3.197187 2.45242 173 180 182
0.9184092 3.196527 2.343053 125 130 126
1.516882 4.38958 1.73961 108 100 80
0.4452866 3.213952 2.445313 176 186 184
2.727183 4.570112 1.317997 105 97 74
0.1968291 3.299844 2.459187 201 211 213
0.3368572 3.257954 2.429038 194 195 189
0.3108659 3.266902 2.420013 132 134 126
1.002561 3.068037 2.283381 109 115 111
1.158459 3.116435 2.219712 134 138 132
1.26039 3.11683 2.164332 106 108 97
0.3156531 3.22642 2.377691 170 179 178
0.7207906 3.08087 2.311758 172 178 176
0.09311663 3.310127 2.402563 202 210 210
1.110493 3.021711 2.212849 102 106 97
-0.07770677 3.379177 2.412485 182 189 183
1.150665 3.024093 2.190075 108 113 101
0.8090598 3.031208 2.271775 173 179 177
0.7048857 4.441206 1.763764 183 188 184
0.4057741 3.177857 2.322354 162 168 162
0.3248557 3.174732 2.336859 176 187 189
1.344869 3.047693 2.09286 103 105 95
0.8460441 3.025468 2.229625 189 193 194
1.326288 3.033291 2.092992 140 143 137
1.399302 3.074539 2.055858 135 136 130
0.5926023 3.108786 2.261324 175 181 176
-1.158711 4.210934 2.326225 196 194 187
0.9914291 3.003628 2.183845 144 149 140
0.4890065 3.134758 2.270955 159 165 165
0.8291807 3.019293 2.18594 163 168 167
0.4668763 3.084765 2.241166 176 184 185
0.3811903 3.086261 2.259098 155 162 159
0.6242378 3.069784 2.190726 160 164 160
0.5949078 3.078249 2.192571 181 188 189
0.4118802 3.080167 2.234472 149 147 141
1.448194 3.096295 1.93525 79 74 51
0.3893684 3.083334 2.228411 70 68 54
0.3901775 3.082349 2.22884 70 68 54
1.058678 2.993338 2.079066 134 139 130
1.059684 2.988022 2.079736 134 139 130
0.5465079 3.056012 2.188289 173 179 179
0.546349 3.056121 2.187953 173 179 179
0.8976962 2.995919 2.109662 145 145 134
0.9110197 2.993936 2.091997 172 174 171
1.054291 2.984742 2.049386 154 158 155
1.241038 2.998822 1.990464 117 118 97
1.133606 2.990913 2.021661 134 136 124
0.9366708 2.985148 2.076826 177 183 177
0.9366708 2.985148 2.076826 177 183 177
0.3324449 3.118229 2.173123 179 182 172
1.133975 2.990875 1.993835 154 156 150
1.034461 2.968796 2.027652 96 104 94
1.172328 2.996236 1.977227 152 157 151
1.19885 2.994415 1.965681 131 133 120
1.151769 2.989866 1.97564 121 127 115
0.9652601 2.972614 2.033288 171 175 170
-1.578584 4.306305 2.152838 178 173 163
1.288884 3.015091 1.911777 123 120 106
0.7341434 2.978537 2.065326 152 156 150
0.1290744 4.551563 1.544874 160 157 139
0.9328202 2.968807 2.015774 173 178 176
0.9566587 2.970405 2.00854 101 102 86
0.06660216 3.214093 2.139413 157 157 145
1.283718 3.012829 1.8906 120 119 105
1.283718 3.012829 1.8906 120 119 105
1.470457 4.745154 1.064895 114 111 94
0.7909941 2.965248 2.03935 176 183 180
0.7620686 2.964507 2.037315 146 147 135
0.9428474 2.944923 1.981441 135 142 139
0.966043 2.946194 1.968463 166 172 169
1.109448 2.951263 1.920743 143 146 138
0.5871025 3.042136 2.013995 149 149 138
1.056605 2.95565 1.926726 139 143 135
0.9751971 2.933019 1.929253 128 131 122
0.5096459 4.703341 1.206092 164 168 160
1.232287 4.806601 0.9675969 116 117 102
0.5598971 3.015506 1.975154 181 189 192
1.325821 3.023146 1.761651 121 123 111
1.406317 3.075754 1.711105 117 115 100
1.300358 3.019929 1.716293 153 152 140
0.9387987 2.95091 1.828097 173 177 173
0.7277926 2.952068 1.876644 126 126 114
0.7836809 2.941166 1.849516 171 177 177
1.226705 3.00804 1.696239 110 104 83
1.400918 2.986639 1.633466 118 120 111
0.1737224 3.238937 1.797893 203 209 206
0.1787631 3.22611 1.80482 203 209 206
0.9915876 2.918427 1.739048 112 112 100
-0.0002633071 3.303476 1.780993 188 197 194
-0.0008186374 3.293098 1.759732 112 114 98
0.996733 2.941534 1.629884 158 156 143
1.030143 2.933461 1.629782 159 159 148
1.06004 2.929518 1.61868 162 166 158
1.119149 2.929613 1.591878 158 162 155
1.015023 2.947485 1.600763 126 123 107
1.298126 2.861474 1.570875 128 136 131
0.4767353 5.01685 0.5786142 126 128 114
0.6211513 3.119799 1.541789 161 167 164
0.4258278 3.126098 1.580053 178 187 186
0.3083557 3.14928 1.574307 177 185 186
0.4050713 3.118518 1.571914 135 143 132
0.5103263 3.106289 1.535245 158 168 166
1.177656 2.832274 1.514112 87 87 75
0.3941541 3.097064 1.546135 175 184 185
0.8170736 2.866832 1.567401 120 126 121
0.8527969 2.844868 1.567529 179 187 187
0.3638139 3.101095 1.542718 152 161 160
1.031958 2.853248 1.501648 161 164 154
0.5530286 3.053044 1.488553 139 144 140
0.5493119 3.061369 1.483752 139 144 140
1.14194 2.804605 1.470334 179 185 186
0.1195791 3.118747 1.548063 174 182 183
0.3228287 3.052865 1.527081 125 136 134
0.4169277 3.048066 1.496274 174 182 179
1.132014 2.783659 1.44653 173 177 169
0.3966988 3.024556 1.494219 152 159 154
1.067338 2.786699 1.446989 148 149 143
1.102334 2.780595 1.42892 159 162 154
0.3900436 2.998428 1.481631 175 185 187
1.055757 2.757222 1.440435 119 117 106
0.4496634 2.948882 1.43648 138 146 148
0.5336092 2.925552 1.400306 127 130 122
-3.073368 5.028002 1.005505 175 167 154
-3.073368 5.028002 1.005505 175 167 154
0.9344761 2.666878 1.427832 155 161 159
0.4123122 2.877648 1.42119 126 134 133
0.5095519 2.877995 1.382036 135 140 137
0.4779728 2.850302 1.388053 143 149 149
0.2600679 2.800391 1.441735 159 167 167
-0.6333497 3.48039 1.215985 150 150 140
-3.292285 5.166296 0.771796 176 168 158
-0.6999524 3.500851 1.205351 165 165 154
0.2978129 2.7519 1.403119 157 165 166
1.200234 2.568604 1.280638 109 110 100
1.199932 2.570835 1.279743 109 110 100
1.236241 2.528072 1.222704 115 117 106
0.2674959 2.595382 1.376169 140 145 138
1.225375 2.49682 1.180281 116 113 100
0.4962089 2.568297 1.26942 100 98 81
0.5630527 2.588134 1.228856 46 49 42
1.019372 2.19494 1.339086 128 137 134
0.1543886 2.378219 1.370114 164 169 169
0.4036323 2.381458 1.292015 103 102 84
0.7434545 2.034106 1.380992 79 79 64
1.106093 2.111623 1.224164 98 100 91
0.6803163 1.994847 1.417082 81 83 74
0.5775997 1.90291 1.460783 70 70 54
0.8700905 2.055327 1.251371 57 57 46
0.7638391 1.983992 1.307834 56 54 40
0.7638391 1.983992 1.307834 56 54 40
0.5585762 1.868158 1.446673 97 101 96
0.4976631 1.833678 1.478763 152 156 150
0.5664113 1.858529 1.432225 85 86 77
0.637667 1.804279 1.411755 105 106 98
0.4876939 1.776032 1.464179 77 81 72
0.8156039 1.635727 1.423682 86 86 74
0.9121997 1.681261 1.3577 111 112 103
0.6122264 1.55706 1.496879 122 120 106
1.466134 0.8040937 1.962605 96 96 87
0.8017041 1.508254 1.455738 175 182 177
1.469139 1.753092 1.034501 103 105 95
1.024974 1.578881 1.277267 89 90 75
1.253442 1.724506 1.094606 96 94 84
1.100833 1.59519 1.216919 128 133 129
1.235028 1.649036 1.132846 82 82 67
1.356784 1.694734 1.060334 99 103 96
0.5837043 1.443767 1.46728 94 99 91
0.887382 1.468721 1.374112 94 92 72
1.401472 1.673061 1.047421 82 85 73
0.4881859 1.407015 1.488955 134 139 133
1.359569 1.621466 1.042737 93 95 84
0.6067416 1.365075 1.446947 135 137 132
1.342207 1.598248 1.037191 88 89 76
0.9121051 1.457153 1.258697 99 96 82
0.3831547 1.299176 1.533487 96 96 87
0.6203132 1.342621 1.396466 114 111 93
0.3861059 1.235417 1.535333 113 117 110
0.6360171 1.322949 1.379609 114 114 105
0.9454961 1.401763 1.224629 122 121 106
1.351837 1.531467 0.9954019 109 111 99
0.5425866 1.198871 1.497572 89 80 64
0.3277467 1.185318 1.515176 143 148 142
0.7895356 1.285039 1.305495 137 137 127
0.3460074 1.176155 1.503527 173 181 177
0.4794669 1.156885 1.491566 153 160 151
0.7752734 1.278596 1.297361 106 106 96
0.3220463 1.170661 1.502234 173 180 173
0.8591943 1.296025 1.223284 88 83 67
1.25755 1.443899 0.9645326 104 99 83
1.366802 1.470483 0.9069877 109 106 84
0.3235234 1.162944 1.464244 123 126 117
0.1736672 1.162134 1.485388 106 108 97
0.6896824 1.188874 1.312387 102 104 93
0.7991804 1.229331 1.225803 88 84 69
0.5360908 1.102654 1.420727 125 130 121
0.1743753 1.124156 1.468326 111 112 101
0.3999362 1.084034 1.427927 91 89 74
0.6686772 1.139542 1.267721 102 99 84
0.3730426 1.026135 1.439196 141 147 142
1.211467 1.370193 0.846339 123 120 105
0.5621171 1.042177 1.359649 110 111 95
0.6037953 1.092993 1.268043 109 105 88
1.242677 1.367047 0.7721139 86 84 69
0.6784522 1.057928 1.239246 83 82 70
0.8167819 1.081244 1.176831 103 103 88
0.4629334 0.9292309 1.357772 92 97 91
0.1504708 0.9549368 1.380294 153 159 155
0.1504708 0.9549368 1.380294 153 159 155
0.116628 0.9465283 1.384816 143 152 148
0.1361985 0.9447923 1.38322 114 120 114
0.5464658 0.9473874 1.292267 103 101 84
0.6800181 0.9785315 1.19031 127 132 127
0.1416982 0.9198268 1.366487 147 156 159
0.4659958 0.8873003 1.342174 96 94 83
0.2508176 0.8945187 1.324714 140 137 121
0.994758 1.099544 0.8970454 124 125 116
0.4307721 0.8545018 1.330085 156 166 158
0.5247264 0.8753844 1.270833 85 84 66
0.3575338 0.8269022 1.3088 169 175 173
0.5047958 0.8427451 1.247643 132 133 120
1.00438 1.031659 0.8448272 126 130 125
0.5872493 0.9000029 1.098707 141 138 122
0.4430844 0.8162491 1.175864 138 131 110
0.4468867 0.8195769 1.15005 160 158 138
0.4966044 0.830511 1.110658 153 153 144
0.3963211 0.7979789 1.163383 174 173 160
0.9324734 0.9436754 0.8036505 143 140 128
0.1073894 0.7768226 1.195883 174 171 152
1.008003 0.9407852 0.7402745 130 127 116
0.3105524 0.7501481 1.148853 188 192 184
0.2513332 0.7595286 1.140573 186 188 172
0.08451054 0.7363247 1.150393 136 133 114
0.4829 0.7651113 1.032192 60 56 37
0.6495737 0.7836044 0.9720228 166 171 165
0.5785651 0.7728503 0.9944491 189 194 193
0.8611816 0.8610333 0.7932689 119 118 103
0.05420317 0.722261 1.143656 137 135 120
1.084925 0.9511384 0.5943917 120 118 101
0.4937289 0.7632967 0.9825073 80 80 68
0.7792247 0.7972752 0.8140124 55 51 38
0.3187179 0.6691824 1.064514 135 133 118
0.4964867 0.7145055 0.8916319 131 127 111
0.3387086 0.6483141 1.011549 152 154 136
0.4556731 0.6770953 0.8916951 157 157 148
0.4841978 0.6853145 0.8631983 134 133 120
0.7128199 0.7126254 0.7818204 176 177 168
0.7847551 0.7039919 0.7121707 120 117 100
-1.24369 2.28439 -1.967822 163 157 137
-1.24369 2.28439 -1.967822 163 157 137
0.8791345 1.046394 -0.05213768 35 39 25
0.6868998 0.6568666 0.6405243 138 139 124
0.0001895546 0.5698524 0.8025367 149 149 135
-0.1245709 0.5960505 0.7388621 210 212 203
0.498902 0.5911068 0.672209 150 150 140
0.05590456 0.5604081 0.7592721 149 150 142
0.06895351 0.5550755 0.7001044 181 179 164
0.1233782 0.4563732 0.5648267 109 105 89
0.2664207 0.5402326 0.3650195 156 154 142
0.07333902 0.423636 0.6176878 138 141 136
0.1026784 0.4258792 0.5825189 106 103 89
0.1668495 0.4408894 0.3616968 121 119 105
0.743844 3.819776 3.019128 173 172 166
0.2639013 3.763863 3.167796 171 167 161
1.75647 3.938332 2.679039 150 144 131
0.9255566 3.849656 2.941039 141 139 129
0.2492 3.770166 3.155558 153 145 136
0.2846874 3.773634 3.146336 176 173 167
1.537149 3.914133 2.742073 147 142 130
0.4885185 3.798827 3.075538 171 168 162
0.2904935 3.784775 3.123292 173 170 164
0.3217373 3.784941 3.113683 173 167 161
1.899595 3.966809 2.605603 139 131 117
-0.8656436 3.649252 3.493073 196 192 186
2.314514 4.020366 2.450545 133 124 107
1.744062 3.971071 2.612671 154 148 137
0.804715 3.861266 2.913436 146 143 134
0.8246374 3.860104 2.903132 74 71 58
0.8412997 3.866457 2.891984 152 149 142
0.1699215 3.800393 3.099837 143 136 127
0.2928472 3.804688 3.063043 167 162 155
0.2928472 3.804688 3.063043 167 162 155
1.797472 3.986095 2.560553 150 142 130
0.4512588 3.843169 2.983789 139 133 123
0.5493205 3.852317 2.943482 154 150 139
1.860669 4.000143 2.516153 149 141 128
0.4425451 3.857411 2.957582 136 130 117
0.5036359 3.867629 2.932022 156 153 144
0.6265434 3.884399 2.885883 148 145 134
1.334212 3.96437 2.653935 137 131 119
1.726518 4.014263 2.529292 145 139 129
0.09534816 3.830266 3.041853 138 134 124
2.10056 4.052805 2.403273 51 45 30
0.5417832 3.881132 2.894273 128 123 111
0.6901798 3.900434 2.845034 147 143 135
0.498942 3.883891 2.901616 47 43 29
1.978482 4.04292 2.431649 135 126 111
-1.176245 3.678504 3.451523 205 202 196
0.1829698 3.849698 2.994867 170 167 160
0.3852082 3.887156 2.908153 154 151 142
0.5756431 3.904096 2.848405 159 156 147
0.6745396 3.918022 2.811875 144 143 131
0.5055366 3.904302 2.861891 31 31 18
0.6915224 3.919954 2.804682 89 88 74
0.6911377 3.921635 2.803485 89 88 74
1.920882 4.048117 2.413856 144 136 123
1.748822 4.033655 2.455928 132 124 112
1.748822 4.033655 2.455928 132 124 112
0.5929382 3.933042 2.811031 68 68 62
0.3677958 3.896819 2.887075 131 127 114
0.6463412 3.92567 2.794104 155 152 143
2.243213 4.099613 2.286732 133 124 107
1.930429 4.075533 2.364492 139 132 116
1.879142 4.078085 2.367729 137 129 116
1.156315 4.008799 2.58451 56 52 40
0.8660414 3.978233 2.674434 143 140 133
1.731243 4.066295 2.399253 152 148 136
1.979907 4.103767 2.311117 136 129 113
1.978719 4.104985 2.310705 136 129 113
1.959524 4.101712 2.313654 65 57 44
1.959572 4.10288 2.313406 65 57 44
1.093813 4.009994 2.582354 144 141 135
2.298501 4.135701 2.201071 136 124 110
0.676311 3.972361 2.704375 146 145 138
0.3018125 3.926878 2.824854 128 126 118
1.196904 4.03332 2.525988 141 138 131
1.080537 4.030294 2.551789 139 136 128
-0.7421831 3.81467 3.139538 194 191 184
2.020569 4.138467 2.230642 139 131 115
2.181495 4.151853 2.18026 146 136 122
0.698761 4.007156 2.62981 120 119 112
1.063203 4.045379 2.516574 123 119 112
1.084336 4.051782 2.502489 62 60 47
1.103889 4.056756 2.495278 136 132 125
0.6749448 4.010437 2.624042 135 134 130
2.088214 4.171679 2.153275 143 136 123
2.072205 4.172301 2.155049 87 80 55
2.318673 4.197513 2.07282 137 125 111
0.8579003 4.052208 2.518603 107 104 97
2.342676 4.207116 2.049604 131 119 105
1.105382 4.081687 2.433066 126 122 116
1.920376 4.16481 2.17925 130 123 107
1.288003 4.101918 2.371714 112 106 96
-1.106481 3.824682 3.149418 86 75 55
-1.105979 3.823795 3.149228 86 75 55
1.071318 4.092945 2.433215 120 116 110
1.991366 4.178357 2.143042 130 123 107
2.129616 4.206921 2.087404 141 132 117
2.377206 4.225031 2.010871 135 123 109
-1.32782 3.807503 3.198705 196 194 190
2.281301 4.214912 2.031695 148 137 124
-0.6483972 3.916409 2.923493 86 83 69
-0.7464883 3.903695 2.952312 135 131 116
1.047311 4.116475 2.36274 57 55 43
2.23469 4.252356 1.97267 87 77 59
1.192165 4.13983 2.29885 109 105 94
1.206884 4.1496 2.277744 68 65 52
-1.527794 3.827099 3.16711 200 199 193
2.188715 4.274201 1.950625 133 122 105
0.5969505 3.784721 2.539507 121 125 117
0.6134717 3.793815 2.530322 147 152 151
0.6134717 3.793815 2.530322 147 152 151
0.6321592 3.806173 2.517611 122 128 126
-0.6132903 3.955237 2.837043 158 155 148
-1.029769 3.904944 2.9742 197 192 187
2.218957 4.279047 1.921985 138 129 114
-1.116133 3.897172 2.993917 167 162 149
-0.785193 3.93548 2.884785 172 168 157
1.251129 4.176977 2.213591 92 86 73
0.9235367 3.853162 2.399354 121 128 124
1.016066 3.894024 2.348399 134 139 136
-1.126283 3.903373 2.973278 192 190 184
1.315165 4.199415 2.16124 113 108 95
1.314384 4.19699 2.158918 113 108 95
-1.18493 3.911557 2.973403 179 175 166
-1.167662 3.91436 2.961421 180 175 169
2.754562 4.382583 1.675033 144 135 120
0.5920625 3.535062 2.531283 121 127 122
-1.532599 3.892117 3.033642 199 200 193
0.2438074 3.419336 2.65289 132 137 137
-0.6703689 4.003066 2.734767 181 177 166
-0.6697459 4.004046 2.734291 181 177 166
0.08483424 4.098793 2.479809 150 156 156
-1.360108 3.929337 2.949394 130 130 107
2.442356 4.380345 1.707888 133 124 104
1.095591 3.686334 2.266181 112 112 104
2.014555 4.340944 1.8014 139 130 115
0.9058547 3.451967 2.384284 113 120 115
-0.6415045 4.04531 2.644268 197 195 188
-0.6236198 4.052495 2.631078 195 192 185
0.126076 3.388446 2.621804 160 163 155
1.011644 3.494057 2.328782 126 131 127
-1.749337 3.924873 2.989668 190 188 180
0.6184527 3.311487 2.490796 121 127 127
1.129006 3.671345 2.216182 105 107 99
2.614222 4.466173 1.547087 135 124 105
2.091142 4.374591 1.72082 142 133 118
0.8893462 3.393624 2.370445 120 123 118
0.5039814 3.268986 2.518562 116 117 108
0.9937665 3.457596 2.316865 138 144 142
1.717867 4.355079 1.811431 112 105 89
-1.604071 3.96234 2.900248 171 166 157
-1.113101 4.024906 2.730731 201 200 196
0.4641987 3.255196 2.516492 174 179 175
0.5077024 3.242951 2.506071 166 176 177
-1.610374 3.971756 2.880222 197 194 187
1.625365 4.351462 1.820383 64 60 47
0.5640412 3.22748 2.485522 151 157 156
0.7898708 3.243244 2.410271 112 119 112
0.920593 4.298281 2.017217 139 140 133
-1.193049 4.03293 2.714372 187 185 173
0.4329682 3.253093 2.500676 103 108 99
0.4329682 3.253093 2.500676 103 108 99
0.8313482 3.236472 2.38465 106 110 104
1.411017 4.34279 1.845724 96 85 65
1.59026 4.370121 1.77957 117 109 89
0.9419858 4.328418 1.971485 118 121 115
1.404883 4.359302 1.824144 56 49 31
-0.7727488 4.106961 2.522909 156 152 143
0.6546903 3.161341 2.417335 133 142 138
1.617638 4.401471 1.708828 91 83 64
0.6679887 3.150676 2.403263 178 186 187
0.9048147 3.133817 2.342023 143 149 149
0.8866463 4.358206 1.908662 134 136 134
1.625845 4.41536 1.683548 115 106 86
1.727851 4.452404 1.63121 96 86 69
-1.511014 4.056713 2.696828 204 202 198
0.8020709 3.093936 2.360407 114 118 110
0.8335291 3.066855 2.339212 160 163 157
0.9752697 3.067471 2.295318 116 121 119
1.070563 3.095613 2.258421 112 117 111
1.051037 3.061337 2.262052 135 140 139
1.218569 3.141181 2.186417 128 132 125
0.9859611 3.042967 2.284992 135 142 139
1.008114 3.034334 2.271535 137 142 139
1.241327 3.117625 2.172549 135 139 133
2.647483 4.611149 1.232137 144 132 113
0.07287636 3.326931 2.411977 147 152 143
2.679806 4.603029 1.216009 126 115 95
1.012624 3.016477 2.258784 110 115 105
0.6698916 3.091317 2.31924 199 205 206
1.218634 3.067283 2.173355 105 109 98
0.9445956 3.019011 2.266644 155 163 155
1.241231 3.07862 2.161959 101 104 90
0.904709 3.025033 2.272572 170 176 171
0.8493533 3.039557 2.282723 115 116 100
0.8494981 3.039487 2.282578 115 116 100
1.23282 3.04828 2.157843 122 126 119
1.17321 3.026713 2.180826 147 150 148
-1.284516 4.166787 2.442585 189 186 177
0.9263723 3.01869 2.238433 139 145 132
0.9343963 3.007678 2.21286 145 146 131
1.307572 3.026971 2.096874 107 112 98
0.7706738 3.039649 2.227386 192 197 197
0.7227973 3.057355 2.230481 195 201 201
0.8462238 3.019988 2.198796 179 184 183
0.7335071 3.047361 2.217521 179 184 183
0.8845877 3.011469 2.169985 135 137 126
0.883945 3.011066 2.170128 135 137 126
0.3906236 3.10035 2.268668 143 151 149
0.5900578 3.082149 2.21042 164 173 173
1.014122 2.995612 2.127157 158 163 159
0.9130448 2.999918 2.146677 182 187 184
0.978188 2.985904 2.123496 139 143 134
0.2077097 3.155655 2.267994 165 171 169
1.047383 2.994217 2.096161 159 164 158
0.5991212 3.053603 2.180527 146 149 141
0.5985227 3.054014 2.180091 146 149 141
0.3706412 3.077895 2.229644 151 152 143
0.8633704 3.001265 2.118237 159 169 166
0.4140957 3.086043 2.208917 104 104 93
0.9445509 2.99022 2.089947 158 162 156
0.6791465 3.029675 2.145347 175 183 184
0.9847116 2.977192 2.071322 167 172 168
1.002927 2.971163 2.068119 142 146 140
0.4149167 3.079283 2.181772 151 151 141
1.33714 3.021577 1.951078 128 127 107
1.090825 2.981371 2.030656 159 164 159
-2.113809 4.219372 2.407535 196 192 186
0.9137739 2.982079 2.071869 104 105 89
0.9116461 2.986793 2.069684 104 105 89
1.052034 2.965491 2.012004 155 160 156
1.182612 2.989349 1.956145 152 156 151
-0.01032262 3.228275 2.146626 144 142 128
1.069803 2.962292 1.965901 158 163 159
0.888027 2.954233 2.014395 165 172 172
0.7380784 2.972306 2.043613 199 204 202
1.039894 2.958565 1.945858 145 150 143
0.4458495 3.085347 2.038173 158 161 152
1.065445 2.936521 1.931667 140 144 135
0.9827563 2.938488 1.945946 147 151 144
1.07722 2.950577 1.911523 157 161 154
0.6420469 3.023591 1.987189 158 160 151
0.9444481 2.92939 1.936397 143 145 137
1.331783 3.030817 1.786765 142 144 135
1.332697 3.032746 1.78756 142 144 135
0.6013235 3.020202 1.98095 168 177 176
1.195057 4.793896 1.003808 106 104 89
0.3501972 3.070416 2.02056 166 176 173
0.7477103 4.720137 1.136312 164 165 158
1.265514 3.001945 1.799487 135 137 125
-0.2088319 3.289494 2.056611 127 127 116
1.038291 2.947619 1.876581 115 114 96
1.053047 2.946526 1.872525 154 156 145
0.5386843 3.015581 1.970513 159 167 167
0.573347 3.007114 1.964526 153 161 161
0.5541202 3.008898 1.962728 181 189 189
1.189163 2.965788 1.813588 137 139 128
1.335528 3.028537 1.7391 137 139 127
0.876639 2.966857 1.880201 158 160 151
1.178902 2.978263 1.773305 150 150 138
1.102236 2.979135 1.792112 134 130 116
0.8143106 2.961586 1.872118 180 185 181
0.6471539 2.97315 1.90603 147 153 151
1.256541 2.997033 1.735117 140 141 129
1.160702 2.979036 1.752815 125 121 104
0.6739323 2.959188 1.892463 174 180 176
2.404811 5.036071 0.4125971 143 133 114
0.7456867 2.954882 1.866496 168 172 168
1.053899 2.960911 1.782283 141 139 126
1.256524 3.002979 1.708828 151 147 133
0.02836577 3.297523 1.893609 155 155 142
0.9929311 2.949143 1.798497 160 162 154
0.9937786 2.947125 1.800828 160 162 154
1.274568 3.008225 1.697156 110 105 89
1.146787 2.986017 1.733368 146 144 128
0.8426203 2.93177 1.826113 165 171 171
1.07602 2.959899 1.749755 91 87 73
1.077734 2.959013 1.752292 91 87 73
1.136823 2.974166 1.725111 136 134 120
0.771982 2.93312 1.838647 117 118 110
0.7689558 2.93796 1.836231 117 118 110
0.8214281 2.933621 1.822554 147 155 155
0.8836573 2.925171 1.799203 168 174 174
0.8852096 2.922272 1.801371 168 174 174
1.308326 2.974741 1.654494 121 123 114
1.965216 4.998757 0.4509766 134 124 101
1.06647 2.933544 1.721986 140 141 133
1.258147 2.961028 1.646758 175 180 178
1.043533 2.927323 1.718619 116 115 103
0.09379741 4.820411 0.996761 163 167 160
-0.3934157 3.364273 1.868681 129 128 113
0.939921 2.906961 1.736105 159 160 151
1.053127 2.926734 1.691003 139 139 131
-0.03087047 3.295034 1.761313 184 191 182
1.022605 2.929328 1.653647 113 111 97
0.4095818 3.173307 1.678254 167 170 161
1.308312 2.888437 1.589636 134 140 138
0.1224006 4.895835 0.8172121 159 160 152
1.247553 2.889601 1.581572 113 115 107
-1.280634 4.712674 1.26932 194 197 181
1.15446 2.923772 1.576572 168 169 159
1.203268 2.890238 1.578584 152 159 154
1.116697 2.901708 1.565875 164 169 165
1.262868 2.848935 1.551677 126 134 127
0.3864611 3.151994 1.615824 160 170 170
0.4357564 3.137249 1.598305 157 163 163
1.084165 2.894943 1.561221 143 149 145
0.4987345 3.125708 1.57843 143 149 144
0.4975928 3.127874 1.576241 143 149 144
1.137333 2.859002 1.543801 147 151 145
1.101274 2.868486 1.545734 139 144 136
1.276071 2.823047 1.527247 87 89 77
0.4908964 3.113163 1.564294 166 172 170
0.2862929 3.165746 1.584751 167 176 173
1.300416 2.807442 1.515569 118 125 116
0.6246917 3.108171 1.519482 127 132 128
0.4863665 3.109666 1.543996 151 157 155
1.252733 2.816133 1.502885 128 133 127
0.2952692 3.131313 1.566509 162 172 172
1.327031 2.801152 1.473872 127 134 124
0.3281907 3.111082 1.555776 152 162 162
1.137399 2.81856 1.502159 177 183 183
1.135762 2.824056 1.497563 177 183 183
1.229233 2.799835 1.482447 122 123 112
0.4322487 3.068144 1.523128 168 177 176
0.8130186 2.839357 1.551167 133 140 135
1.021327 2.835859 1.489656 122 120 102
1.181219 2.788916 1.477844 155 158 155
0.4558534 3.062068 1.502715 145 153 153
0.3633765 3.059498 1.519437 146 156 154
0.4434482 3.046952 1.499512 163 175 178
-0.3972721 3.468571 1.47117 156 160 146
0.2517304 3.07335 1.533811 174 186 190
0.3437013 3.05889 1.510402 163 172 175
0.8216012 2.827547 1.516088 154 161 156
0.1163996 3.088597 1.539411 128 140 134
0.1147809 3.092094 1.536533 128 140 134
0.4553704 3.032604 1.48237 160 170 172
0.9651935 2.776077 1.50276 130 131 123
0.4368439 3.026783 1.483171 137 146 146
0.489862 2.993931 1.466252 159 169 171
0.4683202 2.995059 1.465511 130 136 134
0.4659479 2.999795 1.463506 130 136 134
0.4547332 2.984751 1.460138 162 174 180
0.9425851 2.703105 1.494862 99 101 90
0.3348315 2.978459 1.48234 135 145 144
0.3348315 2.978459 1.48234 135 145 144
0.4394303 2.966721 1.45228 143 151 153
0.3465073 2.970471 1.466356 163 173 176
0.5393603 2.966417 1.417601 111 115 107
0.4934169 2.947676 1.428608 151 159 160
0.5565606 2.957546 1.405267 142 146 141
0.4758118 2.943247 1.418422 134 141 138
0.125898 2.951152 1.497393 147 158 157
1.002558 2.649975 1.441649 159 167 161
0.2081744 2.875632 1.47178 138 145 140
1.220076 2.756842 1.27269 108 106 91
0.1621375 2.848542 1.466694 167 176 179
0.2272511 2.832767 1.453424 133 143 142
0.2272511 2.832767 1.453424 133 143 142
0.2752738 2.830914 1.438918 136 145 144
0.3411899 2.822527 1.423182 135 145 145
1.041904 2.60619 1.3761 140 146 144
1.028416 2.599716 1.379868 118 124 115
0.09487747 2.81831 1.465419 175 184 186
0.1050427 2.79287 1.454958 140 152 152
0.3436455 2.766567 1.409445 159 167 168
1.028479 2.563871 1.355689 119 126 119
0.1375394 2.761522 1.445729 140 149 150
0.2334269 2.736927 1.427904 131 141 141
0.9379989 2.582795 1.350389 139 144 134
0.9091982 2.582371 1.355905 72 75 61
0.4152972 2.735405 1.374689 150 156 157
0.3230161 2.705867 1.389396 141 147 145
0.3230161 2.705867 1.389396 141 147 145
1.120783 2.515363 1.31586 94 97 89
1.070151 2.52207 1.316831 88 88 69
1.177675 1.375687 2.071802 88 88 69
0.5003402 2.72723 1.317472 93 98 86
0.4875378 2.708814 1.317393 133 138 136
0.2525555 2.613898 1.389519 111 117 110
1.241059 2.499489 1.207315 96 96 84
0.3238946 2.529618 1.340265 125 129 123
0.3825158 2.535474 1.323349 127 132 128
0.3708443 2.514196 1.324265 143 147 143
0.2089787 2.474752 1.378023 133 141 138
0.4648337 2.529517 1.270034 103 103 86
0.9966552 2.202033 1.335366 103 111 103
1.013612 2.187458 1.320689 100 107 102
0.1921928 2.34451 1.354985 141 147 144
0.7106965 2.016431 1.414555 106 111 105
0.9994698 2.134261 1.228058 132 137 129
1.120475 2.106441 1.21659 125 129 123
0.7516161 2.019932 1.367383 98 102 93
0.7938216 2.027738 1.325947 95 96 86
0.9452984 2.077944 1.242521 74 77 65
1.088139 2.094768 1.188623 91 93 82
0.6105738 1.9184 1.421245 82 84 74
0.6415586 1.949262 1.385259 106 107 96
0.682439 1.928941 1.359106 67 63 45
0.6462901 1.839717 1.402183 80 80 69
0.7123257 1.612156 1.463778 131 129 117
0.5880216 1.541421 1.505835 116 112 99
1.372137 0.7887632 1.976273 113 118 110
0.9636915 1.577756 1.320049 94 95 88
1.142095 1.658255 1.188515 110 110 100
0.1385175 1.544258 1.514156 99 97 83
0.8364105 1.460932 1.436509 119 95 73
1.428336 1.711897 1.034236 106 108 100
0.8628781 1.458309 1.39391 105 102 88
0.4900864 1.424859 1.498384 138 143 139
0.5893305 1.345945 1.557281 138 143 139
0.7612742 1.457004 1.402992 100 102 94
0.4575407 1.405239 1.507502 145 153 148
1.209081 1.617216 1.129393 97 102 92
0.4740861 1.4055 1.497077 77 79 70
0.4142229 1.387312 1.499969 113 111 97
0.5909268 1.369503 1.455176 44 45 40
0.4910199 1.367562 1.470851 118 117 105
0.5631753 1.349266 1.454951 74 75 68
1.004564 1.447153 1.253111 85 85 73
1.051672 1.44975 1.225824 113 114 105
0.6648824 1.366816 1.391594 121 119 107
0.771104 1.370998 1.334238 110 107 92
0.6644198 1.353306 1.374045 93 92 79
0.7603908 1.350903 1.33999 91 88 69
1.004285 1.406957 1.2219 127 125 116
0.6229113 1.321194 1.386531 85 85 75
0.4358836 1.233102 1.514233 156 158 145
0.3974149 1.219459 1.5296 157 161 156
0.4079636 1.221999 1.523753 93 96 88
0.4090989 1.220042 1.524065 93 96 88
0.3552143 1.2124 1.537372 136 142 133
0.2874818 1.212997 1.54595 142 149 142
1.474868 1.565764 0.9038083 122 123 117
1.472858 1.554229 0.8932084 91 84 69
0.8609751 1.31001 1.284705 90 88 70
1.381848 1.512364 0.9412105 126 126 113
1.356641 1.510696 0.9367508 112 109 95
0.9754751 1.365089 1.172807 92 90 76
1.450959 1.521766 0.892059 110 109 94
0.2951884 1.172877 1.497925 109 109 100
1.449824 1.522924 0.8620455 122 121 110
0.7152844 1.25774 1.300206 81 80 66
0.3796146 1.162923 1.467346 168 174 164
0.2950026 1.162135 1.47786 160 165 153
0.46806 1.13406 1.463171 182 188 183
1.098628 1.325612 1.106805 96 91 74
0.8220156 1.279476 1.204827 84 79 61
0.7522852 1.212182 1.286128 149 149 137
0.7706187 1.209831 1.284625 67 69 57
0.4929909 1.115635 1.442206 176 183 174
0.7908164 1.218621 1.257445 85 83 67
0.1482442 1.127321 1.485553 155 160 158
0.5844034 1.123374 1.397737 95 95 78
1.17196 1.376619 0.9545624 96 95 80
0.3790476 1.073604 1.444911 84 81 66
0.5220435 1.076496 1.403932 132 137 131
0.7938827 1.162478 1.244343 127 125 110
0.1716751 1.086386 1.457779 86 91 87
0.1716751 1.086386 1.457779 86 91 87
0.5018438 1.07107 1.408908 171 177 172
0.5264474 1.053238 1.395552 114 118 110
0.3841794 1.035761 1.44118 77 76 64
0.619911 1.128775 1.284186 114 110 91
0.4963998 1.053409 1.394885 130 134 127
0.4822349 1.048495 1.398954 172 177 175
0.7874883 1.137145 1.218696 116 113 98
0.6643195 1.117663 1.261529 141 144 134
0.6643195 1.117663 1.261529 141 144 134
0.5647069 1.045426 1.362321 110 111 95
0.7049125 1.116463 1.226039 132 128 112
1.360953 1.426008 0.7170238 127 125 110
0.4024701 1.009748 1.409244 121 121 112
0.6395459 1.101321 1.254145 122 123 108
1.325579 1.405658 0.7329317 124 122 105
0.7356406 1.102505 1.220117 97 93 78
0.8776248 1.100176 1.182496 138 140 129
0.8989922 1.112231 1.160854 85 82 69
0.3351932 0.9742247 1.435169 160 167 159
0.6815193 1.075247 1.240124 113 111 98
0.8979139 1.078325 1.158733 83 83 67
0.5984031 1.034012 1.259568 111 109 95
0.8111062 1.066673 1.174762 132 138 129
0.9331812 1.078117 1.137723 120 121 106
0.3938589 0.9633296 1.376177 156 160 151
0.5251075 0.9641623 1.340697 87 87 79
0.3475626 0.935721 1.408879 163 168 162
0.9869027 1.083407 1.095104 71 64 49
0.5133572 0.9561235 1.342928 136 143 139
0.8244328 1.048643 1.156834 155 157 148
0.3292162 0.9274343 1.407816 161 165 158
0.5457388 0.9662426 1.31257 104 100 85
0.3290042 0.925856 1.388669 129 124 111
0.7970108 1.034774 1.146994 38 38 28
0.8124126 1.020465 1.130418 153 155 143
0.6474716 0.9774392 1.216235 133 134 127
0.7851344 1.013365 1.136314 124 126 113
0.2457066 0.9132881 1.340802 180 182 172
0.2213993 0.9096859 1.345578 149 151 143
1.014716 1.133461 0.8861558 118 116 100
1.017588 1.132235 0.88975 118 116 100
0.4950498 0.8791419 1.32339 96 92 80
0.4845321 0.872898 1.327535 157 161 155
0.651175 0.9417456 1.181768 107 105 91
0.6643579 0.9439124 1.173874 136 134 121
0.2223914 0.8721934 1.324574 166 170 164
0.845669 0.985216 1.053596 94 92 77
0.2329096 0.8582715 1.309217 154 154 145
0.9803125 1.062664 0.8801774 121 124 112
0.2199299 0.8491811 1.306023 111 112 103
1.034413 1.080319 0.8332587 120 116 103
0.9273871 1.022239 0.9325947 59 55 36
0.9564809 1.042574 0.8866071 121 121 110
0.897877 0.9896998 0.9615126 125 127 115
0.2014862 0.8315139 1.307456 168 173 164
0.5818172 0.9180666 1.112999 149 146 126
0.1860085 0.8294857 1.302298 125 118 103
0.9763935 1.025186 0.8605823 95 95 84
1.017539 1.028483 0.8283491 94 91 77
0.852702 0.9265665 0.9862117 101 96 80
1.122798 1.057307 0.7448745 56 56 42
1.113372 1.045916 0.7441674 112 114 105
1.028459 1.01916 0.7894273 113 109 93
0.3432829 0.7989849 1.209696 182 184 172
1.009212 0.9915229 0.808529 31 31 23
1.005423 0.9987112 0.8013451 31 31 23
1.083018 1.023558 0.7387139 117 118 111
0.8168346 0.8899956 0.9672044 169 170 163
0.9366764 0.9663789 0.8253406 138 138 130
0.611225 0.8436441 1.053747 149 152 143
0.4638672 0.8078727 1.108972 144 144 134
0.711772 0.8519728 0.9919546 119 124 116
0.6814865 0.8437473 1.006067 157 158 144
0.3281569 0.770967 1.174163 170 172 162
0.4651347 0.7994087 1.096413 129 131 122
0.5135047 0.8107702 1.044495 124 121 106
0.7129801 0.8289285 0.9695498 147 150 142
0.09094497 0.7570533 1.162577 137 134 115
0.2959312 0.7439694 1.148651 148 153 143
0.35462 0.7532724 1.115283 101 95 75
0.3080257 0.732002 1.140532 175 182 176
0.9912083 0.916971 0.7176154 133 131 121
0.3698164 0.7356881 1.082694 144 145 130
0.9355015 0.890441 0.7204842 156 156 146
0.3421798 0.7094812 1.103667 61 61 51
1.035767 0.9147474 0.6208817 109 106 89
0.9295803 0.8761163 0.6912609 131 128 112
0.9966279 0.8857092 0.6415259 133 132 120
0.8964838 1.018537 0.4211456 151 151 139
0.9097582 0.8519959 0.6650247 128 122 104
0.9844956 0.8654035 0.6150005 116 112 94
0.4946133 0.7268881 0.9129165 138 135 120
1.00422 0.8743545 0.5777684 141 139 125
0.07810141 0.6764394 1.052101 142 142 130
0.4451919 0.7030767 0.9450227 34 33 25
0.909388 0.8393211 0.6276594 148 145 132
0.315998 0.6513708 1.023864 155 158 142
0.6256446 0.6969997 0.8811073 112 114 103
0.2752424 0.6419656 1.014305 184 189 182
0.2774778 0.6383286 1.018463 184 189 182
0.08259084 0.6506369 1.018 174 178 170
0.2973789 0.6333259 0.9808872 167 171 158
0.5196781 0.6809647 0.8060537 146 142 128
0.4355412 0.6473474 0.8466294 77 75 61
0.5198669 0.6669182 0.7907251 125 124 112
0.691742 0.6814272 0.7473292 136 134 120
-0.929012 1.91642 -1.277342 194 190 173
0.9147959 0.8417688 0.3772378 106 102 87
0.9147959 0.8417688 0.3772378 106 102 87
0.2424411 0.6192343 0.8672909 150 144 128
0.2901765 0.626434 0.8257948 125 120 104
0.4829851 0.6310734 0.7755086 155 153 142
-0.009266991 0.5912908 0.8526805 140 144 138
0.234022 0.5856455 0.790161 86 78 64
0.3159453 0.5883886 0.7615882 171 171 159
0.006904931 0.580133 0.8150824 184 184 174
0.3387125 0.5907614 0.7406312 91 88 79
0.3387125 0.5907614 0.7406312 91 88 79
0.7807381 0.7407146 0.3707078 153 151 139
0.3457155 0.5779466 0.731784 176 174 161
0.5703675 0.6276016 0.5563234 164 164 152
0.3294109 0.5548233 0.7174258 137 137 128
0.1093615 0.5243102 0.6197754 148 146 132
0.07623375 0.5027558 0.6271621 89 91 80
0.07900998 0.4980232 0.6124952 118 120 110
0.09358854 0.4635872 0.605191 110 110 96
0.1336483 0.4786245 0.5567083 110 107 90
0.1984566 0.4453718 0.5713031 116 115 102
0.06294692 0.4067208 0.6326572 158 162 157
0.05198706 0.3995597 0.6383546 113 118 113
0.04616305 0.4039818 0.6299127 113 118 113
0.07923631 0.4093704 0.6088018 99 101 95
0.08247489 0.4064324 0.6134467 99 101 95
0.09396643 0.4026292 0.5940081 120 118 101
0.1920778 0.5027919 0.3492998 130 128 114
0.1056166 0.3917206 0.5924402 137 138 130
0.1629906 0.4861284 0.3587663 109 111 95
0.173974 0.4837137 0.3520353 93 94 81
0.2115906 0.4892855 0.3250009 113 111 97
0.2115906 0.4892855 0.3250009 113 111 97
0.06240341 0.3707453 0.6049654 118 123 116
0.2794704 0.4625501 0.2375223 75 69 48
0.2062324 0.4018869 0.3342726 112 114 103
0.1950875 0.3890693 0.3455412 105 109 101
0.226864 0.3569823 0.3343364 164 170 164
2.298693 3.981773 2.532805 134 123 103
1.515103 3.897366 2.76464 151 146 135
1.904778 3.953639 2.623301 52 44 28
1.549764 3.921902 2.729618 58 49 29
0.5484695 3.804193 3.046381 90 83 64
0.8254989 3.847806 2.940168 156 153 144
2.118765 3.996345 2.515929 96 84 65
1.151 3.893647 2.817533 151 147 138
0.8202577 3.870705 2.887927 154 151 144
-1.248453 3.629526 3.559724 208 207 199
1.623515 3.968619 2.619725 154 148 138
1.476293 3.958517 2.661135 94 84 65
0.3224118 3.827018 3.028134 136 131 117
0.5742501 3.858155 2.941653 136 132 121
1.477824 3.971649 2.64576 174 170 163
0.3898637 3.844454 2.982892 129 125 112
0.7701375 3.886947 2.862291 86 87 72
0.5728885 3.855023 2.920842 148 144 135
1.269928 3.952567 2.691746 82 78 67
1.272907 3.945978 2.693188 82 78 67
0.3432289 3.849978 2.982138 134 130 117
0.9408649 3.921657 2.782679 128 126 118
2.282106 4.064262 2.352469 139 129 111
0.4795395 3.880476 2.905963 139 135 126
1.558854 4.002331 2.56063 74 69 51
0.5529128 3.891209 2.876549 100 96 81
2.350253 4.091013 2.294444 135 125 107
0.4912811 3.895365 2.874774 149 145 137
0.8015596 3.934041 2.763098 100 99 89
-1.074698 3.714934 3.373968 196 195 189
0.5053514 3.913285 2.843915 149 146 139
-1.284731 3.689758 3.435568 201 200 198
2.32529 4.105122 2.267045 146 134 120
-0.9828157 3.7377 3.325589 193 191 184
1.937645 4.069337 2.37974 103 96 80
1.937645 4.069337 2.37974 103 96 80
2.025814 4.078672 2.350673 136 129 113
0.485734 3.917129 2.825769 122 119 105
1.845862 2.042579 2.830048 127 118 102
1.1677 4.009591 2.597466 144 140 134
2.065621 4.093531 2.314223 135 128 112
1.559072 4.045828 2.466726 71 68 53
0.5680275 3.939942 2.776144 96 95 82
0.5711417 3.931794 2.777541 96 95 82
0.5836501 3.945066 2.763141 148 147 142
1.512936 4.046334 2.465842 102 97 84
1.073603 4.000491 2.603271 143 143 137
1.553894 4.051564 2.451029 144 139 129
1.92428 4.096096 2.328949 139 132 115
1.156672 4.0162 2.569243 142 142 138
1.338228 4.031645 2.509845 132 128 120
1.338097 4.032396 2.509772 132 128 120
0.9195668 3.991639 2.640863 71 69 58
1.471065 4.048792 2.46699 101 96 84
0.5795476 3.954724 2.744695 129 125 115
1.052482 4.003021 2.590934 126 124 118
-1.213369 3.737267 3.328675 202 198 192
1.2487 4.030419 2.523366 122 118 109
2.042724 4.120365 2.271419 133 126 109
-0.8409714 3.791138 3.20033 157 158 151
0.9904487 4.000351 2.602348 124 123 115
1.995661 4.11043 2.280381 142 134 119
0.8110991 3.989442 2.643408 139 136 128
-1.436018 3.723813 3.381243 169 163 153
1.44664 4.066952 2.430864 110 106 93
1.064648 4.02998 2.545868 66 64 56
1.40772 4.067743 2.434549 115 111 99
0.6850248 3.98906 2.663878 141 140 134
-0.9842974 3.793874 3.207643 200 197 190
2.004021 4.139301 2.23859 72 64 46
2.00414 4.135176 2.239481 72 64 46
0.5754275 3.980587 2.68699 138 137 133
2.079766 4.145492 2.203925 122 114 96
0.933298 4.027876 2.559129 89 86 77
1.354654 4.070861 2.426035 119 115 103
1.975293 4.162276 2.213947 142 134 121
2.184399 4.165239 2.148959 142 133 118
1.857064 4.14057 2.247048 147 143 130
2.322353 4.180682 2.103615 136 124 109
2.068566 4.158304 2.17749 136 127 112
2.295031 4.186917 2.097035 138 126 111
-1.058551 3.807029 3.178674 168 164 153
1.853077 4.142959 2.231162 102 97 78
2.346519 4.191043 2.076333 132 120 106
1.375004 4.098155 2.37217 132 128 119
2.145766 4.177402 2.13158 147 140 126
2.060439 4.174969 2.152386 138 130 114
1.22126 4.086844 2.416029 117 114 107
-0.2973491 3.907211 2.906536 155 152 141
1.339475 4.097047 2.374871 95 90 77
1.339475 4.097047 2.374871 95 90 77
0.9390358 4.062573 2.4961 118 115 108
-1.311298 3.789331 3.232251 177 171 161
1.884375 4.163813 2.187069 78 74 58
1.013077 4.072861 2.459604 96 93 82
1.052482 4.079021 2.443768 75 73 61
1.052561 4.078683 2.444201 75 73 61
2.107028 4.182765 2.112686 143 136 120
-1.025241 3.831434 3.122695 137 132 113
1.119322 4.089192 2.418387 76 73 65
0.715095 4.052937 2.539953 94 91 84
-0.9610381 3.846798 3.088077 188 184 177
-0.2746242 3.930298 2.861961 141 139 126
1.578128 4.139981 2.263163 143 139 128
-0.9979742 3.839601 3.102217 171 165 157
1.286592 4.109826 2.354924 128 125 116
0.9671128 4.086031 2.449801 120 117 110
2.26618 4.219981 2.035345 82 75 55
2.117128 4.205711 2.075886 106 96 73
2.117128 4.205711 2.075886 106 96 73
2.399058 4.246013 1.979617 129 120 105
2.244324 4.240089 2.020873 127 118 101
1.696099 4.171441 2.185507 104 99 89
2.379251 4.246452 1.967993 128 118 103
0.5461521 3.918743 2.579035 124 128 122
2.023018 4.208119 2.076659 145 140 126
2.25556 4.240363 2.003117 133 124 109
-0.9911106 3.866019 3.048986 154 150 136
2.518008 4.278912 1.905508 132 121 102
1.189233 4.129723 2.316766 104 100 91
2.036226 4.222068 2.0492 147 139 127
2.242469 4.24674 1.984166 132 121 106
2.409996 4.259995 1.935021 110 100 82
1.134481 4.126555 2.332394 108 104 94
-0.4009915 3.94934 2.829343 146 143 132
1.163123 4.137015 2.318337 111 109 101
2.346098 4.255137 1.948135 126 115 98
-1.281665 3.843635 3.119878 174 170 160
-1.167904 3.856806 3.081163 174 170 159
2.06277 4.228033 2.033498 142 134 120
2.172299 4.24628 1.98838 87 79 57
-1.256441 3.85854 3.093144 177 173 164
-0.8411381 3.909938 2.949894 173 168 159
0.6724826 3.853505 2.514809 135 144 143
1.840312 4.21422 2.079138 143 138 125
2.238686 4.257566 1.955664 141 129 115
0.4946938 3.76503 2.588989 119 124 117
2.119223 4.264136 1.983122 140 132 118
-0.4871027 3.954591 2.817179 173 169 159
-1.517077 3.83371 3.15711 202 202 198
-1.072744 3.89174 3.002214 155 147 127
1.556731 4.200018 2.143101 91 87 71
-1.166567 3.882353 3.026286 196 193 186
-1.061188 3.900615 2.985402 176 168 151
2.314184 4.282573 1.892364 131 120 103
1.177917 4.168175 2.24679 90 87 78
2.598976 4.322184 1.797798 125 114 95
-0.5681648 3.972595 2.806877 139 138 120
-1.190871 3.891332 3.010242 168 163 152
1.610308 4.217476 2.097544 116 111 99
-0.5239671 3.973199 2.784851 165 163 153
2.345613 4.302197 1.847527 123 111 98
2.310693 4.304085 1.852366 119 110 97
-1.005765 3.925418 2.924051 160 156 142
2.386602 4.328816 1.813194 109 100 85
-0.8967151 3.956856 2.849156 160 154 144
-0.8966748 3.956772 2.849566 160 154 144
-1.100036 3.936214 2.907765 181 176 170
-0.683116 3.988907 2.766235 158 155 141
2.359002 4.334939 1.784513 130 120 106
-1.515536 3.895135 3.034027 176 174 161
-1.078456 3.94857 2.882923 150 146 137
-1.078379 3.948659 2.882551 150 146 137
1.421076 4.237692 2.068068 105 100 86
1.706226 4.271228 1.9732 108 102 88
2.264202 4.337511 1.785477 132 123 106
0.5058782 3.414344 2.558714 150 156 156
1.37257 4.24575 2.055651 106 98 85
1.372244 4.246703 2.055341 106 98 85
-1.242355 3.943956 2.908469 166 166 158
0.6806421 3.451086 2.485117 122 128 124
2.163023 4.341494 1.786621 119 107 89
2.27843 4.357456 1.744739 132 121 102
2.142787 4.34941 1.773903 119 108 91
2.142787 4.34941 1.773903 119 108 91
1.962798 4.341259 1.813396 136 129 113
-1.800858 3.908376 3.020872 195 191 185
0.4274432 3.301039 2.556045 156 161 155
0.4403361 4.196481 2.266105 125 131 131
-1.437791 3.958965 2.890624 176 173 163
-1.442397 3.964061 2.875395 201 200 195
1.576502 4.319352 1.883409 103 97 80
-1.805362 3.963324 2.910164 189 188 182
1.673351 4.371801 1.761485 98 91 75
-1.90278 3.961804 2.918936 197 193 189
0.779504 3.150174 2.390897 131 136 135
-1.9033 3.976755 2.887204 177 174 164
0.8142541 3.117572 2.37098 107 113 104
0.5356674 3.176339 2.410409 180 190 191
0.5355701 3.176518 2.410909 180 190 191
-1.454739 4.066882 2.666728 188 184 179
0.7539186 3.092684 2.372146 148 157 156
1.813496 4.454849 1.587137 125 115 99
-0.9270514 4.146177 2.458592 199 198 191
1.046057 3.089165 2.266624 120 124 119
0.8342878 3.05593 2.322058 122 123 109
0.9349633 3.018137 2.288489 144 152 140
0.8427231 3.044674 2.301522 134 131 116
1.0302 3.020432 2.256442 137 142 139
1.075812 3.019544 2.230256 158 166 169
2.520801 4.604037 1.224643 142 134 114
1.126968 3.012531 2.200128 108 112 101
1.543959 3.28801 1.955721 108 106 92
1.293216 3.020733 2.109003 137 141 133
1.177796 2.993736 2.14884 130 136 123
1.28214 3.014232 2.107635 109 114 98
1.348721 3.024663 2.071533 101 103 89
1.328034 3.012533 2.08046 98 101 85
1.048312 2.994124 2.157981 135 136 121
1.335272 3.006468 2.063577 97 99 80
-0.4746968 4.333716 2.040909 187 191 178
1.025954 3.000345 2.137972 143 146 136
-2.165967 4.130845 2.591567 167 163 155
0.7497216 4.515883 1.59547 115 117 103
0.9262432 3.003106 2.13189 134 136 126
0.5809162 3.050599 2.171904 166 172 172
1.036415 2.984834 2.070379 154 157 153
1.473994 3.125719 1.885116 89 80 53
2.324225 4.736993 0.9859958 154 143 124
0.9349623 2.979094 2.050484 129 128 113
1.026087 2.960034 2.013655 159 167 162
0.7910327 2.978154 2.061943 173 178 178
0.8911471 2.96803 2.042688 155 162 159
1.061564 2.962255 1.996854 91 94 78
1.062077 2.964291 1.997473 91 94 78
1.155506 2.981415 1.959216 144 148 143
1.02832 2.958103 1.997734 139 143 134
1.253528 2.998465 1.883528 135 136 125
1.265512 3.007892 1.875224 120 120 106
1.007732 2.930794 1.910985 125 127 118
1.084778 2.943169 1.887136 151 154 146
1.24045 2.989657 1.820944 126 127 114
0.9934169 2.928253 1.911909 161 162 157
1.00367 2.932842 1.89218 160 164 158
1.219548 2.981478 1.801542 117 115 100
1.100639 2.953982 1.840467 117 115 101
0.2996017 3.077293 1.990231 170 175 166
1.387517 3.066422 1.701112 86 82 61
1.211932 2.977839 1.784949 135 135 125
1.29797 3.017705 1.737597 126 126 114
1.393561 3.066372 1.684469 131 130 118
0.8359819 2.955297 1.869818 154 158 151
1.22754 2.985707 1.744663 141 139 124
0.3656895 4.741437 1.123557 146 152 144
1.192198 2.98503 1.742354 106 100 82
1.412055 3.042225 1.65026 125 125 112
1.007539 2.947968 1.799009 157 159 150
1.326516 3.020543 1.668498 148 147 135
1.034086 2.9482 1.781486 120 118 104
0.8165326 2.943759 1.837867 168 174 172
1.063412 2.956081 1.766036 132 128 117
0.7463568 2.937567 1.8136 143 146 139
0.9824226 2.927447 1.753385 155 159 153
1.159906 2.958553 1.669962 142 143 134
0.9516703 2.908623 1.750952 131 132 125
1.079255 2.935988 1.696172 127 127 117
-0.3376251 3.385029 1.839134 106 107 91
1.409896 2.889793 1.592445 123 128 121
1.382549 2.882212 1.595409 134 139 133
1.132285 2.941086 1.621142 121 117 103
1.07275 2.932868 1.630535 100 100 87
1.078917 2.933607 1.618385 162 163 153
1.406748 2.855146 1.573945 122 126 118
1.175415 2.923204 1.589696 100 100 86
1.175415 2.923204 1.589696 100 100 86
1.141143 2.92498 1.590596 122 123 113
1.090391 2.925152 1.598076 138 140 129
0.6157429 3.127438 1.594852 140 144 140
1.314885 2.840719 1.564999 146 155 152
1.089391 2.910683 1.576174 158 162 159
1.326694 2.818326 1.541993 145 155 150
1.222088 2.847996 1.538921 143 144 131
1.235753 2.836082 1.532485 164 168 163
0.5347407 3.12061 1.557178 151 159 157
1.120269 2.793066 1.578199 164 168 167
0.3273932 3.144251 1.567917 154 164 162
1.328908 2.794628 1.493536 113 119 107
0.3538745 3.113558 1.558249 173 183 184
1.110384 2.838566 1.512309 105 111 100
1.110384 2.838566 1.512309 105 111 100
0.5482442 3.098161 1.508669 140 149 148
1.066367 2.851924 1.510007 157 159 152
1.002045 2.842597 1.507495 121 121 111
1.267025 2.792475 1.459466 144 152 147
0.3223179 3.068963 1.538636 167 179 182
0.2719941 3.076058 1.530539 104 117 115
1.097419 2.803228 1.452007 170 172 160
0.5174105 3.021859 1.468428 134 139 135
0.1154011 3.064538 1.532513 170 180 180
0.5601557 3.015951 1.438366 145 153 150
0.5147622 3.010536 1.45552 154 162 163
0.5322446 3.007342 1.448867 119 124 120
1.012536 2.746011 1.474579 112 113 106
1.082359 2.777206 1.430921 123 123 111
1.002933 2.731355 1.471384 72 76 67
0.3125311 2.98325 1.480238 160 170 170
0.9948389 2.653484 1.455212 125 127 117
1.035824 2.643685 1.44643 132 136 128
0.1731588 2.927265 1.483701 148 155 150
1.02108 2.638788 1.443138 110 116 107
1.068092 2.640351 1.424435 112 115 103
0.2826992 2.872245 1.448707 143 152 151
-0.6430079 3.452087 1.317473 106 104 92
1.110308 2.618061 1.373125 115 121 113
1.159844 2.622961 1.333192 91 92 81
0.3887837 2.799427 1.404983 137 145 146
-0.6155152 3.518943 1.186152 140 140 130
1.166992 2.618068 1.31471 87 89 79
0.2749483 2.79 1.426175 138 148 148
0.4144764 2.755444 1.38503 124 134 132
0.4252942 2.761848 1.373773 143 149 149
0.3625955 2.71943 1.383297 155 163 164
0.1265074 2.699894 1.444397 141 153 155
0.4317946 2.707713 1.352169 144 152 153
0.4668769 2.71097 1.337669 137 143 143
0.1180285 2.692321 1.432938 168 178 180
0.2575045 2.674448 1.403541 151 158 155
1.074585 2.510132 1.303472 115 112 98
0.155572 2.67197 1.42126 163 173 171
0.2698898 2.669846 1.395095 125 131 128
0.9722885 2.49227 1.327625 119 119 109
0.3752499 2.646028 1.353523 147 155 156
0.3923222 2.640582 1.34348 114 120 110
0.1415197 2.618738 1.416922 164 172 175
1.290332 2.529784 1.18274 112 110 97
1.187996 2.490865 1.235787 107 105 91
0.4561736 2.613595 1.305 139 145 143
0.9121494 1.681943 1.839783 157 164 158
0.2150197 2.532607 1.38561 148 157 156
0.3931645 2.553884 1.314671 140 145 141
0.2229752 2.512154 1.380958 116 124 120
1.007521 2.269001 1.358046 157 161 156
0.4800984 2.557677 1.269565 119 123 114
0.9580582 2.269431 1.339828 153 162 161
0.566869 2.550801 1.215749 25 27 16
0.4064869 2.464285 1.29217 117 120 109
0.1794806 2.381384 1.367424 135 141 139
0.8061718 2.288493 1.273395 98 94 77
1.29523 2.418912 1.05142 81 81 66
1.125532 2.159951 1.263687 130 136 129
0.1911509 2.323327 1.35205 154 159 158
1.115488 2.145852 1.2594 92 94 80
0.1671377 2.291531 1.356028 155 159 156
0.6742041 2.01639 1.440559 107 113 104
1.041596 2.136024 1.244701 113 118 112
0.9687843 2.161548 1.240311 132 136 127
0.936585 2.167581 1.23696 119 115 98
0.6705345 2.000876 1.431489 110 115 108
0.6587757 1.989955 1.434272 87 89 80
0.7080466 2.005551 1.402078 86 90 82
0.7578092 2.032034 1.370004 73 75 60
0.6958009 1.999663 1.404527 120 124 115
0.8297972 2.064028 1.29376 75 76 63
0.8760924 2.08897 1.260384 114 118 110
0.8631501 2.075172 1.26444 72 72 60
1.009432 2.090753 1.193359 93 89 68
0.686883 1.961325 1.363359 110 108 95
0.5932013 1.902699 1.429459 81 83 74
0.6075729 1.908636 1.409249 100 103 93
0.8640463 2.03276 1.2452 87 87 76
0.838137 2.01142 1.245887 97 96 81
0.5516501 1.845715 1.43788 78 78 68
0.5416287 1.834099 1.446236 108 112 104
1.034571 1.999881 1.152159 91 93 82
0.6267245 1.786878 1.417621 105 107 97
0.8828464 1.676169 1.374521 106 107 98
0.6610017 1.544241 1.506848 162 167 162
0.6934197 1.250763 1.748899 139 139 128
1.180606 1.705691 1.173564 73 73 61
0.5665059 1.508257 1.494461 121 122 110
0.1986418 1.602667 1.488955 87 89 81
0.6582035 1.497537 1.475588 97 103 91
0.6582035 1.497537 1.475588 97 103 91
0.8243368 1.501584 1.428552 109 93 73
1.037135 1.596511 1.277626 107 104 91
1.202852 1.677953 1.154473 89 91 82
0.5541487 1.474611 1.482655 94 92 81
1.54632 1.730341 0.9816266 89 90 75
0.7110618 1.487045 1.406445 107 104 89
1.493746 1.695153 1.020416 78 78 65
0.4689836 1.42689 1.507858 142 147 144
1.431027 1.689077 1.031491 86 87 77
0.662009 1.434541 1.448912 98 99 88
1.470436 1.667142 1.022973 76 78 67
0.5029678 1.413103 1.486564 98 102 93
0.176117 1.49871 1.472342 150 157 150
0.9870876 1.490181 1.285692 117 118 107
1.435785 1.630263 1.02143 89 94 85
1.003013 1.473373 1.266236 114 116 106
1.017448 1.483369 1.2508 104 102 89
1.259018 1.601451 1.075565 124 126 117
1.440224 1.61263 1.015888 99 104 94
1.261218 1.585752 1.065901 98 100 87
1.261218 1.585752 1.065901 98 100 87
0.6724014 1.383038 1.400097 125 123 111
0.7963358 1.409232 1.346712 114 112 99
0.7738313 1.382258 1.370458 83 83 73
0.5510996 1.342669 1.457178 131 135 129
1.512607 1.62448 0.9521297 111 111 100
0.7416097 1.363932 1.386908 109 109 103
1.492553 1.609777 0.9353487 109 112 103
0.5873773 1.329384 1.417196 99 96 79
1.476529 1.58745 0.9572531 93 92 76
0.3934219 1.252155 1.540259 96 97 90
1.29928 1.548382 1.027742 87 85 70
0.6523989 1.344339 1.380056 117 117 106
1.491167 1.600276 0.9274347 91 89 75
0.9108382 1.399317 1.235822 85 80 62
1.47477 1.580702 0.9209574 122 124 116
0.9026237 1.385446 1.243463 3 4 1
1.493121 1.581062 0.9082308 117 118 107
0.6000034 1.302102 1.373951 43 38 26
0.3848014 1.194911 1.516707 113 116 107
0.3837722 1.195945 1.515725 113 116 107
0.6213173 1.298015 1.355361 93 90 76
1.487244 1.559384 0.8834271 111 112 97
1.391929 1.528951 0.9319068 109 107 92
1.086808 1.38307 1.15294 116 118 108
1.067135 1.350605 1.168073 129 133 127
0.1585227 1.204567 1.520287 68 68 57
1.391185 1.510172 0.9166811 120 118 104
1.26611 1.464917 0.984854 112 112 104
0.1597707 1.191882 1.509688 143 145 135
0.568086 1.16475 1.452335 82 79 62
0.8758069 1.304732 1.222916 122 119 105
1.455019 1.510311 0.8520162 101 97 78
0.5212147 1.138216 1.462827 82 73 57
0.8463374 1.294258 1.18936 67 63 47
1.133064 1.338551 1.057159 99 88 67
1.571535 1.635947 0.6214582 86 84 68
1.166623 1.382339 0.9710227 5 6 1
0.8125313 1.172955 1.234123 116 114 98
0.1802529 1.090597 1.450519 139 143 134
0.404035 1.059863 1.427895 107 107 96
0.5714971 1.066227 1.380204 81 73 52
1.329059 1.420963 0.7910824 126 124 112
0.3250008 1.019406 1.462328 106 106 98
0.5944846 1.069837 1.33297 80 76 56
0.8248937 1.133312 1.208969 93 97 87
0.5789281 1.054922 1.348169 107 105 91
0.4124962 1.027923 1.406109 82 78 66
1.330723 1.403038 0.7541373 97 95 80
1.340858 1.4117 0.7176367 124 120 105
0.4244396 1.011115 1.387682 127 128 119
0.9961671 1.121161 1.131408 85 75 56
1.329455 1.403477 0.7104005 94 91 77
0.7603832 1.091594 1.206992 119 125 112
1.421534 1.489349 0.5841119 102 98 85
0.4943616 1.001547 1.364888 157 160 149
1.068869 1.189619 0.9974384 113 110 95
0.9892014 1.094121 1.113243 84 66 45
1.24062 1.341263 0.7238995 122 119 104
0.7081496 1.026418 1.20743 97 99 86
0.3502701 0.9293578 1.397979 110 109 94
0.3656637 0.940109 1.377313 124 120 104
0.3745864 0.9448496 1.368246 160 163 150
0.7747457 1.040231 1.165741 154 154 142
0.3180385 0.9165316 1.384052 181 182 169
0.714641 0.9894919 1.180283 97 93 76
0.5421652 0.9138286 1.291772 114 112 99
0.6454218 0.9633442 1.2084 140 141 134
0.6454218 0.9633442 1.2084 140 141 134
1.127596 1.186606 0.8082066 105 105 93
0.7387302 0.980083 1.128417 137 137 126
-0.3597659 0.4716176 2.015289 119 119 119
0.5252529 0.8789786 1.290022 135 138 129
0.6730258 0.9504034 1.159075 97 95 78
1.017828 1.091704 0.8657375 70 68 54
1.055059 1.118149 0.8312323 100 97 80
0.8165245 0.9819257 1.054272 157 154 141
0.9915308 1.077233 0.885118 121 122 115
0.9767665 1.065506 0.8934149 125 125 115
0.4767271 0.8373654 1.285096 120 107 85
0.8410292 0.9685622 1.040702 157 161 155
0.9972166 1.066264 0.8779994 121 123 115
0.4476998 0.8248195 1.286421 122 120 106
0.9801605 1.048735 0.8672051 129 128 116
0.2206689 0.8428928 1.284458 147 149 136
0.4007114 0.813283 1.2926 150 158 149
1.01171 1.045581 0.8535398 95 95 85
0.5187814 0.8876359 1.156966 140 138 128
0.4042448 0.8106942 1.28078 126 109 90
0.4862693 0.828309 1.225325 169 169 154
-1.291959 2.505055 -0.8234298 140 141 125
1.088166 1.070552 0.7666186 126 128 120
1.071589 1.067069 0.7698991 123 121 107
0.994462 1.018838 0.8508124 101 97 81
0.6324878 0.8936623 1.086724 162 163 156
0.2172537 0.8249111 1.250901 135 135 122
0.7156283 0.9224381 1.012649 127 123 109
0.6171815 0.8823053 1.08413 136 140 132
1.135106 1.06652 0.7297258 102 99 85
0.1440661 0.804307 1.273297 114 115 101
0.8814436 0.9507967 0.9191163 142 140 127
0.1817423 0.8062029 1.237059 136 136 123
0.5666797 0.856532 1.07366 173 173 162
0.4638818 0.8269333 1.129393 148 148 136
0.510652 0.8378748 1.092048 126 124 111
0.8356941 0.8899403 0.9527989 108 106 92
1.022486 0.9912789 0.7699416 117 112 96
0.9502773 0.9646758 0.8215026 111 112 101
0.954923 0.9618479 0.8095829 141 143 134
0.5120304 0.8272062 1.075559 130 131 116
0.3635084 0.7821847 1.144661 166 168 159
0.5098426 0.8140518 1.063543 131 131 119
0.5350935 0.8186072 1.029819 170 169 157
0.9189104 0.9255753 0.7988997 112 110 96
0.9158384 0.9278088 0.7960779 112 110 96
0.3196851 0.7577143 1.153435 136 138 128
0.6684319 0.8093374 0.9822708 131 133 124
0.727357 0.8232926 0.9435686 120 122 113
0.05045311 0.7331603 1.185724 151 153 143
0.7399312 0.8229356 0.9341197 104 104 95
0.7592574 0.809322 0.8937214 111 111 102
1.071143 0.9455081 0.6275594 129 126 112
0.7189592 0.7845649 0.8986129 112 112 104
0.7886769 0.820407 0.8274623 124 121 106
1.027882 0.9107811 0.6336453 130 131 122
0.8687991 0.84598 0.7672949 109 106 92
0.732053 0.7807893 0.8868811 126 128 119
0.05331326 0.7018111 1.110382 173 173 161
0.4390005 0.734988 0.989536 104 101 86
0.7417139 0.7774368 0.8654338 107 105 96
0.7702351 0.7863576 0.8233783 136 135 124
0.4168358 0.6945443 1.007796 109 107 91
0.7072159 0.7438826 0.8833594 150 152 138
0.4742494 0.7213719 0.9348725 139 137 126
0.8660263 0.8120341 0.6903695 119 117 103
0.7626912 0.7403168 0.8237326 93 92 80
0.4560496 0.6955341 0.9351728 143 143 131
0.4139241 0.6696432 0.9671959 109 108 93
0.2911174 0.6489035 1.02121 145 147 134
0.2414074 0.6450811 1.027463 169 176 174
0.3966652 0.6557362 0.9623071 126 126 113
0.2946292 0.6378513 0.9924039 130 130 115
0.2507937 0.630699 1.007867 169 171 162
0.5198358 0.6869074 0.8491594 137 134 119
0.5137973 0.6955021 0.8290983 137 134 119
0.6938246 0.7047342 0.7815963 159 158 143
0.4354222 0.65092 0.8679262 144 143 130
0.4664066 0.6411121 0.8010218 143 141 129
0.4058658 0.6114188 0.853442 139 143 135
0.04072054 0.6322738 0.8570811 185 186 170
0.4903531 0.637457 0.7632791 137 135 124
0.4263024 0.6066839 0.8178113 156 157 150
0.4486637 0.04248862 1.844208 168 176 171
0.8422182 0.7822482 0.4023824 143 144 136
0.4475845 0.604221 0.7840222 147 147 139
0.4296588 0.5852701 0.7837257 133 127 116
0.482945 0.604494 0.7278592 125 125 114
0.7545148 0.6178862 0.6365258 146 143 124
0.3298937 0.5820299 0.7419139 170 171 155
0.04632352 0.5727081 0.7749617 200 204 200
0.7576057 0.7312238 0.3613139 158 156 142
0.3439897 0.571548 0.7193 144 145 140
0.7799878 0.7370843 0.3299415 142 138 124
0.04102775 0.5399857 0.7095954 137 135 121
0.2698273 0.5435335 0.650118 151 150 135
0.6878349 0.4378961 0.7845497 139 135 114
0.6367515 0.6648554 0.3179323 166 164 150
0.2861913 0.5414116 0.600426 141 138 121
0.02984741 0.5202535 0.6552921 124 121 102
0.02984741 0.5202535 0.6552921 124 121 102
0.4307748 0.5676722 0.4969134 119 115 101
0.02740092 0.5151096 0.639663 121 120 103
0.1219239 0.5196939 0.5910435 142 143 132
0.0004612275 0.4865845 0.6542541 94 94 83
0.05436736 0.4626897 0.6361886 111 109 95
0.02818505 0.4634794 0.6382102 83 80 67
0.07038143 0.4678316 0.6176704 110 108 93
0.0183743 0.4568903 0.643503 123 121 107
0.01227397 0.4481332 0.6493496 66 63 52
0.3625492 0.5201252 0.4335163 138 138 128
0.1187952 0.4173771 0.5722025 123 127 119
0.0651284 0.3914708 0.6251504 108 113 107
0.2216808 0.5034506 0.342282 124 122 107
0.1165039 0.4544877 0.3616483 107 109 94
0.108396 0.449048 0.3689595 44 43 28
0.2478315 0.4644298 0.2970205 106 104 92
0.2274282 0.4405369 0.315261 98 94 78
0.2626767 0.4007875 0.3108202 111 113 101
2.632488 4.504115 1.401319 150 142 130
1.610173 4.536364 1.415578 109 99 83
0.1322145 3.449687 3.834277 186 185 181
0.235645 3.563864 3.591982 188 187 183
2.53118 4.564325 1.295917 156 151 138
-0.6802282 3.681201 3.416834 190 190 186
-1.153109 3.684153 3.459514 188 186 180
-1.153689 3.682345 3.464526 188 186 180
-0.01593218 3.332977 4.095904 183 181 174
-0.4236999 3.386567 4.005251 155 150 141
-0.07624108 3.775228 3.1697 163 163 157
-0.07689978 3.774841 3.168968 163 163 157
-1.043071 4.0441 2.715254 191 193 187
-0.0539772 4.512309 1.662916 196 204 202
0.4357214 3.53109 3.646676 171 171 164
-0.1336563 3.385304 3.984477 190 188 182
2.169871 4.291364 1.921323 158 154 143
0.022112 3.472175 3.785663 178 177 170
-0.2564608 3.379425 4.019392 187 185 182
2.658872 4.500213 1.40869 150 142 129
2.581832 4.58868 1.232686 155 151 137
1.965544 4.479884 1.500577 145 140 127
-0.7097369 3.570255 3.663209 190 186 183
-0.1919693 3.847619 3.029949 179 177 171
-0.5771406 3.758241 3.247925 183 184 177
-1.10868 3.608365 3.621994 184 181 174
1.95658 4.885081 0.6488294 136 126 109
1.881387 4.932001 0.5543526 140 131 112
-0.8812841 4.029754 2.71046 179 176 167
-0.8430308 4.185647 2.38261 164 172 151
-1.185141 4.467322 1.819766 137 140 126
2.473111 4.251288 1.959151 140 132 120
2.366966 4.230428 2.003901 140 134 121
0.3298507 3.47099 3.785619 187 188 180
0.9109308 3.766297 3.105597 166 165 159
2.574294 4.416937 1.609952 140 132 119
0.1460151 3.505584 3.720909 184 183 178
0.3788362 3.661521 3.377371 178 177 171
-0.3607948 3.401446 3.970799 156 152 143
0.8021826 3.883393 2.875708 158 157 151
0.3616829 3.779264 3.125489 156 152 144
-0.1537648 3.603738 3.536925 158 151 142
0.2042035 3.751643 3.197002 151 147 135
1.605527 4.364768 1.787512 124 120 110
-0.3739722 3.60749 3.547684 190 186 183
2.091255 4.604969 1.239628 137 131 123
-0.4859135 3.651918 3.462395 183 179 173
-0.3819177 3.978296 2.774617 169 168 164
-0.409254 4.024302 2.691109 137 144 134
-0.4509908 4.010734 2.712042 172 172 170
0.2461192 4.552274 1.526451 134 144 140
-0.3028418 4.372441 1.937471 191 203 210
1.14241 5.016082 0.4403152 134 123 103
-1.35 4.101838 2.594687 176 176 168
-0.1052167 3.292699 4.184381 193 193 186
2.080364 4.187845 2.12316 153 149 140
-0.1657196 3.341307 4.086128 196 195 191
2.386549 4.339989 1.774325 135 131 118
-0.09981631 3.429652 3.905915 188 186 185
-0.1980887 3.401 3.967793 181 178 172
2.551886 4.508636 1.405396 131 123 110
2.581624 4.524519 1.370565 129 121 106
0.3558811 3.689451 3.319615 174 173 169
-0.2815338 3.443718 3.880678 160 155 147
-0.1700234 3.531105 3.69098 157 152 141
-0.1962006 3.555365 3.636731 171 167 159
1.259767 4.157572 2.258623 111 109 102
0.1977295 3.798274 3.106418 170 171 166
-0.3758057 3.571931 3.616642 185 182 176
0.03145614 3.72825 3.250546 156 152 141
0.1765188 3.837707 3.015584 167 166 159
0.1381376 3.824696 3.037103 176 175 172
1.517137 4.392845 1.729225 118 114 100
-0.4130232 3.641953 3.463896 183 183 175
0.1153297 3.857399 2.979897 166 164 158
-0.8096385 3.547971 3.714495 185 183 176
-0.04784415 3.902698 2.891978 160 158 152
1.950044 4.715147 1.016192 129 121 105
-0.700184 3.70119 3.375182 182 182 176
-0.6981441 3.717711 3.332651 169 166 158
-0.280031 3.915308 2.88885 179 179 177
-0.7267974 3.817811 3.120628 183 183 175
1.883515 4.81008 0.796561 116 108 90
2.063491 4.89476 0.6147526 146 139 121
2.051826 4.914475 0.583145 145 136 119
2.049364 4.913097 0.5828542 145 136 119
0.8484449 4.584735 1.411958 96 92 75
0.8624915 4.638116 1.326034 93 88 64
-0.7407205 4.012686 2.729993 157 154 145
-0.3049229 4.441808 1.816095 161 170 167
-0.578764 4.63063 1.416263 159 166 161
-0.6723764 5.005194 0.6186761 129 141 137
-0.6023957 5.111399 0.3854091 167 177 177
-2.241269 4.506726 1.796137 177 174 167
2.681136 4.339438 1.74984 155 147 135
-0.06294492 3.291033 4.185123 187 187 181
2.425529 4.28607 1.880073 131 121 110
2.61015 4.411205 1.602845 126 118 106
2.548911 4.385571 1.654699 131 124 112
-0.1982899 3.334398 4.09932 191 189 185
2.33888 4.339782 1.773057 143 140 127
2.397261 4.389815 1.66635 149 144 131
2.092976 4.280933 1.927477 137 131 120
-0.3610773 3.341175 4.092279 171 168 162
2.5879 4.505684 1.40899 146 141 128
0.350401 3.659115 3.383991 176 175 170
2.602526 4.512191 1.3888 145 141 129
2.617816 4.525054 1.358003 151 147 134
2.615992 4.546428 1.325757 133 124 109
2.605574 4.55386 1.307314 145 140 126
2.579695 4.543639 1.320306 122 113 98
-0.2368518 3.473557 3.810776 178 177 171
0.0675119 3.600451 3.519765 163 158 148
0.1122637 3.616957 3.478331 181 179 174
0.6865423 3.857324 2.938126 165 163 157
-0.3384957 3.450913 3.865917 158 154 144
-0.401011 3.438396 3.90982 156 151 141
-0.4002628 3.435802 3.91138 156 151 141
0.6521782 3.848716 2.958606 166 163 158
-0.04520545 3.582495 3.570022 170 165 157
2.516391 4.568372 1.276179 148 144 130
0.2477538 3.725827 3.249419 183 183 180
0.5006384 3.830259 3.000484 149 145 136
-0.1558405 3.58977 3.566421 171 168 162
-0.03626925 3.638668 3.448127 173 170 164
-0.2109417 3.592556 3.558803 160 155 147
-0.2632027 3.58534 3.582243 183 180 174
0.1208967 3.744674 3.216603 165 163 156
1.801821 4.385903 1.715481 128 124 112
-0.1314011 3.647966 3.438632 175 172 166
1.597868 4.336764 1.845722 129 123 111
-0.5120672 3.527641 3.720292 190 189 185
-0.2589498 3.628745 3.486545 187 183 180
-0.1426457 3.677024 3.378815 160 157 150
-0.6524006 3.479813 3.83822 191 190 186
-0.249438 3.642388 3.458914 186 183 178
0.208677 3.828336 3.036573 144 141 132
-0.3189165 3.622753 3.50391 191 189 187
-0.3935531 3.665581 3.427083 190 189 184
1.534424 4.420687 1.680866 115 109 95
0.0833805 3.868158 2.965275 145 145 137
1.728094 4.503244 1.484037 122 115 99
-0.3179222 3.727933 3.28516 184 180 175
-0.7392724 3.582321 3.628053 140 136 116
-0.2213141 3.829561 3.05875 181 180 176
0.6321603 4.249789 2.122698 127 137 136
1.946069 4.740121 0.9576194 127 119 102
2.170655 4.852692 0.695644 123 115 99
1.960591 4.79032 0.8523348 140 132 119
-1.121764 3.627397 3.562692 185 184 178
1.558474 4.821341 0.81826 112 101 82
-0.4073021 4.090999 2.551814 203 210 207
-0.9922763 4.432261 1.878284 159 160 151
0.1520258 4.95993 0.6652614 190 203 202
0.3618777 5.071884 0.3793511 84 79 56
0.1210836 3.343747 4.056648 194 190 186
0.1210836 3.343747 4.056648 194 190 186
0.0374497 3.315752 4.124801 64 55 42
2.530783 4.325249 1.790642 135 126 113
2.369265 4.267365 1.91811 135 131 119
2.540037 4.366546 1.704934 135 128 115
-0.01297599 3.393965 3.964249 196 196 194
2.368453 4.319079 1.828326 106 100 86
2.591835 4.39977 1.633484 127 118 105
2.089026 4.238345 2.029621 159 156 149
2.413856 4.369169 1.70638 148 143 130
2.637036 4.45962 1.496605 146 138 125
0.03710297 3.495714 3.750677 183 182 178
2.626056 4.485972 1.446808 149 141 128
2.409928 4.405982 1.6291 144 138 127
2.445239 4.443471 1.552113 76 72 64
-0.1001957 3.472945 3.802283 183 181 177
-0.2636869 3.414458 3.946316 187 185 183
0.3675683 3.674244 3.338723 181 180 176
-0.1089476 3.503418 3.736001 166 161 150
0.02222826 3.570263 3.586873 161 157 148
-0.3510662 3.430187 3.912925 150 144 137
-0.3090868 3.450644 3.867577 179 180 175
2.564311 4.553461 1.303982 153 146 131
-0.2089299 3.492638 3.770097 180 179 173
-0.419223 3.416404 3.945123 176 175 170
-0.180925 3.513538 3.72154 180 177 171
2.601615 4.582029 1.245832 148 143 128
-0.3756768 3.437122 3.89761 173 171 167
0.2505314 3.705295 3.295059 185 184 180
-0.4316803 3.432614 3.915535 177 176 170
0.3046373 3.734877 3.225381 149 149 141
-0.508044 3.413576 3.963176 177 176 171
-0.2953603 3.498785 3.767512 194 194 193
-0.3977209 3.463553 3.843733 160 155 146
0.2261244 3.717438 3.268746 141 137 125
0.211741 3.730173 3.241491 173 172 166
-0.3742059 3.498787 3.768504 189 188 184
-0.07660072 3.62625 3.48229 156 150 142
-0.3722609 3.516229 3.738274 190 192 185
-0.576263 3.431783 3.925617 183 183 175
-0.2591033 3.573867 3.603571 187 184 176
-0.1263179 3.630327 3.478134 158 153 144
-0.5737373 3.459018 3.869217 185 185 178
-0.407378 3.52926 3.71298 183 182 174
-0.2413707 3.596961 3.555909 180 177 170
-0.4568734 3.520943 3.728085 192 190 184
0.07272227 3.738835 3.233873 153 149 139
0.07272227 3.738835 3.233873 153 149 139
-0.247823 3.613854 3.521832 181 178 172
-0.3419372 3.588395 3.585066 187 186 184
2.247835 4.577895 1.275327 134 128 118
-0.4377415 3.567492 3.630159 189 188 182
0.0546127 3.775967 3.153378 157 154 147
-0.7538026 3.462357 3.883669 196 196 192
-0.7193235 3.493256 3.819588 102 95 69
1.740126 4.473084 1.543621 100 94 76
-0.04922315 3.78894 3.135733 178 177 173
0.07343365 3.839971 3.018312 173 172 167
-0.5599349 3.602173 3.568804 102 99 84
-0.8410476 3.48743 3.82342 179 179 171
2.143738 4.662271 1.103797 134 129 116
-0.3510228 3.721612 3.310801 183 179 173
-0.2755776 3.744593 3.24134 169 165 159
-0.401692 3.705122 3.344209 140 137 120
-0.8594044 3.526569 3.747478 183 180 174
-0.9997848 3.48293 3.86044 189 185 179
-0.132604 3.833165 3.051907 115 113 103
-0.4370748 3.72318 3.314048 119 117 103
2.269387 4.74904 0.906831 137 130 114
1.889434 4.631897 1.191159 128 119 104
1.889434 4.631897 1.191159 128 119 104
1.806203 4.616443 1.227426 126 117 100
-1.04059 3.541839 3.741201 186 184 178
2.14472 4.777132 0.8670591 127 121 105
-0.2884879 3.872451 2.977336 170 166 161
2.224781 4.838248 0.7316667 147 140 124
1.874991 4.711662 1.026281 98 94 80
-1.219494 3.524576 3.785086 187 186 180
-0.6121771 3.799334 3.158222 168 168 160
2.197765 4.879592 0.6425735 143 135 119
2.197765 4.879592 0.6425735 143 135 119
-1.0373 3.643713 3.520826 151 149 135
2.035321 4.889477 0.6158828 121 113 96
-0.4974248 3.939083 2.857885 139 136 123
-1.361501 3.631992 3.57906 173 170 163
-1.226942 3.726512 3.36522 128 124 107
-1.088754 3.806494 3.205339 162 160 153
-1.35273 3.733206 3.364652 186 183 177
0.06972994 4.315724 2.037625 187 198 198
0.258968 4.400299 1.839173 165 172 167
-1.082044 3.960684 2.883088 169 166 160
1.401639 4.946054 0.5605602 117 107 86
-0.879762 4.39751 1.930557 145 145 133
-0.6355429 5.211965 0.2193712 158 170 169
-0.9236267 5.253613 0.1385676 136 143 133
-1.414293 5.288576 0.1306532 158 170 172
-0.01953865 3.29532 4.173903 183 181 174
0.09265985 3.36037 4.029653 87 77 62
0.3037941 3.478988 3.776221 189 189 187
2.840062 4.488655 1.510613 153 144 131
-0.1300706 3.305439 4.158057 146 145 139
-0.1300706 3.305439 4.158057 146 145 139
-0.1657599 3.306948 4.158274 188 187 183
2.233334 4.256038 1.971379 61 53 38
0.4656717 3.627078 3.444925 191 195 192
0.5450824 3.664711 3.365479 183 183 179
2.608238 4.460667 1.496146 115 106 93
-0.3212261 3.337072 4.104717 184 183 179
0.3332219 3.604756 3.506878 192 194 192
-0.280697 3.356795 4.061279 186 182 179
-0.2132966 3.383044 3.994766 184 181 175
0.4132851 3.643543 3.403862 188 188 185
2.573698 4.463565 1.492179 149 142 129
0.0147042 3.493611 3.753189 83 75 50
-0.0007998808 3.488944 3.762824 180 179 174
2.575968 4.472258 1.469343 123 115 101
-0.281856 3.386074 4.002179 184 183 178
2.598776 4.49524 1.42186 135 127 113
0.6805121 3.775028 3.107413 142 142 134
-0.07681035 3.505331 3.732503 166 162 153
-0.1704792 3.470783 3.812815 186 185 181
2.436479 4.474137 1.482485 141 133 120
0.8214178 3.870125 2.901096 85 84 72
2.452911 4.48606 1.455458 140 132 120
-0.4445601 3.377726 4.027384 171 168 162
-0.08228699 3.52676 3.688795 181 178 171
-0.2096497 3.485234 3.789091 179 178 173
0.1001459 3.607238 3.503791 161 159 150
-0.3738927 3.425519 3.920044 186 185 184
-0.3738927 3.425519 3.920044 186 185 184
-0.144567 3.522242 3.70408 180 180 177
-0.007310943 3.573569 3.580271 178 175 168
-0.205053 3.49843 3.754803 159 155 146
-0.4479301 3.405154 3.973735 175 172 165
-0.1083446 3.539443 3.664709 171 166 158
0.2859905 3.702897 3.302493 154 154 144
0.5769795 3.808524 3.03672 120 118 109
-0.3136739 3.470698 3.827492 189 191 193
-0.482327 3.402521 3.978329 173 172 165
2.495611 4.541917 1.323575 161 157 147
-0.5307116 3.389815 4.018072 167 164 157
0.2445225 3.693915 3.314078 183 183 179
0.004962319 3.601038 3.525097 147 142 130
0.1047051 3.643262 3.436315 152 148 137
-0.2517522 3.50733 3.744548 143 139 126
-0.2517522 3.50733 3.744548 143 139 126
0.07989748 3.646721 3.422714 173 170 163
-0.3110173 3.49441 3.774185 158 152 142
0.06816768 3.651628 3.412853 154 149 144
2.389807 4.547029 1.336254 146 142 128
-0.5047111 3.433536 3.913679 144 140 129
-0.4613321 3.458494 3.86593 183 182 178
-0.2532374 3.543953 3.67069 183 182 178
-0.2632899 3.536726 3.681291 150 147 136
2.574908 4.621615 1.154702 156 151 138
-0.4738757 3.466228 3.847901 151 147 133
0.1016157 3.70995 3.295031 169 166 159
0.1016157 3.70995 3.295031 169 166 159
0.1480935 3.726213 3.253604 173 173 165
-0.01141438 3.668517 3.386627 167 161 155
-0.2302811 3.585656 3.580125 143 141 132
-0.2302811 3.585656 3.580125 143 141 132
-0.5865091 3.450708 3.891244 184 183 178
-0.05985707 3.664045 3.395837 153 148 139
-0.6620633 3.42625 3.941906 183 183 178
-0.489943 3.501854 3.778584 190 189 185
-0.3828823 3.544614 3.677091 184 183 176
-0.3496039 3.56238 3.641387 102 99 85
-0.258596 3.594266 3.559582 162 158 147
-0.1827167 3.626103 3.487624 162 159 152
-0.6423203 3.44537 3.903416 186 185 180
-0.3091556 3.581194 3.595269 160 160 151
-0.4084457 3.542267 3.677166 187 187 179
2.295632 4.594744 1.24125 96 90 75
-0.1869318 3.644157 3.449789 179 175 170
-0.312251 3.602682 3.549682 187 184 177
1.660728 4.366625 1.77059 128 124 113
-0.2925686 3.630077 3.488236 173 171 164
-0.0526857 3.738948 3.246668 182 181 176
1.928838 4.500986 1.476686 100 95 77
-0.28041 3.649707 3.448597 170 168 161
-0.02156147 3.760924 3.194833 157 156 150
-0.02156147 3.760924 3.194833 157 156 150
-0.6449315 3.526018 3.738409 188 184 178
2.373255 4.683474 1.04091 163 155 141
-0.6737744 3.525567 3.746148 187 184 179
1.577838 4.398528 1.716237 98 93 80
-0.2639929 3.691641 3.359071 161 158 151
1.888033 4.518413 1.434716 139 131 119
-0.7032394 3.524782 3.74702 181 180 175
-0.7174498 3.520601 3.757267 85 78 55
-0.7174498 3.520601 3.757267 85 78 55
2.341168 4.695045 1.021726 145 137 125
-0.6426736 3.5575 3.67178 99 98 80
1.840433 4.516387 1.441468 103 95 78
-0.7238604 3.535362 3.733912 102 99 80
-0.1865165 3.743806 3.24096 159 155 147
-0.1063449 3.777223 3.166714 158 158 151
-0.1063449 3.777223 3.166714 158 158 151
-0.5275707 3.619367 3.536299 188 185 179
1.580452 4.458625 1.625645 103 99 86
-0.5461512 3.619437 3.531581 111 109 92
-0.6333926 3.583494 3.610231 177 174 167
-0.4395119 3.659531 3.427012 186 183 175
1.887213 4.578436 1.309384 135 127 115
-0.5832782 3.628135 3.517583 123 121 105
1.756217 4.534492 1.411168 112 105 89
-0.5925263 3.636189 3.504704 186 185 179
-0.3718491 3.721699 3.302616 116 116 105
-0.3718491 3.721699 3.302616 116 116 105
-0.09233766 3.832676 3.044323 150 150 142
-0.1916805 3.794627 3.13197 165 161 155
2.085307 4.667834 1.099126 112 104 88
-0.6644764 3.602823 3.561142 156 152 142
-0.9657739 3.491794 3.822972 188 186 179
-0.6911896 3.612758 3.55944 186 185 181
-0.6178162 3.648464 3.482185 183 183 177
-0.8175225 3.570552 3.656056 173 169 163
1.75826 4.571672 1.329551 130 121 106
1.958137 4.657656 1.136339 127 119 107
2.092024 4.706171 1.019885 116 107 92
1.908376 4.636113 1.17782 113 108 95
-0.4584242 3.753129 3.24364 185 184 177
1.745419 4.606954 1.265227 120 111 95
-0.1410358 3.888496 2.935575 158 154 147
-0.7782488 3.639951 3.505848 188 187 184
-0.7624648 3.644444 3.493809 188 188 185
1.882679 4.669125 1.109699 110 103 87
-0.3178459 3.828731 3.07238 166 163 156
-1.137881 3.510022 3.815175 178 175 166
-0.9689981 3.584991 3.635868 179 178 172
-0.6761888 3.702327 3.361576 183 183 177
-0.1591744 3.909799 2.888689 151 148 141
-0.9687017 3.607181 3.595068 138 133 122
-0.9309061 3.648236 3.51855 167 163 157
2.079717 4.79289 0.8275653 137 129 113
-1.26901 3.52223 3.806055 188 187 183
1.857593 4.747666 0.9517863 132 123 108
-0.7404016 3.753751 3.272102 163 159 151
-0.456033 3.952472 2.822334 159 157 150
-0.7671596 3.880565 3.007126 179 176 168
-0.4484844 4.032774 2.659086 175 184 182
0.5313537 4.610985 1.395584 128 132 123
0.4877193 4.606764 1.418187 157 161 158
0.41098 4.704223 1.220182 135 139 132
0.1549143 4.679956 1.299409 147 151 143
-0.2488136 4.594961 1.48364 175 183 178
-0.301129 4.644653 1.388704 176 183 177
-1.075524 5.016921 0.6414948 156 173 179
-0.8578923 5.218322 0.1936623 151 158 150
-1.545627 5.191635 0.3344338 171 184 190
-1.6125 5.245436 0.2133595 148 163 168
0.03358762 2.665226 5.638784 189 187 188
-0.1890945 1.331987 -0.353689 156 156 148
-0.1166654 1.311037 -0.9074659 87 79 59
-0.0317906 1.112845 -0.3041269 163 159 140
0.03660372 0.8947414 -0.3159905 118 113 94
0.02704256 0.8960261 -0.3243024 118 113 94
-0.02571365 3.407463 0.4933095 124 124 116
-0.8445279 3.776449 3.213179 211 213 218
0.1448801 2.716456 5.429057 190 188 191
-0.08586691 1.222121 -0.3397112 159 156 141
-0.1974417 0.9478574 -0.2414905 152 150 138
0.07825343 1.079736 -0.4362643 110 105 87
-0.0007444904 0.9160464 -0.2918751 149 149 141
2.094422 4.733746 0.92481 132 124 111
0.1080822 1.184618 -0.4645178 104 100 87
-0.1605985 1.023412 -0.3003478 106 98 81
-0.03142487 0.8791181 -0.253531 110 106 90
2.739793 0.3099517 1.017831 75 75 77
1.173697 5.028747 0.4099052 131 120 101
-0.1704011 3.454437 0.5223914 132 137 131
-0.6241747 3.835886 3.060105 197 196 198
0.2017222 2.922789 4.975515 208 210 211
-0.07629491 2.705011 5.490225 195 191 190
-0.5668192 1.151374 0.2516383 165 167 144
-0.2585128 0.9528535 -0.1715243 180 181 172
-0.2253795 0.9386868 -0.1928567 161 159 149
-0.06643809 0.6987974 -0.09328718 126 125 111
-0.192678 3.529264 0.4160948 116 116 106
-0.1394988 3.412243 0.571135 121 125 116
-0.881955 3.897991 2.978861 214 213 217
-0.2901765 3.424058 1.112548 166 177 169
-0.7416456 3.899617 2.953053 173 172 167
-0.7395366 3.900983 2.954534 173 172 167
-0.5834014 1.909448 -1.085743 130 121 104
-0.6259425 3.663513 3.454029 191 191 193
-0.8475098 3.404969 4.041711 184 184 186
-0.2682969 3.573436 3.581058 208 208 210
-0.4858824 1.664128 0.008262238 162 155 133
-0.4866329 1.66281 0.007675317 162 155 133
-0.2258248 2.937649 4.983001 211 210 212
-0.05107988 2.95545 4.940099 191 190 192
0.3199773 3.065109 4.675167 187 186 187
-0.4725051 1.384539 -0.02944087 118 116 97
-0.6189322 1.317374 0.2543444 138 139 117
-0.5509189 1.100126 0.04054146 84 80 66
0.07608122 1.235684 -0.4476618 117 115 103
-0.1602305 1.090392 -0.3137666 108 106 92
-0.4706848 0.9028001 0.2701416 96 94 80
0.01054636 0.9764445 -0.298491 151 151 142
0.03304852 0.8061737 -0.2589446 156 152 141
0.03792578 0.6672975 -0.1811124 152 150 138
1.37327 0.3181719 1.771359 240 218 196
-0.8354712 3.605545 1.548957 176 182 166
1.164757 5.11908 0.2005276 128 117 95
-0.7905176 3.560192 1.461006 88 86 71
1.14992 5.102224 0.2604512 127 117 94
-0.675388 3.4729 1.218909 185 189 187
-0.726535 3.49516 1.3533 93 90 75
-0.6771693 3.46241 1.249686 90 84 67
-0.4953803 3.518718 1.008955 181 194 198
-0.7211138 3.458076 1.4041 170 176 164
-0.7817814 3.935102 2.885167 192 192 189
-0.9285449 2.298496 0.2606154 106 108 91
-0.7929379 3.884004 2.998054 184 184 180
-0.4008793 2.947563 0.5890004 140 147 139
-0.6136541 3.88696 2.961772 183 186 188
-0.6136541 3.88696 2.961772 183 186 188
-0.7889863 3.796216 3.178728 182 181 179
-0.519231 3.437842 2.251005 180 188 174
-0.4160372 1.66017 -0.05928642 94 96 80
0.1432334 1.593732 -0.4400337 120 116 109
0.2722122 1.664412 -0.4894412 116 113 103
-0.3107863 1.173465 -0.2240876 164 156 133
0.09517276 1.343859 -0.4452113 136 124 101
-0.2721268 1.111461 -0.259461 130 129 111
-0.004327388 1.163359 -0.3940277 109 102 86
-0.01050006 1.142266 -0.3756127 150 143 123
0.1081509 1.128928 -0.4576835 142 140 128
-0.2855789 0.9098098 -0.1234488 123 125 112
-0.006871934 1.028848 -0.2847499 154 149 133
0.004451327 0.9980764 -0.2894921 144 142 128
-0.1030932 0.897272 -0.2217338 135 128 108
-0.2699916 0.7714322 -0.0919236 96 92 78
0.1010778 0.8030453 -0.3334533 130 128 113
-1.10643 4.032976 2.735868 214 217 222
-1.014359 4.065462 2.666855 191 191 183
-1.014359 4.065462 2.666855 191 191 183
-0.6596435 3.469198 1.194339 113 111 97
-0.6324434 3.477886 1.184996 117 116 102
-0.6860683 3.462947 1.272808 171 172 167
-1.20697 3.905441 3.029867 205 206 214
-0.7141128 3.465627 1.380486 133 135 116
-0.7141128 3.465627 1.380486 133 135 116
-1.10984 3.904958 3.005418 192 188 186
-0.6834571 3.436898 1.403164 165 167 157
-1.02591 3.861832 3.072164 202 202 203
-0.942955 3.866193 3.055498 174 170 161
-0.752332 3.816024 3.126392 196 196 198
-0.7282789 3.82069 3.119951 208 208 211
-0.969615 3.685619 3.427659 194 194 192
-0.5828549 2.377941 0.2386715 92 92 76
-0.5993732 3.647044 3.456595 209 207 211
-0.7079826 3.584723 3.599745 210 212 215
-0.3557206 3.677197 3.358547 195 193 194
2.488711 4.573108 1.180072 146 140 130
-0.4349447 1.757396 -0.06376369 96 95 73
-0.4823695 1.714661 -0.01593895 133 134 119
0.3028342 2.284419 -0.02505367 95 95 87
-0.5462714 1.441902 0.07698239 133 133 109
-0.5044074 1.303059 0.02806264 137 136 115
-0.4781118 1.312577 -0.00404531 100 103 86
-0.2406492 1.401044 -0.3068915 97 91 74
-0.3718393 1.29935 -0.1050236 173 174 169
-0.472725 1.042541 0.01076183 104 101 82
-0.2250278 1.110514 -0.286949 115 115 106
0.05708528 1.200992 -0.428094 141 142 131
0.05708528 1.200992 -0.428094 141 142 131
0.1634135 1.246521 -0.4898931 110 107 92
-0.4497638 0.9348936 0.06420639 131 133 117
-0.3954184 0.9075558 0.0308778 105 105 93
-0.2541676 0.9779162 -0.1811652 165 169 160
0.05893435 1.03471 -0.4030366 161 161 152
-0.009825927 0.5878208 0.5730972 175 183 175
0.1006221 0.7371932 -0.2858107 126 126 112
-0.6920394 3.454297 1.349654 151 153 141
-0.6920394 3.454297 1.349654 151 153 141
-1.2086 3.883934 3.050747 160 160 157
-0.9424013 3.95791 2.851394 194 193 187
-0.03912779 4.898489 2.864017 153 157 150
-0.8108379 2.516829 0.7732987 136 143 124
-0.50214 3.284987 1.969819 164 172 152
-0.3579406 1.846203 -0.07892396 91 88 73
-0.6638411 1.640537 0.3436553 93 95 77
0.285511 2.282457 0.02021026 89 86 79
-0.4609062 1.689617 -0.02495592 113 115 95
0.1829731 2.135311 -0.02555575 94 91 85
-0.2233544 1.667845 -0.1293873 126 123 115
0.0490311 1.784199 -0.3331439 124 124 114
-0.4062786 1.483537 -0.09719031 78 81 64
-0.4120258 1.474273 -0.08859289 118 118 103
-0.01319437 1.705144 -0.3066525 134 128 114
-0.2937149 1.525145 -0.15014 140 140 132
0.09334394 1.749147 -0.3516957 143 138 124
-0.2109974 1.524392 -0.3092701 169 169 161
0.1254826 1.710311 -0.3863381 138 136 124
-0.1881345 1.511209 -0.330812 124 125 118
-0.1511706 1.521378 -0.3458805 83 76 58
-0.3817384 1.309949 -0.09472804 157 158 153
-0.2263031 1.339208 -0.3119119 119 113 97
-0.2975243 1.283983 -0.2793923 124 124 109
-0.2211726 1.320393 -0.3058827 105 105 95
-0.4453249 1.18224 0.009549323 134 134 126
-0.2457441 1.258465 -0.297723 177 176 163
-0.2597384 1.237935 -0.2785381 132 128 114
-0.3819275 0.9973894 -0.1285637 119 112 98
-0.02312973 1.064864 -0.2881841 152 147 131
-0.2565986 0.9359196 -0.1702104 160 160 151
0.08183379 1.02688 -0.4156384 118 104 83
0.05351696 0.9511394 -0.3434482 128 123 109
0.05351696 0.9511394 -0.3434482 128 123 109
0.0229967 0.9237214 -0.3274225 133 133 125
0.1185939 0.7390806 -0.3081152 115 112 95
-0.6733795 3.634424 3.514593 192 192 192
-0.3401465 2.169065 0.05514035 111 109 95
-0.4408983 1.84302 -0.02938942 102 102 90
-0.2638251 1.73298 -0.1078549 124 123 119
-0.4264608 1.592701 -0.05681581 105 106 92
-0.294538 1.637353 -0.1272059 100 102 95
-0.304358 1.587133 -0.1348444 122 123 116
-0.3245304 1.571821 -0.1314939 119 119 113
-0.1374708 1.657659 -0.2827253 107 107 97
-0.002321034 1.743418 -0.3029433 136 134 126
0.04792094 1.769205 -0.3332546 90 90 80
-0.2378165 1.41742 -0.3004216 139 137 127
-0.3773374 1.319874 -0.0957353 134 137 130
-0.2095235 1.327376 -0.3245356 128 126 114
0.1122129 1.355484 -0.4607242 118 111 93
0.1228097 1.336251 -0.4713046 119 115 101
0.09770793 1.188539 -0.4639935 110 106 93
0.152083 1.161675 -0.4791377 100 94 78
0.5456526 1.224587 -0.3038623 117 109 87
-0.3087521 0.8054744 -0.05643914 90 89 80
0.1299665 0.7773759 -0.3435037 133 131 117
1.627665 3.396181 1.106207 81 81 75
-0.8412979 1.01557 -0.9509446 149 152 149
-0.2632748 1.415612 -0.2783101 175 176 169
-0.6289959 1.070421 -0.7533673 113 112 101
0.3007705 1.365651 0.1063699 121 113 93
0.1743368 1.263193 -0.4919359 124 119 106
-0.2059963 3.63917 2.767561 86 77 65
1.017099 3.141728 4.256718 118 116 95
0.1551452 0.8085161 -0.4242865 113 105 86
0.7118533 0.600986 0.928396 188 191 183
1.979347 0.6172707 0.2677217 149 137 116
-0.8209354 4.912721 0.8421615 134 127 117
-0.9635086 3.751265 0.7617999 95 96 85
-0.8442824 3.948276 2.863631 161 151 133
-0.9689955 3.978013 2.171979 149 156 149
-1.212069 4.65458 1.414287 178 178 178
-1.49891 4.318274 2.133424 102 100 94
-1.530981 4.254177 2.277168 181 179 171
0.243927 3.580806 3.513598 178 178 167
-0.02736819 3.72786 3.258994 183 178 166
-0.9601292 4.237688 2.299386 182 177 165
-0.5999686 3.887703 2.562747 183 184 173
-1.030491 4.273262 2.040909 119 117 104
-0.5077144 3.75916 2.529826 141 146 118
1.020817 3.726625 3.149781 173 169 158
-0.7700298 3.721218 2.113256 137 142 117
-0.592794 3.62912 2.252757 141 143 120
-0.5046017 3.571289 2.259369 182 182 169
-0.5663272 3.594553 2.206027 158 155 138
-0.5663272 3.594553 2.206027 158 155 138
-0.6783939 3.618382 2.099105 147 143 123
-0.6783939 3.618382 2.099105 147 143 123
-0.7000718 3.598353 2.006515 176 181 174
0.0003706203 3.355842 2.429053 191 194 183
-0.3712744 3.405496 2.056936 189 190 180
0.1511086 3.184852 2.295985 188 196 192
0.1140665 3.237894 1.943569 140 141 123
0.1140665 3.237894 1.943569 140 141 123
-0.2150939 3.409012 1.625301 165 164 151
-0.1014154 3.347389 1.69645 146 150 132
0.1524634 3.285266 1.836179 184 185 176
-0.8616305 3.70613 0.9164456 184 184 168
0.4389828 3.089404 1.959489 129 128 115
0.5435545 3.030398 1.993308 175 183 179
-0.1816806 1.535827 1.199302 175 185 184
-0.2436003 1.538921 1.156528 135 144 142
-0.1277596 1.427047 1.19979 163 172 165
-0.2310641 1.026565 1.15547 126 128 119
-0.3153246 1.036142 0.9395857 120 124 109
-0.06900071 0.8440886 1.165531 107 107 97
-0.4666961 1.108035 0.6880784 191 200 200
-0.4470008 1.03627 0.6668324 118 121 99
-0.4470008 1.03627 0.6668324 118 121 99
-0.4724488 1.0124 0.2633955 148 145 119
0.2728743 3.43825 3.845904 190 186 178
0.3394614 3.486569 3.74793 181 176 166
0.2109824 3.688279 3.330108 176 171 159
-2.001682 4.620014 1.542176 142 134 119
-1.027665 4.300068 2.149642 176 170 156
1.042452 3.51059 3.628905 180 175 163
-0.6860424 3.689529 2.156701 192 190 170
0.2297636 3.367715 2.67192 137 132 117
-0.627893 3.564846 2.029536 146 146 128
-0.627893 3.564846 2.029536 146 146 128
0.07379968 3.345469 2.481186 148 153 135
-0.6600305 3.532313 1.881354 142 132 111
-0.0867289 3.324684 2.294874 195 195 185
-0.6590921 3.516891 1.801739 167 168 154
-0.06605966 3.280056 2.229644 185 190 183
0.3780767 3.246419 2.468333 190 196 193
-0.233331 3.286461 2.098015 125 122 101
-1.049363 5.274292 0.0797805 163 151 135
0.3608658 3.111053 1.87215 159 159 150
0.6602095 3.014901 2.031897 145 143 129
0.6525486 3.010506 1.960393 178 183 177
0.6002753 3.043859 1.802558 135 136 126
0.6418362 2.991096 1.863324 135 140 131
0.934653 2.953972 1.902569 147 145 132
-0.07394592 1.878023 1.394512 125 131 120
0.0003641419 1.842273 1.448684 185 192 190
-0.3353846 1.805074 1.244441 164 171 170
0.1021676 1.517202 1.41702 171 179 175
-0.03289323 1.493094 1.300624 133 140 136
-0.2225864 1.136514 1.190113 189 194 187
-0.2567891 1.155944 1.134931 109 113 95
0.01590683 1.041824 1.324418 77 73 59
-0.04696545 1.048249 1.292101 159 162 154
-0.2652134 1.101413 1.120344 165 174 164
-0.5549687 1.273255 0.7512049 135 140 117
-0.1819751 0.9915148 1.171931 174 176 167
-0.1819751 0.9915148 1.171931 174 176 167
-0.3036774 1.090339 0.9817948 154 159 149
-0.3994507 1.070648 0.8163561 131 137 123
-0.1902343 0.9396921 0.9970987 144 142 125
-0.4339793 0.9808189 0.6412941 178 180 162
-0.4714684 0.9984363 0.5385205 171 178 171
-0.4792171 0.9535629 0.4649169 130 132 109
-0.416787 3.772636 3.203187 180 172 160
0.02603622 3.673325 3.380584 164 155 142
0.3930173 3.575942 3.55585 186 183 171
0.1480351 3.785848 3.129034 150 143 129
1.144515 3.542523 3.535929 176 172 162
0.6561863 3.842467 2.989229 159 154 141
1.294245 3.593662 3.407737 156 147 137
-1.42309 4.713579 1.299994 170 164 150
-0.1027537 3.468107 2.60995 141 144 124
-0.1027537 3.468107 2.60995 141 144 124
-0.0901375 3.440419 2.573036 144 146 121
-0.2295215 3.474823 2.463083 181 181 170
-0.1342081 3.434362 2.512154 191 193 185
-0.4425845 3.54249 2.259774 129 131 111
-0.3954861 3.517958 2.266341 181 183 172
1.681157 3.664864 3.222485 146 136 119
1.905655 3.61581 3.335535 146 137 124
0.004792678 3.317302 2.374857 150 149 133
-0.4209771 3.440869 2.060438 140 145 124
-0.37107 3.351031 1.995228 132 131 109
2.204732 3.742645 3.024366 155 149 133
-0.4854818 3.37977 1.84282 131 127 112
2.419782 3.754814 3.051332 157 151 137
-0.05798309 3.253825 2.066851 164 163 150
2.504984 3.811444 2.884221 160 154 141
2.504984 3.811444 2.884221 160 154 141
-0.942084 5.267868 0.08478393 129 118 98
-0.3528657 3.447034 1.541478 151 157 144
0.4173499 3.06698 2.036698 184 193 195
0.863989 2.982157 2.040534 190 197 194
0.5350595 3.12575 1.677578 152 154 143
0.3000412 6.021075 -1.044321 147 147 133
5.21554 4.170988 1.924332 146 139 123
-0.3626926 1.969979 1.744193 163 174 173
-0.04972267 1.90513 1.443245 174 181 178
0.09256823 1.572613 1.429097 122 126 113
-0.3837158 1.579366 1.089472 171 177 168
-0.3066144 1.543867 1.114609 177 183 183
-0.3132073 1.489003 1.084645 169 175 171
-0.5604504 1.734095 0.634009 191 191 173
-0.1314817 1.108814 1.275647 174 178 168
-0.1928998 1.107287 1.241658 120 127 113
-0.4159425 1.276766 0.9006576 140 151 148
-0.150519 1.05116 1.225189 191 199 188
-0.4327527 1.207412 0.8479004 183 190 184
-0.3583219 1.17718 0.8982199 159 161 150
-0.08576603 0.961908 1.227989 171 178 173
-0.3783627 1.142349 0.8630056 135 143 129
-0.1813615 0.950452 1.04362 195 195 181
-0.1735129 0.9143806 1.082072 203 203 185
-0.1145456 0.7765313 0.9736117 163 169 159
-0.1974561 0.7891099 0.9091188 172 177 168
-0.286283 0.7775657 0.8033775 184 194 188
-0.364234 0.8203939 0.7181169 178 183 175
-0.1223554 0.6902339 0.9303858 112 114 104
-0.2930439 0.7509858 0.7081491 206 207 188
-0.2498661 0.6714635 0.6264194 198 200 192
-0.2498661 0.6714635 0.6264194 198 200 192
-0.9570505 3.97467 2.824864 182 176 162
-0.5852012 3.83093 3.09117 179 173 161
0.463666 3.429013 3.86907 181 176 167
0.03499276 3.611341 3.499209 160 158 141
0.410545 3.484653 3.741059 173 168 158
-1.219829 4.146761 2.479116 187 181 168
-0.5249575 3.884522 2.959239 180 171 158
-0.7561479 4.023864 2.693802 187 182 168
-0.6999158 4.00792 2.719928 186 178 163
-0.4865082 3.980576 2.761515 174 168 157
0.100484 3.799014 3.106165 174 169 158
0.3693148 3.703979 3.287153 180 176 166
0.2505705 3.78616 3.119063 146 135 123
0.3021683 3.779967 3.133804 162 156 145
0.941868 3.533679 3.57827 184 179 172
-0.631851 3.919786 2.474305 146 147 129
-0.8850926 3.903003 2.257351 152 158 148
-0.4394623 3.715337 2.585009 151 158 145
-2.132351 4.870152 1.042633 182 172 159
-1.493179 4.630122 1.512993 169 163 147
-0.8605618 3.835432 2.204583 139 143 120
-0.8233132 3.81272 2.213989 184 185 177
-0.6605049 3.719436 2.261936 138 144 125
1.375146 3.590915 3.451611 180 175 166
1.375146 3.590915 3.451611 180 175 166
-0.2440395 3.490957 2.497208 186 187 178
-0.2018632 3.469509 2.500083 148 151 130
-0.7391608 3.68304 2.057198 181 185 183
-0.02747403 3.411813 2.56104 193 197 186
-0.2193649 3.445019 2.415614 144 147 128
-1.286186 4.801476 1.089671 169 162 147
0.09944849 3.350828 2.531214 170 178 167
-1.869911 5.147614 0.4319155 163 154 140
-0.5674658 3.512666 2.007383 187 185 172
-0.3089158 4.578147 1.487059 129 135 120
-0.7788087 3.573931 1.759946 153 154 139
0.01834217 3.303496 2.332141 191 193 183
-0.2643131 3.303249 1.999139 108 107 87
-0.5686767 3.364798 1.726803 136 136 116
2.721721 3.825078 2.93208 168 158 145
-0.6852415 5.315688 -0.008705987 155 144 127
0.5349962 3.066837 2.113263 164 165 157
-0.7507754 5.375873 -0.1506873 131 121 99
0.1335054 3.233236 1.792098 156 161 155
-0.8895553 3.704413 0.9725131 181 186 177
-0.6351712 5.401262 -0.2054466 139 128 107
-0.6351712 5.401262 -0.2054466 139 128 107
0.32617 3.156552 1.819156 138 142 130
0.3373053 3.183215 1.705276 151 152 137
-0.1126824 3.176828 1.433779 176 180 171
-0.2148179 3.242141 1.302019 169 177 172
-0.5358924 3.527025 0.8752736 135 137 125
-0.6588648 3.577242 0.4862043 153 155 143
0.8435471 2.809788 1.531393 162 169 164
-0.2241299 2.322517 1.343039 124 126 112
0.08619928 1.688937 1.467447 119 123 110
0.07753129 1.668218 1.432283 159 160 146
-0.7708525 1.981973 0.7028757 164 170 160
-0.3676924 1.651786 1.166651 111 120 110
-0.8207015 1.913821 0.5809673 171 177 173
0.08496807 1.406779 1.360026 135 145 147
-0.08105911 1.455261 1.250423 139 146 141
-0.6644784 1.85587 0.5627105 144 150 137
-0.1638895 1.461055 1.178043 116 123 113
-0.1638895 1.461055 1.178043 116 123 113
-0.5647826 1.632638 0.8364629 137 142 127
-0.5559861 1.567882 0.8532932 147 144 122
0.2299524 1.062048 1.442311 106 110 100
-0.2755427 1.222182 1.03584 104 105 91
-0.2755427 1.222182 1.03584 104 105 91
0.0460533 1.020728 1.344659 132 132 121
-0.2081784 1.06381 1.174703 173 182 174
-0.3100685 1.162084 0.9605346 119 122 108
-0.2720651 1.061709 1.110875 115 120 111
-0.1909485 1.030326 1.17296 96 99 88
-0.1154347 0.9359803 1.200732 166 172 167
-0.1522809 0.9448963 1.175182 110 117 105
-0.07770515 0.9204119 1.206257 120 121 108
-0.3995481 1.134317 0.8221248 178 183 171
-0.1450658 0.9112575 1.16453 173 180 176
-0.193092 0.9385595 1.107007 112 115 104
-0.3351128 0.9473951 0.8279164 120 117 98
-0.03999364 0.780895 1.110327 142 140 120
-0.1210237 0.784076 1.028654 134 135 124
-0.08989774 0.7161757 0.9679693 158 167 162
-0.4908785 1.015105 0.3408713 181 186 174
-0.1570821 0.6820118 0.9032117 180 186 178
-0.4667604 0.8666744 0.4561529 154 159 150
-0.3132406 0.7673771 0.590942 143 142 118
-0.2795638 0.715914 0.6562147 149 143 121
-0.2976572 0.6942049 0.565347 179 179 174
8.742743 1.892573 -5.074347 167 165 149
-0.38951 3.696691 3.362092 181 175 162
-0.7019314 3.819404 3.115145 185 177 166
-0.7019314 3.819404 3.115145 185 177 166
-0.073617 3.645707 3.437755 155 148 134
-0.9204214 3.997271 2.743158 189 183 168
-0.7544078 3.93429 2.870161 180 174 160
-1.747332 4.379656 2.052752 156 145 131
-0.1291917 3.754915 3.218277 176 169 158
-1.804233 4.465471 1.850511 156 148 130
0.01438639 3.830114 3.057043 179 175 166
-1.6872 4.56829 1.622015 174 166 154
-1.6872 4.56829 1.622015 174 166 154
-0.5554202 3.856797 2.573694 150 155 142
-2.018074 4.730484 1.341634 150 141 123
-2.018074 4.730484 1.341634 150 141 123
1.158265 3.473781 3.702319 160 155 143
1.158265 3.473781 3.702319 160 155 143
-1.636881 4.60061 1.562081 169 163 149
-0.9295074 3.915177 2.218606 178 185 181
-1.023743 3.940753 2.05269 145 151 141
-0.5594971 3.71508 2.411703 154 159 148
1.216584 3.547635 3.517216 160 155 144
0.1372909 4.058422 2.573565 160 154 128
-1.42346 4.728731 1.275773 170 165 150
-0.6346255 3.644592 2.205755 191 189 176
-0.8665197 3.72343 1.939138 159 162 148
0.05099143 3.400052 2.607555 153 156 141
-0.08109282 4.313626 2.055881 138 142 121
-0.8793235 3.723445 1.8981 136 141 124
-0.02987486 3.393909 2.526153 143 146 126
1.297375 3.796972 3.003975 166 161 149
-0.5077048 3.519731 2.153034 141 146 128
-0.5221706 3.503453 2.067921 175 176 168
0.09809129 3.331815 2.466004 147 150 131
1.692832 3.729407 3.096891 161 156 140
1.947352 3.641376 3.262958 144 135 122
-0.534896 3.481216 2.011334 128 133 111
0.04350101 3.316742 2.412135 189 193 188
-0.205399 3.397556 2.223967 193 193 176
-0.7158434 3.549097 1.857301 172 169 151
-0.7158434 3.549097 1.857301 172 169 151
-0.6202146 3.495733 1.930723 133 134 110
0.1715305 3.285449 2.415423 191 199 195
0.08973708 3.281936 2.344999 194 197 186
0.2126337 3.269154 2.415478 164 172 167
0.1669925 3.263089 2.37337 160 167 160
-0.544142 3.449968 1.893027 159 164 154
-0.3370163 3.330179 1.975626 146 147 130
2.184643 3.791517 2.922391 141 133 115
-0.9955305 3.766141 1.3046 132 134 119
2.216158 3.84337 2.840176 155 150 134
-0.4548512 3.384742 1.790397 157 155 140
0.06929491 3.211797 2.135043 143 138 124
-0.5222757 3.397787 1.670863 154 153 141
-0.469129 3.395133 1.675622 129 128 108
0.01159288 3.233048 1.997524 139 137 121
-0.8930666 5.25015 0.1288679 150 139 120
-0.2583775 3.420564 1.647396 105 103 90
-0.2659575 3.427634 1.58312 176 180 169
0.7846897 3.040059 2.195616 167 174 169
3.305423 3.836715 2.771461 139 133 117
0.1816342 3.215789 1.724462 172 174 166
0.3280815 3.159482 1.665619 169 173 169
3.650733 3.962078 2.49635 140 135 118
-0.3552946 3.482645 1.049041 154 159 150
0.6790805 3.109411 1.618072 138 138 127
-0.4660835 3.532727 0.7485157 162 165 155
0.7442012 3.058008 1.55856 97 100 87
-0.1421097 2.62635 1.322333 143 145 135
-0.4463369 2.020322 1.25478 125 136 134
-0.1116806 1.964382 1.399912 128 134 125
-0.5673267 1.957011 1.181461 100 108 93
-0.4559036 1.859717 1.214635 165 175 174
-0.5055918 1.83376 1.177683 139 150 146
-0.08919569 1.774243 1.337773 122 129 119
-0.4613573 1.771511 1.174317 116 126 115
0.07934357 1.540113 1.403282 126 131 121
-0.2491599 1.614179 1.201201 169 182 182
-0.7265306 1.889827 0.7129582 144 145 116
-0.7857026 1.928502 0.6132207 183 185 173
-0.382081 1.602447 1.122967 128 138 128
-0.05188218 1.487224 1.264673 111 117 109
-0.5302712 1.655387 0.9347576 150 155 123
-0.07434687 1.418445 1.260414 112 117 113
-0.2562784 1.486415 1.125274 132 142 137
0.1329663 1.35583 1.356758 103 98 81
-0.6162203 1.765373 0.610909 156 162 153
-0.2014251 1.387757 1.126708 168 174 173
-0.3452713 1.424808 1.028029 120 128 123
-0.1784929 1.365169 1.132198 97 95 77
-0.3669627 1.370165 0.9901429 173 183 184
-0.3669627 1.370165 0.9901429 173 183 184
-0.2390634 1.299469 1.112807 101 106 88
-0.2631179 1.300431 1.058173 166 166 153
-0.4764636 1.313004 0.8976943 141 153 147
-0.2873709 1.232806 0.9866089 164 165 147
-0.2588341 1.110395 1.168713 120 127 117
-0.411881 1.220933 0.882047 132 142 130
-0.3445357 1.139653 0.9278648 122 128 110
-0.3295446 1.108766 0.962449 118 125 110
-0.3987873 1.016997 0.7922681 128 133 119
-0.1889955 0.7070882 0.8870331 113 117 108
-0.4287173 0.8371123 0.531922 183 192 180
-0.2807474 0.7158825 0.6151869 187 190 174
-0.4344791 0.7900291 0.3963327 153 156 128
-0.128739 0.599207 0.6735289 186 186 173
0.04904086 0.4396334 0.4878091 166 165 147
7.002645 1.694313 -6.515031 189 188 171
6.017415 1.491711 -7.314433 186 182 165
6.776766 1.231986 -6.900591 170 167 148
6.776766 1.231986 -6.900591 170 167 148
8.734072 0.3735253 -5.858894 167 163 141
8.734072 0.3735253 -5.858894 167 163 141
-0.1542089 3.588281 3.564739 171 165 151
-1.812797 4.254282 2.299197 158 149 132
-0.02631968 3.54688 3.646339 174 165 155
-0.7752321 3.855664 3.05167 182 172 157
-0.7702199 3.902474 2.951706 168 158 143
0.05204826 3.588019 3.553691 165 159 142
-0.6179419 3.85319 3.029024 183 173 159
-1.955693 4.399153 2.006043 181 174 161
-1.955693 4.399153 2.006043 181 174 161
-1.258918 4.127678 2.523204 188 182 167
-0.55005 3.869746 2.991499 161 151 137
-0.2986668 3.789143 3.152724 186 178 167
0.1147575 3.678356 3.364946 174 168 156
0.610607 3.4725 3.753652 194 192 182
0.1334418 3.659564 3.368603 153 145 131
-0.5115439 3.954712 2.826304 181 172 162
-1.314106 4.279558 2.204402 181 175 161
-0.2830768 3.908629 2.887657 181 176 167
-0.2830768 3.908629 2.887657 181 176 167
-1.427464 4.374526 2.014064 168 159 146
0.0024925 3.809968 3.095147 183 179 169
-0.1408121 3.868597 2.965301 169 161 151
0.9583843 3.423861 3.815228 178 173 166
0.1570116 3.765466 3.149959 152 147 134
0.1570116 3.765466 3.149959 152 147 134
-0.5342681 4.032159 2.619502 102 103 93
-1.273659 4.402357 1.946611 174 168 151
-0.8832345 3.975249 2.312425 92 94 79
-0.9013783 3.947715 2.288145 184 190 182
0.3468259 3.800727 3.078781 166 161 149
-0.9096807 3.897701 2.214459 151 160 146
-1.066952 4.468751 1.804597 154 149 136
-1.12966 4.499425 1.737671 163 157 142
-0.1438545 4.134903 2.447383 132 134 115
-0.6484573 3.731606 2.324075 143 150 135
-0.2708782 3.556384 2.612812 164 159 137
-1.020415 3.909612 2.010154 178 182 176
-1.059517 3.893127 1.957939 221 219 212
-1.710561 4.800753 1.147035 138 128 110
-1.712179 4.800138 1.148034 138 128 110
-0.1732945 3.494205 2.577475 178 179 173
-0.1567838 3.474733 2.552093 190 189 178
-0.1256655 3.46552 2.576105 178 181 171
-0.4668076 3.573297 2.325663 143 144 126
-0.02377397 3.431956 2.644722 145 151 136
-0.3438375 3.481248 2.353679 139 144 120
-0.2702663 3.465846 2.399231 190 191 179
1.54358 3.637884 3.307573 162 156 141
-0.3168271 3.47104 2.349648 189 194 188
-0.118632 3.386938 2.41407 159 164 153
-0.1846283 3.38964 2.361151 145 149 130
1.579454 3.742653 3.093755 162 157 143
-0.1022898 3.3652 2.388139 172 177 168
-0.4645422 3.492312 2.121867 142 145 128
-0.177577 3.38149 2.323428 147 151 133
-0.1970645 3.3837 2.2934 180 179 167
1.560144 3.835628 2.96658 141 132 112
-1.284552 4.944675 0.807367 148 141 125
0.7588764 4.178072 2.313613 182 184 174
1.695235 3.77932 3.028262 162 155 142
1.747368 3.750125 3.043436 158 152 137
-0.02891298 3.30813 2.30232 191 195 183
0.1222633 3.275394 2.377912 161 171 162
-0.7088345 3.527557 1.790512 130 125 106
-0.03098738 3.291459 2.280761 78 82 69
0.2020039 3.249498 2.375621 189 196 195
-0.3234161 3.340169 2.013502 124 125 106
-0.280758 3.305571 2.037675 138 140 118
0.2391041 3.215585 2.349643 187 192 188
-0.3753338 3.352607 1.926587 147 148 134
-0.3753338 3.352607 1.926587 147 148 134
-0.1776878 3.273467 2.068115 155 155 145
-0.1274962 3.257303 2.073208 158 160 148
-0.08699166 3.261796 2.098116 127 122 104
-0.4173021 3.36631 1.858954 159 157 141
-0.2074594 3.30244 1.996049 156 151 135
0.03120042 3.215175 2.161383 152 148 131
-1.342693 5.233232 0.1845564 163 154 136
-0.003640264 3.243578 2.103913 133 127 110
2.273291 3.834053 2.848425 141 133 116
0.6370016 3.135101 2.35924 152 153 140
0.6370016 3.135101 2.35924 152 153 140
2.673267 3.811626 2.848519 167 161 146
-0.2448945 3.400186 1.692707 167 168 158
-0.2383121 3.40791 1.663466 96 95 82
-0.2374743 3.401288 1.633535 197 195 183
0.1810498 3.157854 1.99094 174 176 167
-0.8238024 5.320093 -0.04131386 133 123 100
-0.6811553 5.347569 -0.0895327 136 127 104
0.01928526 3.286313 1.71468 101 97 83
-0.6921425 5.417196 -0.2406576 152 144 125
0.6676665 3.018018 2.114411 150 154 148
-0.6129832 5.466298 -0.3278916 154 143 121
0.4326507 3.082766 1.878568 155 154 144
0.7070257 2.997205 2.07163 180 185 181
0.3980055 3.142283 1.812284 136 136 127
0.7623252 2.991534 2.093966 189 196 194
-0.2526835 3.35454 1.31112 151 156 142
-0.2526835 3.35454 1.31112 151 156 142
3.67665 3.87396 2.662311 153 147 131
-0.1374447 3.239543 1.44214 181 185 176
0.508337 3.046848 1.876801 127 129 117
-0.8330982 3.657203 0.7676634 164 164 153
0.4188859 3.159558 1.703849 163 164 156
-0.1131421 3.179492 1.446681 180 187 178
0.5017509 3.138745 1.649533 148 149 140
-0.248681 3.120687 1.241463 166 173 165
-0.09008775 2.922898 1.405473 160 168 166
0.7836542 3.021922 1.654529 113 117 107
-0.3406871 3.493726 0.7736855 132 136 127
-0.8179467 3.689641 0.3581251 165 167 156
-0.05088171 2.722216 1.393543 134 140 131
-0.04094229 2.628798 1.379448 146 151 140
-0.1099402 1.901114 1.375271 170 175 169
-0.562669 1.926289 1.172008 101 111 98
-0.752949 2.204975 0.7958867 128 127 110
-0.3363177 1.850118 1.260059 159 169 167
-0.1020547 1.813421 1.341969 123 129 123
0.05299057 1.736176 1.465783 110 116 106
0.04665678 1.730757 1.440227 157 164 154
0.04665678 1.730757 1.440227 157 164 154
-0.4806678 1.815711 1.180785 123 130 125
-0.4579278 1.794237 1.189897 166 177 175
-0.06675962 1.744652 1.343776 110 115 107
-0.2637911 1.73413 1.249331 163 173 176
-0.06613583 1.673156 1.31691 135 144 139
-0.0506636 1.596908 1.300484 137 144 137
-0.2891093 1.615559 1.186021 111 122 114
-0.7706227 1.939144 0.6605089 176 187 185
-0.3861478 1.619145 1.135092 118 131 119
-0.3861478 1.619145 1.135092 118 131 119
-0.4145182 1.605464 1.104083 133 141 130
0.02576206 1.437412 1.344665 104 110 102
-0.3178678 1.540258 1.101176 180 189 181
-0.5408787 1.645096 0.9093819 197 197 180
-0.4260379 1.558193 1.03626 191 198 188
-0.6412154 1.796236 0.6600817 141 143 122
-0.1343924 1.459698 1.21302 165 175 174
-0.4929265 1.597533 0.9316666 190 198 186
-0.274085 1.495952 1.106182 173 182 182
-0.08739433 1.38167 1.218521 132 136 127
-0.606184 1.703637 0.5470958 149 153 144
-0.3594 1.397551 1.012543 132 144 140
-0.6221191 1.686709 0.5191514 153 158 150
-0.002736884 1.16698 1.349799 130 136 129
-0.1754064 1.162978 1.269972 174 181 171
-0.4850977 1.371118 0.882311 124 134 117
-0.4313771 1.303842 0.9113843 175 186 183
-0.502085 1.286075 0.8526156 186 197 196
-0.2127486 1.007753 1.158313 121 125 120
-0.4627541 1.20767 0.8116451 186 196 195
-0.4828776 1.174147 0.7591512 146 152 141
-0.4828776 1.174147 0.7591512 146 152 141
-0.3355354 1.076178 0.9320678 151 157 148
-0.0528567 0.9084226 1.218581 153 153 143
0.07101142 0.8652824 1.295128 178 185 176
-0.5308254 1.157191 0.658592 136 139 113
-0.1961705 0.9461421 1.012187 126 125 104
-0.3143442 0.9337469 0.860118 146 147 133
-0.1472313 0.8294867 1.029634 142 144 126
0.004891762 0.7561653 1.112675 183 182 164
-0.1685508 0.813233 0.9662126 158 168 158
-0.3913078 0.9354545 0.7382327 148 152 139
0.01690087 0.7292941 1.09113 189 190 178
-0.4563998 0.9771081 0.586457 174 181 170
-0.0814226 0.7524686 0.9790947 175 179 164
-0.3962609 0.8455455 0.6623892 174 180 171
-0.4424465 0.8612806 0.526635 124 128 107
-0.4747839 0.9110905 0.4133226 174 175 166
-0.4747839 0.9110905 0.4133226 174 175 166
-0.2025352 0.6643854 0.8083443 145 150 123
-0.357584 0.7809994 0.559302 140 140 122
-0.3470539 0.7614205 0.5465894 172 175 163
-0.4281686 0.8799353 0.1930496 150 154 140
-0.1576657 0.6284267 0.6554681 185 183 161
-0.1206156 0.5974385 0.6971557 145 148 136
-0.2285382 0.6897109 0.3491392 159 154 130
8.599099 1.938163 -5.173782 169 167 151
8.138621 1.822545 -5.597573 183 181 166
6.992521 1.772775 -6.492789 171 167 150
8.580187 1.18532 -5.561405 164 162 144
6.205438 1.978468 -7.004642 167 165 148
7.074566 1.589084 -6.531353 183 180 164
7.074566 1.589084 -6.531353 183 180 164
7.615928 1.327787 -6.125863 184 180 165
8.416938 1.030942 -5.699018 184 182 166
7.511881 1.37139 -6.312507 183 182 167
6.394706 1.676786 -6.980534 165 164 144
7.370921 1.272827 -6.452665 165 164 144
6.614939 1.533727 -6.958389 184 182 165
6.12555 1.44039 -7.344305 164 161 144
6.12555 1.44039 -7.344305 164 161 144
6.186793 1.391488 -7.308284 183 181 163
6.879818 1.135192 -6.882795 171 169 149
-2.268286 4.423528 1.984076 181 170 155
-0.2312906 3.602968 3.522953 156 149 138
-0.171767 3.597132 3.544151 145 138 123
-1.629873 4.187727 2.431792 172 161 146
-1.900201 4.295966 2.218955 164 155 137
-0.9626809 3.952088 2.863274 183 175 157
-0.3673352 3.710278 3.314404 177 171 159
-0.6775033 3.845985 3.056635 181 176 160
-0.7541761 3.880195 2.993873 179 175 158
-0.328845 3.701218 3.315184 181 176 164
-0.6611302 3.850692 3.035994 188 177 166
-1.608485 4.238875 2.311438 174 165 147
-0.01374546 3.608348 3.510918 160 153 139
-0.05023336 3.654813 3.465664 164 158 145
0.01396384 3.626862 3.475897 174 170 159
0.675519 3.392418 3.908022 192 187 177
-1.77427 4.372929 2.044184 177 166 153
-1.378959 4.249291 2.278289 185 179 163
-0.5967376 3.939407 2.849466 185 176 166
-0.3367728 3.875831 2.983826 179 167 155
-0.2179782 3.833835 3.058684 180 173 163
-0.2232153 3.826374 3.059051 180 173 163
-1.646022 4.403024 1.97248 173 168 153
0.1225487 3.705379 3.298953 148 139 122
-0.5024818 3.966497 2.807713 178 174 158
0.103002 3.751918 3.188165 151 140 127
-2.04849 4.622193 1.546455 163 152 138
-2.122396 4.666625 1.459435 145 134 121
-1.199046 4.297688 2.142163 172 161 149
-0.1873161 3.903661 2.902566 168 161 150
-0.01517188 3.832171 3.03673 150 147 134
-0.8074763 4.152133 2.417966 160 157 149
-0.6880295 4.111018 2.504586 145 140 127
-1.45826 4.421689 1.920657 171 161 146
-0.6625801 4.101643 2.520672 144 140 129
-0.5701538 4.0701 2.579693 39 41 32
0.09230955 3.820739 3.043313 146 141 128
-1.586497 4.498727 1.753684 178 167 153
-0.566394 3.935633 2.591088 161 162 152
-1.848358 4.636872 1.498152 178 168 153
-0.5772123 3.890031 2.540629 162 169 159
-0.4232283 3.741428 2.676993 136 142 127
-0.4574018 3.75861 2.646449 142 148 124
-0.561539 3.839267 2.537758 186 190 187
0.317293 3.808552 3.070983 143 137 123
-0.4510164 3.751694 2.62849 184 190 188
-0.1722877 4.029925 2.642533 186 191 181
-0.9099379 3.941969 2.251849 198 201 194
-0.4208048 3.725672 2.622694 195 199 193
-1.303815 4.496854 1.752413 141 132 117
-0.6089897 4.231998 2.264133 177 178 168
-0.4184886 3.702087 2.597412 177 184 183
-0.8729023 3.872314 2.245946 152 161 152
-0.5317089 3.769277 2.476284 199 198 181
-0.2541029 3.638789 2.665351 151 152 142
-0.4771533 3.69386 2.505502 144 150 137
-0.2979066 4.17305 2.377156 184 189 181
1.116793 3.597415 3.448339 183 181 170
-0.6054929 3.728456 2.378427 185 187 179
-1.851975 4.804667 1.162117 177 166 152
-0.623515 3.730027 2.347259 186 188 179
-0.2215651 3.568591 2.652771 162 155 128
-0.634936 3.711579 2.321183 187 188 179
-0.5171456 3.610877 2.413791 147 148 131
-1.079849 3.899099 1.951851 137 143 125
-1.663549 4.775789 1.192277 143 134 116
-1.728917 4.815975 1.118993 159 150 134
-1.596255 4.779597 1.190236 173 166 150
-0.4927082 3.601786 2.349152 172 169 154
-0.6430162 3.671167 2.23072 110 114 97
-1.695837 4.861169 1.033021 142 132 116
-0.1477285 3.477794 2.576244 168 162 135
-0.1523139 3.465384 2.532702 190 191 182
-0.1356259 3.457599 2.54555 161 161 152
-1.827594 4.953123 0.8387411 149 138 120
-0.08121797 3.421963 2.528115 187 191 178
0.02047136 3.391246 2.572954 170 178 168
-0.917047 3.74463 1.868788 156 164 154
0.1078314 3.385711 2.614134 189 195 185
0.1078314 3.385711 2.614134 189 195 185
-0.1610619 3.413364 2.4318 171 177 167
-0.2060067 3.419553 2.396858 178 182 173
-0.3923973 3.482328 2.249082 134 137 113
-0.920975 3.722823 1.827666 152 159 146
-0.2128523 3.404502 2.36204 161 167 156
-1.587035 4.978625 0.7684208 173 167 150
-1.227011 4.844706 1.007256 167 160 146
-1.3909 4.920858 0.8638999 150 142 126
-0.06814766 3.367059 2.411615 153 162 152
2.015486 3.641685 3.351548 165 160 146
-1.429499 4.977081 0.7474033 147 138 121
-0.2456488 3.399243 2.226726 145 149 130
-1.213554 4.972093 0.7688749 140 131 114
0.2412871 3.273023 2.434202 190 198 196
0.1363169 3.272493 2.356721 186 191 183
-0.333895 3.354015 2.064173 131 137 124
-0.3184748 3.343638 2.049024 142 144 119
-0.5334079 3.445154 1.852355 145 151 138
-0.6612135 3.485069 1.752897 130 136 121
0.4150331 3.233096 2.45809 166 176 173
-0.8315724 4.952377 0.7497677 131 121 102
-1.192184 5.094705 0.4830736 154 144 127
-0.3003715 3.316937 2.018097 140 141 121
-0.3003715 3.316937 2.018097 140 141 121
-0.1665366 3.28038 2.090905 126 120 103
-1.239086 5.142946 0.3890697 138 127 109
-0.1266226 3.268982 2.097663 129 123 107
0.4750535 4.525824 1.584437 130 129 104
-0.1794371 3.292215 2.006649 104 102 86
-0.1794371 3.292215 2.006649 104 102 86
-0.1978594 3.335674 1.954647 92 94 78
0.08534675 3.209428 2.158953 151 146 131
-0.2009663 3.363681 1.886332 98 99 90
-0.02577165 3.236299 2.035143 170 169 156
-0.6858402 3.453939 1.559642 141 146 136
0.5066922 4.633004 1.359696 124 124 107
-0.6790884 3.436069 1.545079 142 149 135
-0.5309666 3.400929 1.621372 144 145 131
0.6186389 3.132328 2.340045 177 186 182
0.335691 3.119205 2.172044 161 161 148
0.03123876 3.295408 1.890532 138 132 115
-0.709806 3.462991 1.417062 143 139 116
0.009837748 3.296368 1.868148 176 177 165
-0.729736 3.497218 1.341068 162 162 150
-0.3738168 3.433682 1.542811 155 160 150
0.71274 3.079262 2.281559 185 192 190
-0.8122017 5.30929 0.0004475895 148 137 118
-0.4184949 3.433401 1.491748 144 145 130
-0.02783012 3.292599 1.76287 161 165 156
0.003563902 3.291245 1.759455 85 82 67
-0.006207826 3.293741 1.724903 167 167 153
0.2751936 3.167076 1.869341 162 164 154
-0.04216151 3.299471 1.614757 184 189 179
-0.8284863 3.667164 0.9733937 159 163 147
0.3176117 3.149614 1.87668 156 159 148
0.03197286 3.282405 1.635234 186 188 175
2.345161 4.356463 1.842501 179 184 180
-0.1789736 3.330597 1.458141 184 190 187
0.666978 3.009857 2.062501 139 139 129
0.4912364 3.016172 1.958825 138 142 132
-0.2665598 3.400033 1.292596 181 187 179
0.4692323 3.048154 1.883878 145 146 139
-0.2762408 3.394124 1.215829 143 147 128
-0.1282295 3.164412 1.414963 171 180 168
-0.1496656 3.16673 1.397334 130 137 128
-0.2601889 3.285993 1.253328 161 168 157
-0.8350149 3.639247 0.7207792 177 179 166
3.712237 4.007591 2.396305 58 57 46
0.6216723 3.106753 1.676345 135 136 127
0.5384967 3.125087 1.61716 142 146 140
-0.2710667 3.225246 1.18268 116 123 95
-0.9260637 3.750017 0.4709663 141 139 116
-0.2766473 3.247782 1.129494 121 126 99
-0.2731586 3.46557 0.8997096 125 131 112
0.7595574 3.060628 1.593995 142 143 133
0.8041361 3.026268 1.593723 150 150 137
-0.7741603 3.692523 0.3434263 147 139 110
-0.4343315 3.557444 0.5346716 149 149 137
-0.01403453 2.685452 1.403877 164 169 165
0.8434182 2.786294 1.481677 138 144 132
0.8559321 2.757812 1.470266 97 102 93
0.9290066 2.663423 1.437426 150 157 151
-0.6086039 2.12189 1.179845 137 145 138
-0.1164173 2.010526 1.402885 147 152 143
-0.6142944 2.053039 1.169409 111 116 103
-0.09190269 1.951653 1.423727 139 148 141
-0.1448929 1.986324 1.367054 133 138 128
-0.119602 1.932559 1.374162 171 178 176
-0.5783309 1.920391 1.158855 128 137 128
-0.648309 1.927068 1.107194 118 127 114
-0.4530233 1.827901 1.202923 164 174 173
-0.530024 1.792953 1.150619 117 124 110
-0.507389 1.769171 1.146414 118 124 110
-0.507389 1.769171 1.146414 118 124 110
-0.334429 1.671042 1.190715 175 187 187
-0.261732 1.655438 1.220782 124 135 132
-0.3353955 1.639638 1.181286 181 193 193
-0.3763463 1.587427 1.108594 172 182 176
-0.2674055 1.554689 1.158717 120 128 121
-0.8290417 1.891337 0.5544845 149 160 157
-0.3518541 1.556451 1.090076 125 126 109
-0.2593208 1.529446 1.143388 121 130 123
-0.5813404 1.669675 0.861194 150 156 138
-0.4741843 1.57929 0.9685676 188 197 182
-0.8077567 1.84324 0.525903 121 133 127
-0.6933589 1.800736 0.5713392 155 165 155
0.05585333 1.364417 1.311571 36 40 37
-0.1492051 1.410591 1.184713 164 174 171
-0.2682717 1.45978 1.092314 124 133 129
-0.23864 1.450728 1.106904 129 141 139
-0.1802714 1.424174 1.153005 175 184 183
-0.2914585 1.440917 1.066268 162 168 161
0.07465626 1.1879 1.478708 115 123 121
-0.2419826 1.322174 1.093975 152 152 142
-0.5765064 1.667454 0.5361139 146 143 127
-0.4633897 1.372735 0.9493873 119 129 118
-0.1342823 1.122323 1.29183 130 135 124
-0.3523763 1.306711 0.9581112 130 139 131
-0.2162167 1.131703 1.219865 129 129 113
-0.37135 1.288907 0.9334034 162 169 159
-0.1743523 1.069781 1.212009 186 190 178
-0.4000003 1.236563 0.8977214 156 167 164
-0.3110214 1.194008 0.9721204 158 160 148
-0.4692207 1.254328 0.8554265 185 193 192
-0.5114059 1.264003 0.8300017 183 194 192
-0.4507213 1.803158 -0.05834521 191 196 191
-0.5083117 1.238649 0.8017658 154 161 152
-0.4908031 1.230396 0.8103074 188 199 198
0.03513257 0.9314932 1.319558 125 129 118
0.03513257 0.9314932 1.319558 125 129 118
-0.4043418 1.179255 0.8476971 189 197 191
-0.0498001 0.949311 1.237458 138 144 134
-0.4958682 1.197553 0.778825 144 157 148
-0.3044834 1.051438 0.9932385 137 141 129
-0.4554471 1.155233 0.7798523 193 204 203
-0.4788099 1.155611 0.753982 173 183 183
-0.3794139 1.094651 0.8523098 172 177 168
0.06502439 0.8541395 1.264735 141 139 123
-0.343411 1.0316 0.9144568 143 145 124
-0.4256044 1.097527 0.7677879 145 155 149
-0.391356 1.049328 0.8213245 133 138 118
-0.3941859 1.03618 0.8093151 187 196 191
-0.2030901 0.9277591 0.9996997 144 146 126
-0.165668 0.8707314 1.086991 156 159 148
-1.025647 0.7026904 1.286966 153 157 155
-0.117127 0.8193733 1.103901 141 144 128
-0.2023622 0.8841173 0.9841268 132 136 126
-0.0965037 0.7971722 1.075593 181 186 175
-0.4847405 0.9911917 0.4423158 187 192 183
-0.1445386 0.7237311 0.9357184 106 102 91
-0.4648739 1.021389 0.1772525 174 175 164
-0.4000409 0.7845334 0.5280901 170 177 169
-0.4000409 0.7845334 0.5280901 170 177 169
-0.422217 0.78937 0.5015638 127 133 123
-0.099496 0.6024243 0.7959978 179 184 179
-0.2924111 0.6926069 0.5855517 183 188 179
-0.1012371 0.5832132 0.7449571 147 153 144
-0.03077557 0.5394458 0.6522943 189 192 178
8.661792 2.386494 -4.913901 189 189 175
-0.1158209 0.5800557 0.3349203 158 160 147
-1.340803 0.9972993 -0.8340489 168 166 151
6.597481 2.038608 -6.654245 185 183 167
6.597481 2.038608 -6.654245 185 183 167
6.623606 1.985862 -6.674205 171 170 153
7.978076 1.328394 -5.896843 168 165 151
8.628281 1.097911 -5.501212 162 160 143
7.718712 1.343539 -6.096673 170 168 150
6.856805 1.659728 -6.683832 184 184 166
6.174448 1.889891 -7.118499 167 166 145
6.108206 1.895515 -7.139222 184 184 164
6.821554 1.627885 -6.707546 170 167 150
7.378963 1.363666 -6.383821 184 182 164
6.877567 1.343903 -6.726615 182 182 165
7.903777 0.9418705 -6.153052 168 166 147
7.903777 0.9418705 -6.153052 168 166 147
6.879513 1.304517 -6.814456 163 160 141
6.90963 1.187139 -6.868134 188 183 167
7.267888 0.9796432 -6.627841 168 166 144
6.48246 1.239179 -7.063784 184 179 163
7.86991 0.7159886 -6.354889 167 165 142
6.973531 0.8768372 -6.955332 183 183 165
8.788767 0.2101739 -5.860388 183 181 162
7.531922 0.6047016 -6.460052 187 182 164
-0.9355673 3.891996 2.98795 147 141 124
-0.950854 3.901729 2.970311 177 172 159
-1.529462 4.134915 2.531371 198 191 179
-0.548991 3.744805 3.265164 180 175 161
-0.7826222 3.851163 3.060995 178 173 157
-1.938285 4.314898 2.175203 177 166 151
-1.986936 4.352622 2.13181 174 168 153
-0.9702964 3.935062 2.900491 167 162 148
-0.04608684 3.566701 3.596782 181 176 162
-1.047574 3.969698 2.828098 180 175 162
-0.5999433 3.790172 3.16241 181 175 163
-1.004638 3.960655 2.843328 181 175 161
-0.7279142 3.861193 3.030057 184 179 162
-0.8130492 3.899206 2.959774 176 168 153
-0.453389 3.75529 3.232591 181 176 164
0.5072446 3.367045 3.973772 174 169 158
-2.187331 4.448707 1.920194 153 144 129
-0.003831108 3.583845 3.558335 176 170 156
0.5766535 3.363951 3.999118 195 192 183
-1.00756 4.002163 2.755081 192 186 173
-1.836558 4.350976 2.116069 173 164 146
0.4967553 3.413385 3.889135 38 35 38
-1.562225 4.230896 2.317972 156 146 128
-0.6791745 3.899052 2.948382 177 166 153
-1.86221 4.377759 2.050615 169 159 145
-0.2573528 3.739728 3.255828 183 177 161
-0.6197143 3.899027 2.944277 118 112 95
-0.6197143 3.899027 2.944277 118 112 95
-0.4707386 3.848439 3.035946 181 174 160
-0.5163748 3.907645 2.924248 169 163 149
-0.8380103 4.035839 2.671296 181 173 159
-1.400089 4.270506 2.24007 176 171 158
-1.627428 4.36753 2.056604 184 176 162
-0.6886035 3.993885 2.753842 185 178 167
-0.7411192 4.017933 2.702849 191 186 171
-0.628648 3.978266 2.775918 184 177 163
-1.367152 4.27733 2.213976 180 175 158
-0.03934886 3.762695 3.187642 185 179 169
-2.044978 4.57407 1.652241 145 133 117
-0.6677098 4.02934 2.680066 184 179 164
-0.803094 4.091429 2.555145 163 154 138
-0.2201647 3.860351 2.984864 172 164 153
-0.2194373 3.875031 2.968654 118 105 87
-0.7729023 4.103167 2.525402 96 91 73
-0.7729023 4.103167 2.525402 96 91 73
-1.657549 4.468622 1.840032 176 166 151
-0.7545658 4.10691 2.510951 175 169 153
-1.130413 4.266395 2.221988 184 177 163
-0.614093 4.049714 2.613763 167 161 147
-1.301273 4.331142 2.090226 152 146 127
0.1534103 3.759142 3.180579 168 161 153
-0.6574076 4.083713 2.55196 172 168 154
-0.5908527 4.071615 2.584933 143 137 123
-1.517192 4.4409 1.883114 168 159 144
-1.168106 4.301105 2.145088 175 169 153
0.9212107 3.513659 3.683388 184 183 172
-1.555576 4.498211 1.784988 164 154 139
-0.532649 3.846228 2.614551 136 143 125
-0.8961322 4.012319 2.328496 152 164 161
-0.4379223 3.750194 2.67422 137 143 127
-0.4444345 3.751067 2.659849 162 170 165
-0.6138664 3.897948 2.482811 171 168 153
-2.024101 4.744592 1.299841 183 176 164
-0.4382479 3.746409 2.644682 141 148 132
-1.173724 4.422815 1.890449 155 149 133
-1.260189 4.465425 1.813868 144 139 122
-2.01327 4.765271 1.246464 175 169 155
-1.615492 4.627809 1.503347 153 146 128
-0.7981604 4.317332 2.090055 150 157 147
-0.8353528 4.331153 2.062241 138 145 135
-1.900757 4.778514 1.211413 154 144 126
-0.1736149 4.107641 2.497073 189 196 196
-1.002241 3.931724 2.081237 151 157 147
-0.336542 3.575617 2.592959 135 138 120
-0.6066825 3.722617 2.359643 152 161 151
0.7168846 3.80905 3.042511 87 80 65
0.7164859 3.8092 3.042518 87 80 65
-0.9977291 3.900908 2.022597 147 155 143
-0.6431582 3.717811 2.300037 148 155 143
-0.1715696 3.526211 2.6554 168 168 154
-1.654424 4.765882 1.213942 166 156 138
-0.1916689 3.515115 2.605978 183 183 166
-1.830397 4.861869 1.035171 172 165 152
-0.2037993 3.522585 2.594882 158 150 121
-1.416578 4.700342 1.338611 177 171 156
-0.4997189 3.604072 2.368659 161 160 148
-1.744392 4.838246 1.068639 164 154 139
-1.621589 4.817839 1.107941 137 125 106
-0.4894188 3.591718 2.320806 176 176 163
-1.698639 4.86579 1.009409 139 133 115
-0.5021758 3.59228 2.3051 147 149 136
-0.6591453 3.648802 2.186946 113 109 89
-0.7375637 3.691466 2.098931 136 146 135
-0.03344231 3.431574 2.620872 193 199 195
-1.34057 4.746942 1.227767 147 141 124
-0.6889433 3.66976 2.129593 189 181 155
1.236973 3.723316 3.153478 170 166 155
-0.02881813 4.271012 2.121537 170 171 153
-0.3887207 3.505744 2.292011 132 139 116
-1.979184 5.070133 0.6100613 180 170 156
-0.694158 3.601224 2.041498 176 178 166
-0.7032633 3.610361 2.029499 164 169 161
-0.2229861 4.417051 1.852482 144 149 139
-0.04125715 3.394179 2.486668 168 170 160
-0.901335 3.719166 1.837455 137 146 131
-0.8860987 3.715169 1.847304 158 164 156
0.1527497 3.353016 2.576096 148 150 131
-1.982099 5.138538 0.4681172 174 163 148
-0.4059427 3.461652 2.160032 127 129 106
-0.5444039 3.509989 2.052149 152 153 140
-1.873642 5.141469 0.4350303 168 162 147
-1.873642 5.141469 0.4350303 168 162 147
-0.4680936 3.476922 2.096596 159 163 150
-0.435015 3.472641 2.116736 158 163 157
-0.07010895 3.344357 2.374427 152 154 140
-0.544881 3.497524 2.033392 176 178 167
-0.2205513 3.391229 2.264705 169 175 163
-0.1872303 3.370243 2.243991 194 197 187
-0.3662489 3.428153 2.102463 142 147 132
0.1990383 3.294918 2.459401 186 195 193
-0.513601 3.45665 1.959636 177 184 174
0.04909689 3.296942 2.340662 190 191 182
0.3644799 3.276723 2.500214 179 185 179
-0.1444523 3.310765 2.208633 173 173 159
-0.346712 3.374295 2.062597 169 173 166
0.05642238 3.274297 2.320586 191 192 181
1.047965 4.1532 2.301019 144 145 127
-0.3880152 3.393059 2.008707 144 143 128
-0.2902661 3.313648 2.086491 143 145 126
-0.3941644 3.377908 1.992164 174 177 168
-0.1822421 3.267376 2.158317 124 124 111
-0.5165938 3.438267 1.882712 149 156 146
1.229323 4.132434 2.358204 192 199 196
-0.5212775 3.431947 1.860333 189 189 181
-0.9411836 4.98219 0.6951361 127 119 99
-1.087103 5.047444 0.569981 140 128 110
-0.9137052 4.989761 0.6893272 153 145 127
-1.513297 5.228913 0.2448912 158 149 131
-0.4038396 3.358886 1.885594 159 157 141
-0.9022326 5.040174 0.5613744 125 114 95
-0.2202568 3.323201 1.974418 154 151 135
-0.02162695 3.240372 2.123553 148 147 132
-0.8726028 5.071781 0.5218037 145 137 120
-1.119135 3.885752 1.140742 179 178 170
2.560938 3.780638 3.037427 154 148 132
0.105511 3.197332 2.154859 155 153 135
0.1377176 4.738619 1.163532 157 161 151
-0.2426778 3.386726 1.816043 118 119 107
-0.6511834 3.438973 1.578864 142 148 134
-0.2358916 3.385771 1.794619 158 158 148
-0.04758924 3.291919 1.948384 191 193 180
-0.03362405 3.304356 1.924233 136 135 122
-0.005851179 3.265315 1.956614 134 137 120
0.2877939 3.151642 2.136187 171 169 154
0.09289904 3.193496 2.009216 178 179 169
-0.7506515 3.519713 1.371521 146 147 125
0.2976536 3.150194 2.122257 166 157 135
-0.3679224 3.433632 1.581761 157 162 152
-0.7180004 3.489122 1.357526 105 102 84
-0.05074483 3.307521 1.793443 155 160 149
-0.2028624 3.38479 1.656682 178 178 166
0.4234872 3.097613 2.136709 148 148 137
-0.3711667 3.436626 1.506227 149 151 137
0.2274116 3.119776 2.005943 149 151 140
0.2226037 3.129815 1.987589 171 176 167
1.688724 4.445111 1.710168 162 161 142
-0.9501188 3.71747 0.9818152 125 126 109
0.2338188 3.178023 1.893467 163 167 156
0.02796619 3.267493 1.728384 147 149 141
-0.0201019 3.304229 1.6708 159 163 154
0.5288929 3.073187 2.090681 161 161 152
-0.2725205 3.412266 1.475491 175 182 173
-0.9222066 3.706784 0.95415 98 99 86
-0.6996695 3.480187 1.214498 142 141 120
0.3442145 3.056129 1.999938 123 120 103
0.08469525 3.256052 1.719337 172 175 165
0.08469525 3.256052 1.719337 172 175 165
0.3066431 3.117148 1.919232 148 148 136
0.3034395 3.134809 1.900581 136 137 121
-0.7075114 3.481141 1.173169 144 141 120
0.580475 3.051123 2.080945 167 169 159
-0.2236433 3.379495 1.445735 167 175 165
-0.223573 3.374336 1.42523 188 194 191
0.3543802 3.141172 1.842427 155 155 147
0.9122173 3.015589 2.174943 181 187 182
-0.9403455 3.747146 0.7690675 86 86 72
-0.4289927 3.468107 1.19737 119 115 94
0.4633218 3.035489 1.913443 125 127 115
-0.08280895 5.332013 -0.08400947 151 151 134
0.5077125 3.007841 1.932587 137 139 128
-0.6139504 3.502425 1.025495 59 52 35
0.5222225 3.036014 1.859492 151 152 143
-0.6395245 3.499415 0.9912544 76 67 43
-0.8645378 3.663082 0.7583234 142 143 126
0.4749892 3.156574 1.725363 128 129 120
0.3826717 3.169602 1.675674 173 179 172
-0.4516996 3.502449 1.008689 154 161 151
-0.09838752 3.139314 1.441177 177 184 177
0.5792061 3.059667 1.785527 142 143 133
-0.7639736 3.562505 0.795346 162 165 150
0.548727 3.118454 1.713562 144 144 134
-0.5878411 3.516157 0.9068765 146 150 139
0.3558491 3.136565 1.610234 175 186 185
-0.0572326 3.086751 1.470942 172 179 176
0.572568 3.118372 1.698445 121 123 114
-0.5274905 3.523388 0.8875499 132 134 121
1.166261 3.025024 2.009784 152 157 147
-0.0902258 3.062727 1.43527 165 172 170
-0.1388423 3.086264 1.381852 160 168 159
-0.2647643 3.23515 1.203054 145 154 141
0.3972771 3.10993 1.574633 125 131 121
0.6694413 3.015806 1.770467 132 134 124
-0.480124 3.527364 0.8456783 160 162 153
-0.3878393 3.495249 0.8889903 118 125 111
-0.4944029 3.533614 0.8085157 158 160 150
-0.2625854 3.109187 1.221024 115 124 110
-0.2495902 3.103533 1.231185 160 164 155
-0.1843147 2.97434 1.318824 164 171 164
-0.3004028 3.48026 0.8293719 128 132 123
0.884015 2.959381 1.762294 142 147 138
-0.1193732 2.921515 1.371166 159 168 159
-0.6947435 3.570068 0.5768209 136 137 122
-0.6618782 3.551786 0.6059558 123 125 107
0.7086189 3.080388 1.564461 153 154 144
-0.4471337 3.545037 0.6591705 153 156 145
-0.2961372 3.468445 0.7756976 133 135 123
-0.235183 2.897799 1.267957 166 172 166
0.7214723 3.021334 1.54727 122 128 125
-0.4071876 3.549401 0.5541945 130 133 121
-0.4071876 3.549401 0.5541945 130 133 121
-0.6544673 3.582321 0.4070754 151 153 141
-0.1961516 2.743863 1.298544 151 155 146
-0.2156509 3.434864 0.6548599 143 143 129
0.7811216 2.840209 1.538745 136 142 134
-0.4517492 3.59632 0.3752396 101 96 78
-0.007607397 2.632956 1.395559 135 141 131
-0.3248133 2.68667 1.194414 131 136 127
-0.07233251 2.047715 1.449736 147 158 155
-0.6251049 2.10725 1.170848 116 123 109
-0.07578393 1.928803 1.427087 127 134 128
-0.7026268 2.216388 0.8870585 170 168 144
-0.6705067 2.005103 1.11393 119 125 110
-0.1340277 1.927876 1.359264 123 133 127
-0.6488655 1.976709 1.124802 119 126 114
-0.7625084 2.259087 0.7689548 138 142 123
-0.04052069 1.858861 1.420873 134 144 136
-0.5974581 1.918349 1.148622 115 122 110
-0.05587182 1.845322 1.377381 165 166 154
-0.2118297 1.77667 1.280946 138 150 151
0.06559201 1.707086 1.419216 147 144 128
-0.4058268 1.760381 1.198913 116 125 120
-0.7246615 2.03694 0.7637053 191 192 179
-0.4126477 1.746888 1.190575 166 176 170
-0.3197922 1.701708 1.212614 171 181 182
0.07525215 1.612307 1.427811 146 151 146
-0.4427373 1.716481 1.161018 171 181 176
0.07339299 1.606388 1.407603 119 124 113
0.09125605 1.555407 1.442529 121 124 113
0.1091619 1.537559 1.453352 147 148 144
-0.417239 1.656976 1.143221 126 134 127
0.06728964 1.563397 1.373205 125 125 113
-0.4332687 1.628377 1.11291 151 163 156
-0.3651918 1.610022 1.139914 174 187 184
-0.3710913 1.587442 1.125353 128 137 130
-0.4753793 1.603604 1.040457 155 162 148
-0.4186347 1.572354 1.067258 142 151 146
-0.3394119 1.559005 1.104502 172 179 170
-0.1188984 1.48544 1.227971 157 165 160
-0.04315965 1.463619 1.276115 113 114 104
-0.4410372 1.567478 1.029805 186 193 183
-0.7004131 1.840297 0.6084269 147 153 140
-0.1449853 1.474999 1.207758 126 135 130
0.1773524 1.353165 1.432014 112 109 93
-0.8193138 1.863668 0.537383 137 146 143
-0.09981411 1.45273 1.234251 169 177 175
-0.4597889 1.561187 0.9910382 182 186 168
-0.1153981 1.437692 1.223343 140 146 143
-0.129232 1.436676 1.205969 131 137 131
-0.09914029 1.418275 1.234389 120 128 123
-0.4827744 1.586171 0.9176456 126 126 106
0.077954 1.252882 1.466762 103 108 98
-0.7911176 1.817186 0.5217978 147 157 156
-0.04708585 1.386013 1.253561 112 117 103
-0.5313011 1.564479 0.8758337 132 134 119
-0.5976093 1.745997 0.5947655 152 154 141
-0.2588688 1.42861 1.083369 161 166 162
-0.7052265 1.737374 0.4971105 127 134 127
0.03804601 1.150054 1.418427 166 173 170
-0.1425821 1.265837 1.215244 126 123 110
-0.1577062 1.266515 1.200482 65 62 43
-0.3035295 1.370803 1.022513 154 165 162
0.04035073 1.141954 1.398734 63 63 56
0.06814097 1.10961 1.428568 186 194 191
-0.0583978 1.16795 1.320676 97 98 90
-0.0583978 1.16795 1.320676 97 98 90
-0.3802377 1.361209 0.9778731 175 185 186
-0.2047888 1.172908 1.255332 148 154 144
-0.5533765 1.593405 0.5587751 157 154 130
0.2429388 1.019388 1.438622 114 122 116
-0.4133632 1.295319 0.917801 131 141 134
0.2357406 1.016491 1.420987 138 143 136
-0.4614264 1.293414 0.8850234 172 184 183
-0.4212945 1.267882 0.8974337 127 140 138
-0.4005385 1.263509 0.9092303 156 168 166
-0.4138171 1.248047 0.8920612 124 136 129
-0.2327582 1.081141 1.157576 185 193 184
-0.237317 1.072744 1.141259 138 144 137
-0.2856607 1.074645 1.10541 116 121 111
-0.2123939 1.041076 1.159496 110 111 99
-0.3881115 1.195603 0.8884802 126 134 128
-0.2798569 1.036694 1.112046 134 142 133
-0.2598686 1.019039 1.1276 114 120 110
-0.3984314 1.162416 0.8438251 186 190 180
-0.1694813 0.9581164 1.170104 156 158 146
-0.508736 1.190457 0.7553027 181 192 189
-0.348829 1.07516 0.9147454 118 126 112
-0.4264767 1.134634 0.7835182 196 201 191
-0.4820497 1.14953 0.7401636 149 159 150
-0.3867763 1.077695 0.8468867 128 136 126
-0.1626796 0.9083784 1.142322 137 143 135
-0.4200536 1.104906 0.7816596 186 191 181
-0.4051285 1.087862 0.8005331 131 137 124
-0.4126903 1.088683 0.7896672 134 141 130
-0.217924 0.9711857 0.9987214 149 148 127
-0.1533945 0.8908042 1.104976 196 197 184
-0.2222872 0.953217 0.9814498 145 144 126
-0.4985737 1.120213 0.6750795 170 181 176
-0.5051525 1.123675 0.6598083 146 155 136
-0.2110122 0.9099503 0.9967761 143 143 126
-0.3125174 0.9711062 0.8674985 164 171 160
-0.2096957 0.8995706 0.9874693 179 185 175
-0.121676 0.8171384 1.069756 139 141 127
-0.2345494 0.8465155 0.9500174 166 173 163
-0.4500378 0.9947383 0.6763297 145 150 130
-0.4092422 0.9698683 0.6884825 186 184 158
-0.4773082 1.022212 0.5666134 145 149 132
-0.4424431 0.937509 0.620749 117 122 105
-0.2040593 0.7835131 0.896286 148 150 137
-0.4640066 0.9737236 0.5404319 141 145 135
-0.2389264 0.7757704 0.8674291 168 169 152
-0.4647198 0.9567157 0.5203514 125 130 111
-0.1472837 0.7394198 0.92787 127 129 117
-0.4902993 1.002119 0.4264776 138 143 124
-0.4959289 1.016111 0.3523754 182 184 175
-0.4904222 0.9824952 0.3840606 135 137 123
-0.3437884 0.7958972 0.7395069 186 190 180
-0.2845727 0.7647922 0.78912 184 191 183
-0.4029167 0.8325711 0.6395189 130 136 124
-0.4882195 0.9230325 0.399258 141 142 120
-0.4742059 0.9129614 0.3775838 164 165 152
-0.3860195 0.8145007 0.5467221 181 184 166
-0.4328344 0.8243435 0.5195682 144 152 142
-0.3446393 0.7406687 0.538766 173 177 164
-0.3036273 0.720767 0.5626388 168 169 151
-0.4428182 0.9077104 0.1362962 144 149 137
-0.2979074 0.6697173 0.5149216 140 144 123
-0.2949621 0.7604632 0.2364691 196 199 178
-0.2949621 0.7604632 0.2364691 196 199 178
0.3736582 0.9029053 -0.1782152 153 151 131
-0.2085768 0.6973999 0.06923109 161 168 159
0.03563004 0.4537565 0.5167519 160 158 138
-0.09186304 0.603618 0.1752903 199 201 190
0.02756425 0.4592274 0.4670483 139 143 132
0.03537333 0.4298849 0.4724095 119 122 108
0.2042985 0.5220882 0.02428849 191 197 187
0.1790906 0.4278455 0.1340904 146 150 143
6.661954 1.761542 -6.757736 167 164 147
-1.12171 0.9633588 -1.379215 164 160 141
6.713977 1.702882 -6.774106 185 183 167
6.68397 1.47927 -6.858232 166 165 148
7.475132 0.9017754 -6.624712 182 180 163
7.914447 0.6781928 -6.296367 183 182 164
8.38037 0.4940774 -6.011329 185 183 166
8.38037 0.4940774 -6.011329 185 183 166
7.970979 0.6333714 -6.313951 168 164 143
7.39885 0.6622625 -6.702966 167 162 142
-0.9053099 3.894663 2.984459 89 78 64
-0.8000154 3.845337 3.066087 175 170 153
-2.048884 4.353519 2.111303 76 67 49
-0.9778769 3.925194 2.919514 185 179 166
-0.9778769 3.925194 2.919514 185 179 166
-0.3636699 3.68637 3.375581 95 88 75
-0.4364187 3.717513 3.315794 47 42 37
-0.430545 3.706501 3.321436 187 181 169
-0.4005033 3.706813 3.340797 106 97 85
0.2978621 3.423951 3.880769 193 190 183
-1.367831 4.091571 2.604555 188 182 167
-1.99669 4.337689 2.131907 174 169 152
-1.42268 4.120077 2.555562 190 182 171
-0.7265872 3.83221 3.08374 180 173 160
-1.720931 4.237758 2.330728 172 163 147
-0.4860592 3.736202 3.264071 188 183 171
-0.4219075 3.71101 3.311834 186 181 167
-0.5819483 3.807192 3.176506 166 161 148
-1.398269 4.117285 2.558329 192 187 173
-1.326581 4.089912 2.608345 190 184 172
-0.7484558 3.857784 3.041553 182 172 157
-1.342081 4.105531 2.57222 188 179 166
-2.002805 4.36714 2.073005 187 184 167
-0.7376395 3.870337 3.016095 153 143 126
-1.902456 4.333549 2.134294 182 175 160
-0.9448986 3.954769 2.852515 141 135 109
-0.9448986 3.954769 2.852515 141 135 109
-1.510569 4.190917 2.411071 178 172 156
-0.6484008 3.840688 3.060985 182 172 157
-1.132576 4.051922 2.682227 183 179 162
-0.207346 3.690295 3.357599 199 194 184
-0.5319278 3.829436 3.085787 179 172 160
-1.774763 4.340497 2.111977 167 157 143
-1.374243 4.186827 2.402446 174 169 153
-0.6193855 3.886341 2.972375 46 45 41
-0.6193855 3.886341 2.972375 46 45 41
-1.282918 4.161438 2.45542 182 177 161
0.04263494 3.637912 3.456088 170 164 152
0.1838887 3.582934 3.561837 84 77 67
0.1773755 3.588666 3.554991 176 174 162
-0.6203143 3.911191 2.917434 187 180 169
-1.252204 4.16995 2.430416 175 167 152
-0.8633413 4.014207 2.722372 148 141 117
-0.8017287 3.994338 2.759134 193 187 174
-0.8870731 4.044648 2.686391 182 172 157
-1.444195 4.252059 2.269774 176 166 151
-1.565152 4.304952 2.171656 172 167 148
-1.255876 4.185247 2.401977 190 183 170
-1.254656 4.187946 2.389479 176 171 155
-0.2664765 3.791289 3.132703 169 159 146
0.7282308 3.40303 3.889904 47 47 49
-0.7265175 4.005409 2.734952 85 80 59
-0.8568369 4.056623 2.633267 184 177 161
-1.671365 4.390568 1.99881 176 171 156
-1.56826 4.359141 2.054834 182 175 159
-0.4958093 3.941843 2.856983 82 75 60
-0.9344169 4.13324 2.48561 179 173 156
-1.338525 4.292486 2.173285 162 154 138
-1.321245 4.296666 2.170026 182 175 161
-2.271621 4.682676 1.447431 175 166 152
-1.382003 4.327956 2.108266 172 166 151
0.3109141 3.66037 3.376412 114 104 81
-0.08931814 3.857402 3.035724 170 164 152
-1.486974 4.39258 1.980716 175 169 154
-0.4386235 3.974669 2.764501 128 123 108
-1.112872 4.254068 2.24599 196 191 175
-0.6054637 4.042991 2.635285 171 167 153
-1.508255 4.423242 1.93308 161 151 136
-0.2763695 3.921208 2.862963 112 109 90
-0.2763695 3.921208 2.862963 112 109 90
-1.766865 4.519536 1.731988 168 158 144
-1.576237 4.461034 1.867329 147 138 123
-0.7432082 4.121925 2.490404 75 70 52
-0.5797283 4.046986 2.617488 161 156 143
-0.4096559 4.000745 2.737968 92 89 74
-1.37845 4.376149 2.005228 135 129 112
0.045175 3.847056 3.063941 164 158 147
-1.555046 4.452672 1.860585 155 144 125
-0.5817026 4.055193 2.598022 145 140 126
-1.684396 4.523339 1.739794 161 152 133
-0.1637298 3.904261 2.887004 114 108 92
-1.544816 4.481611 1.810538 144 137 118
-1.888094 4.612291 1.554787 162 151 133
-1.888094 4.612291 1.554787 162 151 133
-1.652251 4.524116 1.719593 179 169 155
-1.449216 4.4543 1.855855 104 94 74
-0.02389782 3.868962 2.94184 161 156 142
-1.196255 4.349442 2.044836 159 153 139
-1.449156 4.465091 1.838228 164 155 141
-1.954782 4.6722 1.446086 169 158 146
-0.2119171 3.97315 2.755574 146 144 125
-0.5773716 4.139865 2.465334 153 150 128
-0.9364671 4.08039 2.265619 152 159 152
-1.787361 4.624262 1.525412 155 145 130
-1.602355 4.554635 1.644031 174 164 151
-2.059782 4.746361 1.292732 155 144 129
-0.9214693 3.987155 2.269341 159 164 158
-1.16525 4.3976 1.939296 152 145 132
-0.9263523 3.985961 2.253976 195 200 199
-1.570545 4.557004 1.634533 158 143 128
-0.9003292 3.929232 2.259973 162 168 158
-0.9282256 3.943189 2.22599 196 202 202
-1.242692 4.469608 1.81011 172 167 154
-0.950721 4.354539 2.026727 145 144 127
-1.905217 4.743204 1.294747 151 143 125
-0.479572 3.731163 2.557551 164 172 165
-1.186467 4.463359 1.811982 150 143 128
-1.626155 4.63763 1.481449 172 166 152
-1.118252 4.446116 1.844378 168 163 151
-1.101396 4.436459 1.847897 143 137 120
-1.097768 4.449392 1.829605 166 160 147
-0.8785642 3.862707 2.22215 183 191 185
-0.644415 3.766589 2.396413 141 147 135
-1.348375 4.555826 1.630336 109 105 87
-0.9394196 3.876863 2.159442 151 160 154
-1.325935 4.551441 1.630463 136 126 111
-1.395156 4.58568 1.572369 161 151 135
-0.4632378 3.677583 2.501994 177 182 176
-0.3276488 3.59966 2.605237 177 180 172
-0.2064965 3.570343 2.672058 177 176 164
-0.0208411 4.082044 2.533201 130 133 117
-1.052793 4.49123 1.738502 135 127 110
-1.557952 4.692389 1.35608 168 160 147
1.048535 3.663711 3.324652 165 161 151
-1.480508 4.666502 1.404744 160 156 140
-0.6178268 3.713708 2.330857 166 171 162
-0.6178268 3.713708 2.330857 166 171 162
-0.6597039 3.724356 2.299183 163 168 162
-1.949998 4.861411 1.039014 172 166 152
-0.6850126 3.728448 2.276572 161 167 157
-0.6955191 3.720671 2.251731 158 166 155
-1.01159 3.883873 1.986095 169 177 176
-0.9798582 3.86782 2.009206 142 148 137
-0.1795887 3.51263 2.621233 156 155 142
-0.0886788 4.190659 2.317348 132 136 120
-0.7164068 4.42449 1.841248 148 155 143
-1.683798 4.817412 1.110646 165 159 142
-0.1126867 4.207613 2.288252 173 168 153
-0.6536227 3.688911 2.228593 177 178 170
-1.907405 4.907453 0.9382469 168 163 148
-0.4808559 3.601384 2.365936 126 122 97
-1.241762 4.656968 1.408564 142 134 119
-1.144823 3.996396 1.780239 130 130 113
-0.1377964 3.483762 2.593262 188 187 169
-1.967632 4.956878 0.8430523 171 167 151
-1.177011 4.637269 1.431706 155 147 129
-0.9029769 4.571651 1.603413 133 135 114
-2.001243 4.989999 0.7791407 170 160 145
-1.177875 4.667399 1.382637 163 158 146
-0.6586762 3.623968 2.164513 175 177 168
-0.6019517 3.618544 2.199506 175 177 165
-1.806799 4.963469 0.8318987 181 176 160
-0.5810191 3.592017 2.201595 85 80 61
0.1281879 3.87818 2.436441 183 184 172
-1.08332 4.67507 1.34853 137 128 112
-0.5725434 3.575501 2.189955 98 93 75
1.463385 3.729499 3.218664 153 145 131
-1.219862 4.745938 1.203316 137 130 112
-0.8937972 3.728493 1.869704 164 171 161
-0.1940662 3.410498 2.386532 151 154 140
-1.159876 4.784482 1.126814 142 135 117
0.7821464 4.053983 2.55668 162 162 149
-0.5348713 3.511197 2.134043 152 147 131
-0.1697093 4.427519 1.825444 161 160 141
-0.6950994 3.577535 1.994329 156 161 142
-0.1383972 4.438058 1.808805 143 141 124
-1.961159 5.152675 0.4435534 136 127 108
-1.216298 4.860383 0.984687 167 159 145
-1.289162 4.911765 0.8849562 152 143 122
0.3801478 4.327316 2.024544 166 167 154
-0.1220525 3.340372 2.282069 150 148 128
-0.02279107 3.316924 2.325844 175 179 169
-0.3934019 3.431279 2.060656 181 181 171
-1.065247 3.873996 1.449243 162 164 153
-0.3488725 3.412533 2.081087 168 170 160
0.6014603 4.294061 2.053871 153 153 133
-0.4197345 3.432618 2.023361 155 160 149
-0.2746516 3.372456 2.131721 159 165 159
-0.1422202 3.325911 2.226169 133 131 107
-1.078317 4.938223 0.7955043 142 135 117
-0.04380533 3.297693 2.264049 182 186 174
-0.4564405 4.727616 1.196113 113 102 83
-0.0213768 4.585299 1.507635 141 146 127
-0.5333935 3.440535 1.884191 172 177 168
-0.2174973 3.281633 2.137461 138 138 126
-0.5847538 3.456147 1.840955 155 159 146
-0.4661759 3.388415 1.909999 179 182 172
-0.5795096 3.450157 1.813064 153 159 148
-0.478336 3.397805 1.892277 176 181 173
0.2647548 5.361763 1.026665 166 167 153
1.842585 3.937042 2.709394 116 111 96
2.008562 3.872506 2.837782 140 131 113
-0.2053477 3.283922 2.057868 91 90 77
1.873828 3.967121 2.659997 136 129 117
-0.5131716 3.378584 1.821863 148 144 126
0.02196188 3.201442 2.179326 137 130 114
1.936831 3.969922 2.64752 148 142 127
-0.3936746 3.356172 1.868724 122 120 100
-0.6835766 3.473172 1.608765 147 153 139
2.221413 3.910086 2.767162 139 129 112
-0.6094916 3.427704 1.661999 167 174 163
1.372871 4.249157 2.114712 192 200 198
-0.09246732 3.276007 1.999571 144 143 126
1.131326 3.635452 2.35436 166 175 170
-0.1696054 3.366917 1.874625 129 128 118
-0.2557618 3.390249 1.767731 137 140 130
0.553637 4.671824 1.286537 158 157 144
-0.7307332 3.486704 1.37908 148 144 122
0.4141378 3.083937 2.192251 160 157 145
-0.6936445 3.44643 1.41456 79 77 60
-0.6936445 3.44643 1.41456 79 77 60
2.817443 3.889391 2.771604 149 143 127
-0.6921331 3.451965 1.393439 141 139 117
-0.707137 3.473631 1.367704 141 136 115
-0.2250214 3.390414 1.650295 73 75 59
-0.390966 3.434893 1.536125 133 136 118
0.4337029 3.080497 2.163572 149 151 139
-1.031383 3.818144 0.9607626 141 146 136
-0.4038143 3.440721 1.508353 148 151 138
-0.1672396 3.380061 1.65767 166 168 158
-1.013081 3.813464 0.9542266 176 174 155
-0.9356016 3.734887 1.041723 133 133 119
0.2693638 4.929131 0.7741647 107 103 86
1.546825 4.449982 1.696606 183 188 182
0.1586527 3.229467 1.815521 158 163 158
0.2432727 3.186102 1.868021 165 167 157
-0.04102014 5.125324 0.3434201 129 132 107
-0.03799617 3.31267 1.637945 172 174 163
-0.6834154 3.471057 1.222993 112 111 93
-0.1386665 3.353125 1.542159 192 195 186
-0.4968632 3.488033 1.274847 159 158 145
-0.8597042 3.6938 0.9566774 144 151 134
1.459704 4.617117 1.349707 183 186 176
-0.2000119 3.360461 1.461547 181 191 186
-0.04928743 3.277253 1.584444 115 122 111
-0.2015966 3.352887 1.445594 162 172 166
0.2357096 3.201433 1.757925 166 172 164
-0.1611175 3.33325 1.476927 163 170 161
-0.3881117 3.452 1.273491 152 156 142
-0.4738214 3.481422 1.204396 131 136 115
0.2698759 5.149932 0.3079798 121 118 102
-0.1321986 3.301552 1.488166 181 188 178
-0.5763202 3.507397 1.122166 88 88 74
-0.7308924 3.511937 1.046124 148 148 128
-0.1957428 3.32937 1.418469 161 168 158
0.2374433 3.207716 1.685444 153 155 143
0.2537498 3.202028 1.68863 170 171 159
0.2772757 3.20248 1.677388 153 154 140
-0.5648875 3.508035 1.062479 144 144 131
-0.1692978 3.264319 1.422088 184 189 180
0.3332175 5.227109 0.1344881 135 131 114
-0.449892 3.489054 1.099623 128 133 111
-0.05805282 3.164751 1.512998 172 184 181
-0.7184079 3.516078 0.9409741 149 146 129
-0.1217163 3.198833 1.438824 174 183 172
0.3147772 3.173324 1.639775 132 134 120
0.4926895 3.149771 1.739242 145 146 135
-0.08661485 3.152876 1.469852 169 179 172
-0.9270431 3.71551 0.6400297 148 147 137
-0.9270431 3.71551 0.6400297 148 147 137
-0.09431809 3.137529 1.457906 127 133 122
-0.8522778 3.645464 0.7220144 144 147 129
-0.3076988 3.44245 1.10668 141 145 126
-0.08755089 3.12561 1.448784 167 176 167
-0.1426228 3.149561 1.402464 166 170 162
-0.5004859 3.521113 0.9245825 139 140 126
-0.7583406 3.560869 0.7774498 112 110 92
-0.2427784 3.194422 1.267857 170 178 174
-0.156366 3.108689 1.372621 168 174 167
-0.2486163 3.188994 1.254357 149 157 147
0.5561801 3.120128 1.651031 134 139 132
-0.4918355 3.530162 0.8665794 143 145 132
-0.2466329 3.16635 1.259864 167 177 170
-0.6092579 3.532055 0.80708 128 129 113
0.65228 3.042021 1.738525 103 104 91
0.6727523 3.028459 1.737683 120 123 109
-0.2688875 3.192173 1.1992 144 152 140
0.6969181 2.993105 1.766581 131 132 122
-0.3629013 3.488376 0.9032746 116 121 103
-0.4665145 3.525614 0.8179994 159 163 155
-0.3512529 3.482463 0.8931725 145 151 142
-0.4382889 3.52414 0.7769455 143 143 131
0.7331072 3.064513 1.638431 121 125 113
-0.1704903 2.971422 1.334079 139 146 139
-0.256757 3.454479 0.8913456 174 177 170
0.730537 3.081489 1.601174 115 119 107
0.7373017 3.056676 1.623014 102 104 96
-0.4250267 3.524675 0.7480081 140 138 121
-0.3822533 3.511876 0.7607977 128 129 112
-0.2494552 3.44301 0.8718546 185 189 180
-0.2279741 2.937282 1.285916 163 169 162
2.33095 4.953413 0.6352146 147 160 157
-0.09627853 2.875251 1.386488 165 169 166
-0.002936529 2.840359 1.449333 175 180 178
-0.1761923 2.880839 1.318027 140 147 139
0.005444904 2.812673 1.446362 167 175 172
0.8535072 2.999291 1.623943 131 131 118
-0.3698453 3.518261 0.6596832 159 160 150
-0.008709154 2.793198 1.433202 145 151 145
-0.04966718 2.795976 1.407966 159 163 156
-0.3065651 3.480347 0.7025259 152 152 142
-0.2528266 2.854384 1.254141 164 171 169
0.7180979 2.965129 1.529018 137 146 140
-0.6605628 3.584291 0.4347181 117 120 102
-0.2830055 3.47589 0.6793829 147 147 135
-0.3893873 3.535479 0.567806 153 155 145
-0.3893873 3.535479 0.567806 153 155 145
-0.4928007 3.587328 0.3816233 127 126 109
-0.1697613 3.506003 0.4457752 120 116 95
1.277424 2.814439 1.542556 158 168 163
0.8970957 2.692644 1.45372 128 134 127
-0.7708538 2.418834 0.9814572 125 128 101
-0.6758797 2.26834 1.122404 122 128 113
-0.5167283 2.197109 1.247086 161 168 163
-0.1024914 2.020102 1.420033 106 111 100
-0.08171184 1.978577 1.445841 145 155 149
-0.06622646 1.957378 1.444683 119 127 118
-0.5848749 1.769096 1.423499 122 133 129
-0.06458173 1.90199 1.427947 182 189 186
-0.3883422 1.936187 1.260565 133 145 143
-0.6992582 2.148346 0.9051244 163 162 145
-0.4201404 1.819141 1.215745 161 170 169
-0.4201404 1.819141 1.215745 161 170 169
-0.1086687 1.773108 1.323547 172 178 176
-0.7727883 2.083502 0.6753503 165 165 150
0.1105237 1.523039 1.447453 165 170 161
-0.7323259 1.92919 0.65872 192 193 177
-0.7463051 1.921191 0.6394703 181 181 168
-0.8419089 1.921602 0.5775872 145 153 148
-0.7238447 1.886071 0.616423 163 168 159
-0.4392478 1.586868 1.064127 143 152 145
-0.8452611 1.899291 0.5560549 179 186 184
-0.5704391 1.676043 0.8954543 151 155 135
-0.8708375 1.894602 0.5351294 135 143 137
-0.5640032 1.668184 0.8926538 193 196 174
-0.4353623 1.557105 1.02101 130 134 116
-0.3119305 1.526596 1.089043 100 104 93
-0.3119305 1.526596 1.089043 100 104 93
-0.2699903 1.507276 1.118789 176 187 188
-0.4410197 1.555429 1.008705 189 191 177
-0.4512755 1.55011 0.9953483 137 136 116
-0.5682 1.714332 0.7393637 127 126 103
0.09069467 1.262366 1.481387 99 101 90
-0.08728506 1.404672 1.239617 165 175 176
-0.7088067 1.804416 0.5571911 147 155 144
-0.5085833 1.563582 0.9182472 148 150 137
-0.5975553 1.758501 0.6322995 122 121 104
0.0773326 1.227251 1.480023 105 111 105
-0.584214 1.754534 0.62624 175 175 159
-0.08766317 1.375192 1.21092 117 122 113
-0.6164763 1.725866 0.5508703 132 138 128
-0.6887552 1.747396 0.5097059 134 143 135
-0.5508052 1.697029 0.5802631 157 156 134
-0.6110653 1.686266 0.5202283 157 160 150
-0.6650179 1.69636 0.492258 173 179 171
0.04955601 1.126577 1.413648 175 183 178
-0.5974178 1.656247 0.5108643 130 133 121
0.0594762 1.102087 1.410212 169 174 166
-0.2471004 1.274009 1.111161 133 135 124
-0.6497464 1.662257 0.4743086 166 172 168
-0.2244187 1.255691 1.129655 137 134 119
-0.6262098 1.651581 0.4882643 158 159 150
-0.4760332 1.92831 0.08650277 154 147 117
-0.2758184 1.312289 1.009176 156 157 145
-0.599046 1.623943 0.495596 152 154 140
-0.3641205 1.318027 0.9609221 159 166 159
-0.6333954 1.414971 0.7694152 109 115 89
-0.4462697 1.328924 0.9221241 184 192 192
0.06435762 1.070743 1.357308 82 81 65
-0.1670281 1.079043 1.235318 178 186 179
1.262167 1.653116 0.5441687 148 153 143
-0.4498278 1.262865 0.8730406 184 192 189
0.03437783 1.00511 1.312293 133 131 118
0.2602945 0.9508502 1.401406 114 120 114
-0.4157512 1.20888 0.8621495 193 200 198
-0.4169225 1.202003 0.8539212 151 159 154
-0.3492468 1.16335 0.9185137 157 162 153
0.03226409 0.9224261 1.307718 169 174 167
-0.2668344 1.017526 1.117414 205 215 211
-0.2982292 1.064584 1.000666 177 182 169
-0.3463548 1.097437 0.9245129 126 132 116
-0.5025403 1.180789 0.7572734 145 153 143
-0.5364416 1.194807 0.7177356 136 144 124
-0.375339 1.104073 0.8670049 134 143 132
-0.3916903 1.112801 0.8322132 184 186 174
-0.06948883 0.8942217 1.212287 144 145 134
-0.4688208 1.144913 0.7453814 151 162 158
-0.507718 1.15053 0.7062432 165 174 163
-0.5136575 1.142009 0.6849083 161 173 162
-0.5159794 1.141865 0.6735421 137 144 126
-0.4586265 1.113957 0.7235854 171 182 181
-0.4563965 1.104835 0.7247252 206 213 211
-0.3427176 1.01071 0.8889723 159 166 156
-0.2803298 0.982602 0.9401435 192 197 183
-0.2322203 0.9607408 0.9731831 173 173 156
-0.4477912 1.094764 0.7278185 152 160 158
-0.1572408 0.886692 1.092993 145 146 128
-0.4184674 1.060036 0.7773359 126 133 123
-0.2434188 0.9575149 0.9580364 176 177 159
-0.2458899 0.9461591 0.9521877 146 144 128
-0.2576603 0.954255 0.9351769 169 174 162
-0.4472868 1.070588 0.7214517 137 142 135
-0.3265914 0.990564 0.8682445 193 195 178
-0.1684969 0.8721526 1.074955 162 164 155
-0.5359069 1.132677 0.6051112 126 132 107
-0.1667971 0.8614224 1.077377 116 118 109
-0.2457802 0.9237273 0.9578629 157 158 145
-0.2856871 0.9552332 0.8921329 172 173 161
-0.4526863 1.052875 0.7019376 154 163 156
-0.3282564 0.9700589 0.8483125 179 183 172
-0.3246909 0.9580948 0.8468742 171 173 159
-0.3246909 0.9580948 0.8468742 171 173 159
-0.1212525 0.8242923 1.078397 167 168 147
-0.46436 1.047677 0.6774251 143 149 136
-0.3263865 0.9313337 0.8432711 142 141 125
-0.2794926 0.8715914 0.9275481 166 171 166
-0.120864 0.8011922 1.047314 177 180 167
-0.3297925 0.8854824 0.8665076 147 148 141
-0.4380161 0.9881752 0.6658522 198 204 196
-0.1016751 0.7725113 0.9787297 150 148 132
-0.07440195 0.7573222 0.9942567 158 155 140
-0.003825638 0.7144238 1.056851 133 131 113
-0.5236372 1.053693 0.4056356 144 148 125
-0.4741412 0.9764677 0.5003998 142 148 138
-0.320121 0.809265 0.8017115 147 154 134
-0.4557015 0.9147004 0.584201 128 132 107
-0.4937159 1.012592 0.3783967 174 179 169
-0.4676729 0.9289969 0.534425 125 130 106
-0.189551 0.7309664 0.9014172 98 97 84
-0.1549561 0.7110333 0.9315258 165 165 155
-0.2220257 0.7521111 0.8441927 166 168 154
-0.1907334 0.7210582 0.9007343 150 153 144
-0.3111862 0.7857133 0.7798634 183 190 182
0.01115372 0.6639118 0.9911409 157 160 147
-0.2334278 0.7541003 0.8232372 141 142 125
-0.3886444 0.8252852 0.6731337 158 165 154
-0.241043 0.7456859 0.8097287 171 172 152
-0.3586028 0.7975149 0.7123364 183 188 179
-0.5040648 1.067872 0.1396897 140 144 139
-0.2751613 0.7442211 0.752035 189 195 184
-0.4543979 0.8731744 0.5043389 149 152 128
-0.515734 1.057927 0.1232234 128 134 127
-0.274783 0.7373925 0.7414663 143 148 136
-0.274783 0.7373925 0.7414663 143 148 136
-0.2671921 0.7218654 0.7578478 171 178 171
-0.2297683 0.6879903 0.8133141 116 127 108
-0.2666508 0.7064889 0.7562903 157 163 156
-0.4595788 0.9316292 0.3074777 176 173 157
-0.2914092 0.7188893 0.6756116 129 127 112
-0.3737398 0.7812608 0.5462108 173 175 163
-0.4247009 0.9444449 0.1946332 190 187 163
-0.2925771 0.7361395 0.5769874 157 154 128
-0.3055102 0.6877937 0.5453759 140 144 133
-0.4430136 0.8798952 0.1391693 121 121 103
-0.3081662 0.6820574 0.5293922 148 148 132
0.009698818 0.6928347 0.3518023 126 136 131
-0.3381225 0.813812 0.1015529 172 177 163
-0.03910485 0.5438237 0.6404616 166 164 148
-0.2942204 0.7692705 0.1069981 175 176 167
0.02144739 0.5144781 0.4926467 162 160 139
-0.2391937 0.7116128 0.04141455 127 131 113
0.03223938 0.4864247 0.4941927 149 146 125
0.009718314 0.4264195 0.6214017 167 168 154
-0.1592037 0.6634642 0.0802181 193 196 187
0.03333239 0.4711043 0.4911394 146 147 128
-0.1352292 0.6431842 0.1033444 138 148 142
0.02919956 0.4588088 0.48196 185 187 178
-0.0850212 0.5870214 0.1754669 159 164 154
-0.129301 0.6284204 0.08236405 105 105 94
0.06055062 0.3560122 0.546649 142 145 134
0.1748825 0.4638338 0.05480891 179 180 167
-1.673747 4.806679 1.131457 158 151 140
-1.76131 4.860966 1.023659 150 144 138
-1.143384 3.518723 3.790286 176 172 165
-1.605342 4.447332 1.869023 164 160 150
-0.9007277 3.578353 3.654692 193 192 190
-0.3912941 3.764376 3.23118 194 195 189
1.471901 3.26382 4.209313 201 200 197
1.620273 3.343889 4.047199 192 192 186
-2.130131 4.869289 1.041608 176 172 163
-1.139281 3.410707 4.024937 177 176 172
-1.44124 4.248965 2.283571 168 167 158
-1.103815 3.840864 3.092621 202 203 198
-0.7834505 3.683326 3.429752 179 180 173
-0.7135465 3.560219 3.672757 198 196 194
-0.9057845 4.196634 2.393983 191 191 187
-1.331105 4.945387 0.80465 151 147 136
-1.226537 4.992166 0.7004577 163 158 146
-0.387406 3.940816 2.857266 175 174 167
2.03482 3.119845 4.443531 171 167 157
2.483993 3.012758 4.638467 192 192 188
-1.608517 4.068122 2.65668 186 185 177
-1.608517 4.068122 2.65668 186 185 177
-1.295272 3.631075 3.578745 199 201 196
-1.355896 3.7389 3.342947 194 193 186
-1.355381 3.73941 3.345999 194 193 186
-1.517154 4.283341 2.236119 177 175 168
-1.039865 3.623804 3.554101 189 188 181
-0.7340693 3.474193 3.854594 190 189 186
-1.548424 4.862482 0.9966672 146 136 128
0.5245492 3.462158 3.841394 195 195 193
0.456853 3.625528 3.471999 206 209 208
0.9855776 3.269542 4.167971 159 155 147
1.192171 3.432618 3.84524 189 187 183
1.339897 3.468346 3.754369 164 162 152
3.686004 4.018229 2.574101 168 162 150
-1.481182 3.779485 3.268736 196 196 190
-1.711208 4.230277 2.330465 169 165 156
-1.618398 4.09479 2.616613 194 194 189
-1.628112 4.133092 2.544313 167 167 159
-2.002557 4.805083 1.162335 174 169 159
-1.23662 3.542539 3.758054 201 200 199
-1.885089 4.655878 1.463981 179 174 165
-1.931719 4.806217 1.09587 175 170 161
-1.240162 3.853689 3.09201 173 172 169
-1.853607 4.868031 1.020022 144 139 127
-1.619883 4.492237 1.783448 191 187 178
-1.517304 4.57835 1.581963 157 153 141
-0.7821326 3.451054 3.910717 197 196 193
-0.8054726 3.776101 3.219367 195 194 193
-0.8060435 4.007382 2.737828 203 203 198
-1.276927 4.809819 1.087054 171 167 160
-0.5572568 3.801783 3.155514 191 191 186
-0.1649128 3.241948 4.277003 201 201 198
-0.4697444 3.815677 3.117442 200 201 194
-0.5042224 3.916501 2.919548 173 170 162
-0.3808974 3.864485 3.014988 200 200 196
-0.1999967 3.678618 3.366195 193 192 188
0.1605163 3.366948 4.026695 203 203 201
0.3287024 3.562658 3.589396 190 185 178
0.9282443 3.37556 4.026122 185 181 174
1.190123 3.284699 4.17063 194 193 189
1.998349 3.310672 4.058211 191 190 183
2.121194 3.220242 4.215831 197 192 190
-1.505111 3.84565 3.156142 199 199 195
-1.25353 3.426441 3.996243 199 197 195
-1.421956 3.710292 3.399707 189 189 182
-1.915911 4.652113 1.469956 175 171 161
-1.331653 3.710692 3.408359 204 205 200
-1.827151 4.729949 1.304172 133 124 113
-1.787419 4.696075 1.37415 173 169 160
-1.662507 4.518537 1.734962 176 172 162
-1.173471 3.736911 3.335223 196 197 194
-1.418714 4.302337 2.169102 168 165 154
-1.093774 3.770525 3.253976 194 194 192
-0.7340686 3.330249 4.152321 185 182 173
-0.8466636 3.595168 3.623302 192 192 189
-1.631778 4.869302 0.9926235 171 165 159
-0.9645241 3.80499 3.167958 188 185 177
-0.8349613 3.801495 3.172297 196 193 190
-0.6779388 3.592671 3.601873 203 203 200
-0.5748325 3.440871 3.91317 188 188 180
-1.042508 4.363697 1.998945 168 168 166
-0.7317615 3.919203 2.915672 198 196 188
-0.7323318 3.99366 2.765073 196 195 193
-0.3501145 3.387495 4.010206 189 188 184
-0.6933727 4.050649 2.639543 194 196 191
-0.5929964 3.907386 2.939397 197 197 195
-0.5761331 3.924327 2.89727 206 206 204
-0.543905 3.946229 2.843856 201 203 201
-0.1310538 3.326187 4.125022 202 201 200
-0.2109001 3.767828 3.196256 189 187 181
-0.07931545 3.69778 3.338483 190 189 181
-0.3739926 4.444659 1.815638 146 152 137
0.3004137 3.607781 3.530771 201 205 201
0.07157611 4.049669 2.666688 141 147 129
-0.1604481 4.509927 1.68671 146 151 133
0.7855067 3.291984 4.187583 166 162 154
0.6507981 3.945055 2.836235 212 224 223
1.012907 3.446062 3.764808 198 198 196
1.239062 3.251282 4.216634 177 172 165
2.081344 4.089897 2.464793 180 186 184
-1.340653 3.559222 3.723751 194 193 188
-1.735995 4.235279 2.336044 180 176 169
-1.647741 4.094918 2.61922 192 191 188
-1.280844 3.536945 3.762996 194 195 190
-1.558196 4.053371 2.703635 194 193 190
-1.322741 3.8149 3.209176 202 201 197
-1.903189 4.755049 1.260556 139 134 123
-1.19788 3.592139 3.645173 194 195 191
-1.322323 3.841047 3.124148 194 192 190
-1.926631 4.867945 1.02403 169 165 160
-1.441716 4.13465 2.521389 201 201 198
-0.9201633 3.707173 3.376164 192 191 187
-1.059704 3.936805 2.902156 185 186 180
-1.32857 4.413082 1.932763 178 177 169
-0.7729577 3.564029 3.681523 193 192 192
-0.8503227 3.701367 3.381004 193 191 187
-1.514025 4.822891 1.074139 167 163 155
-0.9325904 3.878551 3.020992 195 194 191
-1.566358 4.924709 0.8681695 146 139 128
-0.8874992 3.902814 2.973213 196 196 193
-1.174899 4.402617 1.941654 165 162 153
-0.8278818 3.876651 3.019286 193 192 188
-1.344576 4.81576 1.087797 166 161 152
-1.353263 4.917885 0.8685908 171 167 159
-0.3304101 3.435775 3.930135 172 168 160
-0.5379838 3.811555 3.126434 193 195 188
-0.9535378 4.544184 1.628527 94 90 80
-0.3745515 3.608773 3.547747 203 203 201
-0.2747998 3.481103 3.808339 168 163 157
-1.008742 4.802925 1.081615 136 128 117
-0.06681441 3.319494 4.149107 203 202 200
-0.3784663 4.045079 2.662538 207 217 217
-0.6242713 4.735943 1.207751 113 117 99
0.01784659 3.708952 3.303797 167 162 152
-0.08555529 3.888535 2.927564 174 172 165
0.203532 3.741335 3.326319 169 166 157
0.5787661 3.343778 4.066707 200 200 198
0.618681 3.345852 4.033979 197 198 192
0.9206166 3.299432 4.160279 190 189 185
1.010975 3.180227 4.362597 198 193 191
1.111236 3.146817 4.464641 193 193 189
1.029728 3.356407 4.008728 192 190 182
0.4809071 4.321153 2.066358 156 164 151
1.122193 3.250419 4.211079 198 197 193
1.388239 3.120275 4.463104 196 196 192
1.293898 3.367602 3.944968 192 192 187
1.375367 3.400783 3.924399 186 181 178
1.613593 3.152377 4.396648 205 204 198
2.01344 3.629639 3.481747 178 177 169
2.938697 3.342051 3.993577 173 170 162
3.160957 5.20283 0.286794 99 101 78
-1.9864 4.595737 1.595586 151 147 137
-1.500287 3.815719 3.202741 202 207 203
-1.622304 4.034505 2.757194 187 184 178
-1.60175 4.02964 2.764341 203 203 199
-2.018169 4.701015 1.377271 175 171 163
-1.676993 4.175225 2.453705 175 171 162
-1.891808 4.561953 1.665959 172 168 158
-1.284778 3.663651 3.504835 178 178 171
-1.490798 4.073041 2.659369 183 182 176
-1.519419 4.120642 2.555337 202 201 200
-1.520472 4.119753 2.554345 202 201 200
-1.28103 3.74467 3.323436 192 191 184
-1.755994 4.577156 1.618898 165 164 153
-1.234945 3.761545 3.283342 191 190 183
-1.980046 5.058007 0.6129147 173 168 158
-1.807867 4.803074 1.147017 139 131 117
-1.862023 4.900453 0.9465017 164 160 150
-1.209861 3.899274 3.000547 182 181 176
-1.2106 3.898279 2.99841 182 181 176
-1.083858 3.698492 3.404246 199 200 194
-1.200282 3.983699 2.819708 208 208 207
-0.8288839 3.38435 4.048197 197 199 193
-1.425307 4.485099 1.783454 151 146 136
-1.339976 4.378527 2.01227 185 183 174
-1.626095 4.841669 1.052638 166 161 149
-0.8905734 3.701483 3.387326 170 170 162
-1.362276 4.50212 1.75104 166 162 154
-0.9171852 3.776766 3.232979 199 199 198
-0.7447287 3.570266 3.651603 195 194 192
-1.533814 4.865319 0.9941283 136 129 120
-0.6730564 3.53526 3.718387 196 193 190
-0.8859998 3.947458 2.870837 200 201 198
-0.8315537 3.868009 3.032516 190 191 188
-0.7007347 3.644846 3.489847 207 207 207
-1.29082 4.624163 1.486469 162 161 153
-1.375712 4.765045 1.195367 170 168 162
-0.8222638 3.896457 2.971267 184 183 176
-0.7296121 3.793675 3.183837 191 192 185
-1.084027 4.392251 1.962467 179 179 175
-1.445661 5.007461 0.6866796 171 166 157
-0.6098615 3.655587 3.466362 197 197 193
-0.7689706 3.920419 2.912581 194 193 187
-0.8341966 4.052617 2.642211 179 176 168
-0.5733477 3.615858 3.546067 198 192 189
-0.9182585 4.21805 2.291905 161 165 166
-0.5341199 3.631408 3.511638 190 191 187
-0.5985965 3.742754 3.280377 200 199 197
-0.5425776 3.654496 3.470552 184 179 172
-1.388463 5.03855 0.6186354 138 132 116
-0.6515419 3.887939 2.978023 199 199 197
-1.24138 4.857475 0.990033 149 144 133
-0.6706141 3.917191 2.908716 187 184 177
-0.6204583 3.867672 3.006863 177 177 169
-1.139547 4.943345 0.7946483 164 161 150
-0.4678276 3.907375 2.918856 188 186 180
-0.4725667 3.943896 2.848026 190 190 182
-0.09405664 3.33966 4.096894 209 209 207
-1.06314 4.963979 0.7603939 142 137 126
-1.038134 4.95882 0.7760215 158 153 143
-0.2109417 3.592556 3.558803 169 167 158
-0.3683985 3.865361 3.000635 198 198 196
-0.1914979 3.663294 3.42864 175 174 167
-0.4428667 4.426872 1.874036 152 160 152
0.007015321 3.75929 3.196621 186 187 182
0.9174612 3.426384 3.899504 202 201 200
-0.0164666 5.106054 0.379811 121 112 93
0.5906999 4.313696 2.077958 174 186 186
1.35383 3.317584 4.057562 159 155 148
1.224617 4.485064 1.702611 105 107 95
1.142917 4.670165 1.236249 167 177 174
1.361104 4.461721 1.734949 200 208 205
2.218256 3.243374 4.162223 160 154 144
-1.400064 3.558335 3.695252 198 196 193
-1.902887 4.442328 1.907623 183 179 171
-1.745991 4.20887 2.380498 178 178 167
-2.036548 4.689436 1.40548 169 164 154
-1.374013 3.61713 3.609941 200 200 196
-1.372672 3.627774 3.590659 175 175 169
-1.709666 4.198376 2.41269 181 176 167
-1.709666 4.198376 2.41269 181 176 167
-2.012344 4.686154 1.399536 168 166 155
-1.732937 4.250198 2.307788 170 166 158
-1.294246 3.522485 3.805244 93 87 89
-1.787643 4.352882 2.087496 177 173 165
-1.369599 3.64907 3.503448 192 190 185
-1.404281 3.774713 3.269313 182 178 170
-1.825026 4.477149 1.832194 182 178 171
-1.825026 4.477149 1.832194 182 178 171
-1.976392 4.727469 1.312953 164 163 154
-1.689068 4.273956 2.238044 179 174 169
-1.69128 4.312887 2.173187 197 193 184
-1.816608 4.512737 1.757302 181 180 172
-1.933573 4.711074 1.350697 173 172 163
-1.683335 4.317973 2.157733 83 79 68
-1.683335 4.317973 2.157733 83 79 68
-1.149092 3.45185 3.930821 204 203 202
-1.778964 4.512694 1.757359 180 176 168
-1.500827 4.061436 2.685142 201 201 199
-1.603747 4.247793 2.298886 178 178 169
-1.336966 3.81777 3.182992 61 56 48
-1.35791 3.854572 3.102567 197 197 197
-1.259341 3.704265 3.415904 193 193 186
-1.580266 4.234532 2.317251 175 171 162
-1.101604 3.459646 3.915544 214 214 210
-1.8077 4.621377 1.527169 178 174 166
-1.56359 4.257205 2.279498 179 176 169
-1.554791 4.243507 2.299494 176 172 164
-1.063743 3.448327 3.935332 199 199 192
-1.796748 4.689148 1.381348 176 173 165
-1.673191 4.539281 1.699749 178 173 166
-1.432995 4.163595 2.460439 179 180 172
-1.298272 3.967325 2.872722 203 202 201
-1.778357 4.743298 1.266158 135 128 117
-1.778357 4.743298 1.266158 135 128 117
-1.478515 4.267576 2.244578 179 177 167
-1.29696 3.981081 2.842062 201 201 199
-1.221063 3.887234 3.025135 192 192 188
-1.234907 3.964349 2.875898 201 200 199
-1.594443 4.556672 1.641723 178 173 163
-1.481496 4.380188 2.009438 178 175 167
-1.589389 4.577837 1.617187 162 159 149
-1.355987 4.199919 2.375544 199 200 197
-1.899389 5.084344 0.5642563 168 163 154
-1.410822 4.339798 2.087109 188 188 179
-1.366679 4.280699 2.21636 185 185 178
-1.441731 4.440984 1.886177 171 167 158
-1.353056 4.281827 2.196201 188 186 179
-1.68405 4.845211 1.045119 165 159 151
-1.097274 3.904352 2.975564 178 176 169
-1.548352 4.670237 1.413813 171 171 162
-1.624946 4.786813 1.160454 133 128 116
-1.080569 3.931961 2.921617 196 196 193
-1.623451 4.815633 1.105367 126 120 108
-1.083912 3.957757 2.860215 195 195 191
-1.156607 4.098406 2.576567 206 206 205
-1.522115 4.708052 1.321295 164 161 153
-1.630396 4.879619 0.9644735 163 158 148
-1.530731 4.732401 1.274192 169 165 156
-0.9582683 3.837558 3.102533 186 184 182
-1.267565 4.377134 2.002894 182 181 175
-0.9874499 3.925046 2.921469 193 190 185
-0.7741307 3.585807 3.629973 194 195 192
-1.366376 4.580472 1.588468 176 173 166
-0.9888135 3.957097 2.857969 177 175 165
-1.303081 4.49636 1.753241 143 138 128
-0.9631783 3.953387 2.862394 197 194 185
-0.8932667 3.969929 2.836056 203 204 200
-1.312367 4.671021 1.381871 152 148 137
-1.468383 4.939203 0.8312578 148 141 130
-1.417476 4.923417 0.8581563 168 161 155
-0.9200583 4.137305 2.477115 115 118 109
-1.278212 4.714731 1.288019 167 162 154
-1.212553 4.63661 1.444622 160 155 146
-1.456046 5.050816 0.5975016 167 163 153
-1.254545 4.799187 1.107531 167 163 155
-1.039245 4.482659 1.752567 143 142 135
-0.8621768 4.238436 2.25521 177 182 177
-0.7210037 4.04423 2.658333 207 206 205
-0.6186279 3.913073 2.926461 199 199 197
-1.325292 5.13299 0.41327 146 140 126
-0.5872221 3.972676 2.796608 192 193 185
-0.6018616 4.043043 2.651338 152 148 136
-1.137018 4.918905 0.8453603 160 155 143
-1.292835 5.314409 0.03114576 156 151 137
-0.1786056 3.868202 3.002137 171 170 163
0.06267789 3.635813 3.452712 180 180 172
-0.02429561 3.813814 3.082555 152 154 146
0.06689309 3.681083 3.356002 173 168 161
-0.1183438 4.093585 2.564423 206 222 222
-0.4882275 5.199988 0.268521 127 118 105
0.47604 3.931026 2.879494 171 178 174
0.6663615 3.634065 3.481652 198 198 196
0.3738693 4.168332 2.395249 154 166 162
0.4328187 4.405221 1.838303 160 165 153
1.007788 3.528084 3.670933 164 164 157
0.4592448 4.429339 1.817149 159 167 152
1.177531 3.356798 3.995357 157 153 145
0.6340923 4.433395 1.820684 148 160 151
1.477095 3.11785 4.487591 159 154 146
1.241349 3.54418 3.595715 158 153 147
1.775427 3.300727 4.076464 143 138 130
1.692582 3.485482 3.688745 153 149 140
1.85255 3.314507 4.031222 168 164 157
1.260582 4.421195 1.838482 174 181 178
1.06572 4.766556 1.146235 155 159 154
1.451611 4.687629 1.286759 156 168 160
2.163066 4.443434 1.786775 189 206 204
2.609847 4.301553 2.049993 142 147 138
3.36153 4.552701 1.525429 184 198 198
3.060721 5.185652 0.3166208 141 143 129
-1.911417 4.416852 1.955736 188 183 176
-1.993478 4.564631 1.665133 167 162 151
-1.840654 4.326007 2.149127 173 168 160
-1.865984 4.363438 2.064217 184 180 172
-1.863546 4.36632 2.06697 184 180 172
-1.388461 3.588436 3.673268 203 202 198
-2.090868 4.739745 1.297003 168 163 153
-1.898496 4.428689 1.92691 186 181 174
-1.974539 4.56735 1.651136 172 169 161
-1.753232 4.223933 2.358617 173 168 157
-1.977299 4.60866 1.574236 161 157 146
-1.854854 4.429658 1.930833 185 181 173
-1.809741 4.379412 2.037395 185 180 172
-1.720831 4.236578 2.330729 176 174 166
-1.979838 4.644292 1.490276 175 170 160
-1.712168 4.221735 2.358226 184 180 171
-1.61675 4.077939 2.65815 170 169 160
-1.573079 4.016362 2.783125 197 195 192
-2.038332 4.768867 1.232404 175 176 166
-1.674606 4.190601 2.417522 177 173 166
-1.723233 4.283528 2.232489 174 170 162
-1.651849 4.178588 2.448142 150 145 135
-1.651849 4.178588 2.448142 150 145 135
-1.730051 4.310052 2.17948 174 169 161
-1.693682 4.257444 2.291748 175 174 162
-1.74581 4.339301 2.110473 146 140 130
-1.759702 4.381368 2.024831 184 180 172
-1.721189 4.336007 2.136344 76 70 57
-1.984117 4.771437 1.222253 168 166 154
-1.984117 4.771437 1.222253 168 166 154
-1.917577 4.667212 1.435985 135 130 120
-1.473778 3.994102 2.818547 204 204 204
-1.350205 3.796077 3.225085 160 153 135
-1.675777 4.347071 2.095548 173 169 159
-1.888371 4.685659 1.395572 140 133 123
-1.9269 4.755659 1.251277 167 163 153
-1.650547 4.319389 2.151375 161 157 144
-1.55936 4.175523 2.445071 188 189 180
-1.632137 4.297697 2.195722 183 178 170
-1.597009 4.260641 2.266355 178 175 166
-1.238787 3.670345 3.473615 197 199 193
-1.547248 4.237277 2.31566 100 96 79
-1.548548 4.23479 2.315796 100 96 79
-1.462455 4.106503 2.589241 201 200 196
-1.960504 4.900653 0.9494932 174 170 162
-1.88753 4.785508 1.185122 146 139 129
-1.88753 4.785508 1.185122 146 139 129
-1.20259 3.64996 3.509692 196 198 192
-1.515451 4.183406 2.411184 187 185 178
-1.564721 4.284016 2.21927 178 179 170
-1.564635 4.283589 2.218659 178 179 170
-1.585699 4.324724 2.133965 179 179 170
-1.807037 4.682496 1.400536 161 156 147
-1.572379 4.314266 2.151117 185 184 177
-1.6394 4.442011 1.903157 176 173 165
-1.582201 4.373873 2.035492 148 143 130
-1.812143 4.765784 1.221975 155 150 138
-1.565277 4.381299 2.018231 149 143 132
-1.60192 4.467037 1.829249 175 170 160
-1.786356 4.771203 1.212717 150 145 134
-1.507347 4.349433 2.069268 178 175 167
-1.648653 4.585351 1.591174 177 174 166
-1.471118 4.327822 2.116884 185 185 177
-1.125476 3.766975 3.267697 194 193 187
-1.44988 4.300136 2.171365 181 178 168
-1.647651 4.622532 1.510632 150 145 135
-1.588966 4.533204 1.69736 173 168 159
-1.624222 4.633271 1.512899 167 168 158
-1.326613 4.139522 2.505146 202 201 197
-1.277776 4.058871 2.666047 206 206 203
-1.57684 4.581191 1.602681 161 156 144
-1.082148 3.789064 3.217086 200 199 196
-1.691794 4.795021 1.157264 138 132 124
-1.738381 4.876566 0.9823217 160 156 146
-1.689672 4.799367 1.143408 170 168 160
-1.689672 4.799367 1.143408 170 168 160
-1.528472 4.544608 1.671239 169 163 156
-1.6099 4.680407 1.385381 176 175 167
-1.434315 4.3991 1.959378 181 178 169
-1.218 4.102629 2.584116 202 206 202
-1.680086 4.832641 1.066821 158 152 141
-1.405934 4.405462 1.94695 180 173 165
-1.472902 4.53153 1.701799 164 160 149
-1.612793 4.766086 1.216018 176 171 164
-1.08057 3.898336 2.988246 193 191 183
-1.526156 4.42012 1.926595 185 182 176
-1.339652 4.274682 2.224085 183 180 176
-1.522064 4.559149 1.629927 168 162 153
-1.19389 4.045722 2.703617 201 201 197
-1.366164 4.336904 2.096291 144 141 131
-1.366164 4.336904 2.096291 144 141 131
-1.467029 4.500193 1.752013 152 146 135
-1.467029 4.500193 1.752013 152 146 135
-1.383038 4.372309 2.017373 181 178 171
-1.520541 4.598586 1.545102 160 154 145
-1.689942 4.880459 0.9738976 166 161 150
-1.448141 4.49476 1.761564 157 151 141
-1.341497 4.332396 2.10035 191 190 183
-1.352825 4.353787 2.058349 159 157 146
-1.460157 4.524936 1.698994 145 139 129
-1.611165 4.788402 1.159987 166 166 157
-1.430273 4.499658 1.748353 147 143 133
-0.9573931 3.72255 3.349862 187 185 178
-1.439994 4.516129 1.706 158 155 145
-1.380909 4.441247 1.877785 148 144 133
-1.329183 4.367705 2.031109 125 125 115
-1.304955 4.324641 2.102901 180 180 173
-1.012638 3.883232 3.041044 201 200 199
-1.261606 4.272794 2.215559 192 191 187
-1.611666 4.834539 1.059957 141 134 123
-1.465964 4.605462 1.523211 172 168 159
-1.318267 4.376641 2.003159 116 115 103
-1.318267 4.376641 2.003159 116 115 103
-1.277008 4.31174 2.136784 190 189 182
-1.319209 4.383044 1.992957 176 176 167
-1.261258 4.291677 2.179001 175 174 166
-1.300577 4.380857 2.000415 180 180 174
-0.8785761 3.691219 3.398035 202 203 197
-1.231252 4.29025 2.181661 161 159 153
-1.467444 4.661602 1.409008 187 185 180
-1.496641 4.715903 1.301298 163 162 154
-1.439703 4.625594 1.490198 173 173 164
-0.9048386 3.769763 3.254979 161 160 152
-1.292816 4.40496 1.946347 139 138 127
-1.291908 4.409151 1.946653 139 138 127
-1.218203 4.278045 2.201953 121 121 113
-1.30128 4.417119 1.917895 158 154 145
-1.160243 4.193786 2.376197 166 166 163
-1.731807 5.093403 0.5137782 171 166 157
-1.289649 4.429217 1.889919 153 152 142
-1.21681 4.326696 2.104411 187 186 178
-1.351285 4.548336 1.644307 180 180 171
-1.371536 4.590246 1.560396 149 144 134
-1.407845 4.643567 1.446047 153 148 137
-1.204269 4.329421 2.095135 168 166 158
-1.400572 4.650695 1.432457 171 170 161
-1.201194 4.347337 2.063785 188 184 176
-1.255437 4.428821 1.889426 181 179 173
-1.419919 4.699019 1.341654 181 181 172
-1.349494 4.583475 1.570455 178 174 165
-1.439222 4.743111 1.246498 179 179 174
-1.238765 4.430616 1.884962 159 159 150
-1.12519 4.254331 2.250004 177 177 171
-1.234379 4.424727 1.894508 176 175 168
-1.384063 4.682866 1.366551 174 174 167
-1.116482 4.262145 2.236927 166 167 160
-1.062203 4.168239 2.424366 187 187 185
-1.246191 4.475526 1.797592 153 147 138
-1.320047 4.605838 1.525761 168 165 156
-1.317072 4.615046 1.497782 145 141 133
-1.19691 4.458889 1.827253 175 174 167
-1.328297 4.682036 1.367075 167 166 158
-0.7614706 3.762333 3.246927 78 78 68
-1.312948 4.660201 1.39372 167 167 158
-1.533997 5.020512 0.6645656 167 160 151
-1.364213 4.78002 1.167955 155 154 147
-1.12278 4.387295 1.963491 159 157 151
-1.188879 4.508999 1.717376 146 144 135
-1.188879 4.508999 1.717376 146 144 135
-1.133712 4.446328 1.84787 107 110 100
-1.34017 4.774744 1.163632 149 144 136
-1.08602 4.378829 1.983642 180 178 175
-1.131185 4.450509 1.83651 176 177 175
-1.130821 4.476084 1.809034 171 171 166
-0.6360999 3.664728 3.447109 146 145 141
-1.211616 4.622392 1.488632 158 153 143
-1.520483 5.111144 0.4783974 161 157 145
-1.095866 4.443842 1.849419 144 143 137
-0.906225 4.14136 2.466111 152 153 146
-1.111143 4.486003 1.765422 145 144 136
-1.095815 4.464066 1.805203 140 139 132
-1.097531 4.475433 1.780673 142 141 133
-0.5809675 3.630781 3.518522 114 109 97
-1.09593 4.491215 1.749672 134 135 125
-1.33483 4.879266 0.9452743 153 150 139
-1.039286 4.439313 1.857379 129 129 125
-1.046606 4.454469 1.82439 115 114 104
-1.254942 4.789619 1.126773 129 126 113
-0.7033249 3.902559 2.957486 195 196 187
-0.6711981 3.860314 3.043583 167 167 158
-1.190121 4.733363 1.279504 142 137 127
-0.919149 4.280979 2.177939 169 169 158
-1.053666 4.49881 1.727459 149 147 141
-0.5284098 3.640545 3.489346 117 116 103
-0.6269342 3.833208 3.096332 184 184 177
-1.120106 4.66554 1.386101 125 120 107
-1.187392 4.792569 1.116356 124 119 112
-0.6127857 3.897752 2.959367 200 200 198
-0.667894 3.982592 2.786095 198 197 189
-0.6664045 4.000699 2.764849 203 203 198
-0.5169228 3.786245 3.203715 175 174 167
-0.8972978 4.386934 1.950177 111 122 118
-0.4692217 3.807385 3.217632 114 116 106
-1.116935 4.791084 1.119094 140 135 124
-1.213601 4.980296 0.7307355 162 158 144
-0.5651133 3.963085 2.80985 132 133 123
-0.4348092 3.757275 3.231465 154 155 149
-0.9602494 4.695105 1.320079 140 136 127
-0.9888704 4.768826 1.162905 126 121 112
-0.252966 3.560646 3.632254 170 166 159
-0.4563143 3.952278 2.821619 129 131 122
-1.057727 4.949159 0.7928886 160 158 148
-0.9403266 4.80391 1.114061 151 148 137
-0.2937641 3.718027 3.305365 147 148 138
-0.3032809 3.760432 3.215163 160 159 151
-0.2761531 3.765794 3.205434 165 164 155
-0.3287302 3.861722 3.004703 131 131 120
0.06668021 3.322928 4.130379 205 206 205
-0.2175997 3.782102 3.163542 140 140 131
-0.1671942 3.732226 3.265822 129 130 121
-0.1543679 3.744357 3.253151 194 193 186
0.1183265 3.378454 4.022064 211 211 208
0.09237231 3.613429 3.49061 190 189 184
0.09237231 3.613429 3.49061 190 189 184
0.04130257 3.751648 3.208122 133 130 120
-0.06699527 4.143395 2.421737 199 209 200
0.2500985 3.626334 3.476442 155 154 145
-0.5999011 5.038557 0.5899597 135 130 117
0.4147134 3.424009 3.864466 150 149 142
0.2061809 4.008532 2.729733 182 189 175
0.1585835 4.102135 2.546392 156 165 158
0.1621544 4.102473 2.518435 188 194 190
0.8554823 3.305369 4.138244 109 110 101
0.9198193 3.319924 4.196189 168 167 159
0.1187111 4.550621 1.592555 149 156 142
0.5202818 3.958927 2.808986 177 188 185
0.1106881 4.815593 1.047937 155 161 150
0.7465538 4.136309 2.438543 184 195 190
0.7144067 4.466251 1.797232 150 157 153
1.123082 4.019032 2.665996 208 222 221
0.8904076 4.850654 0.9912491 132 136 121
1.207289 4.693064 1.273422 139 148 134
3.737804 4.466065 1.746681 139 153 151
-1.078126 4.42886 1.862626 159 159 159
-1.402274 4.136952 2.520053 198 198 195
-1.182108 3.960151 2.873475 199 199 197
-1.038093 3.757317 0.6419848 78 73 53
-1.144171 3.498112 3.867142 183 181 175
0.3134335 4.460844 1.688437 105 106 90
-0.7443417 3.379968 4.08938 191 191 187
-0.4634165 2.035048 0.1968397 62 59 40
-0.6363579 1.602163 0.5692801 70 70 46
-1.956887 4.205886 2.419316 160 157 150
-0.6187155 5.081602 0.4631937 131 123 110
-1.40916 4.499976 1.759288 151 146 141
-0.9355739 4.596317 1.511337 109 107 99
-1.448276 4.177983 2.433895 156 152 143
-1.606567 3.735202 3.419885 198 199 196
-1.072684 3.874377 1.85382 93 95 76
-1.029716 3.780903 0.5601419 139 143 126
-0.9686589 3.734393 1.029491 184 191 185
1.361217 4.58138 1.358654 127 127 119
1.361217 4.58138 1.358654 127 127 119
0.6237996 2.696361 5.443735 192 192 188
-0.7930534 2.521285 0.7238665 84 84 61
-0.5428853 1.668386 0.05331676 99 97 74
-0.4197783 1.165077 -0.09861898 82 79 64
-2.213054 4.060558 2.729599 156 151 146
-0.3156082 5.282064 0.01357535 141 132 115
-1.682564 4.21538 2.374877 178 174 169
-1.059821 4.473434 1.776058 140 137 131
-1.236972 3.850204 3.138502 179 175 172
-0.6779312 3.681583 3.43261 201 201 199
0.9988866 4.461687 1.682175 139 143 135
0.3553928 0.8061763 0.7355381 123 125 104
-1.902074 4.434329 1.950075 179 177 171
-0.8237673 5.071054 0.4836558 134 126 113
-1.998366 4.288891 2.242074 178 174 169
-0.6649025 5.095261 0.4516019 119 111 96
-0.9704831 4.885114 0.9114264 132 128 115
-0.7715791 4.966212 0.7196931 132 124 112
-1.059556 4.770823 1.144509 124 118 108
-1.861212 4.222012 2.360506 167 164 157
-0.8280836 4.900525 0.8792604 128 122 109
-1.722496 4.198332 2.410738 170 168 160
-1.783962 3.966831 2.903143 199 199 199
-1.346103 3.958993 2.914719 199 198 195
1.231645 5.225647 0.005710758 136 125 105
-1.211095 3.428113 4.009026 199 198 196
-0.8866962 3.355119 4.160389 176 172 169
-0.2664851 3.501514 3.766674 166 162 155
-0.7010795 3.048673 4.787635 198 198 196
2.362852 4.571238 1.274827 159 151 137
0.3685245 3.143346 4.505456 186 183 177
0.942051 2.883719 4.974294 192 192 188
-0.7850683 2.161752 0.5820923 111 113 102
-0.3521754 1.859768 0.3134056 72 71 51
-0.6393515 1.374107 0.3701554 81 84 60
-0.7850612 0.3998985 0.8196622 47 55 34
20.6759 -15.04171 21.35008 82 93 60
-1.804398 4.468328 1.849953 148 144 137
-2.215679 4.195273 2.488762 189 188 182
-1.854099 4.421741 1.960414 179 176 171
-0.6542033 5.196299 0.2022997 124 116 101
-2.238161 4.128536 2.633825 181 177 172
-2.246785 4.074559 2.71883 187 186 184
-1.736618 4.39009 2.008866 180 177 171
-1.262847 4.655278 1.410132 164 161 154
-1.308219 4.602544 1.518654 167 163 157
-0.3157992 5.254096 0.06820278 127 118 101
-0.56508 5.058092 0.5041584 107 99 86
-1.515957 4.385979 2.002156 181 180 176
-1.69776 4.228475 2.356732 172 169 161
-1.514386 4.33301 2.114991 182 178 176
-1.969863 4.030742 2.789016 180 177 170
-0.1669472 5.079247 0.3992395 108 97 79
-1.828287 3.984547 2.893384 198 197 197
-0.9203088 4.55888 1.573722 47 43 33
-1.616803 4.096898 2.616663 193 192 191
-1.339438 4.273852 2.224506 182 180 175
-1.178265 4.188143 2.38993 186 184 180
-1.015703 3.928712 2.920439 175 170 159
-0.866137 3.968358 2.828983 204 205 200
-0.9236199 3.935745 2.900874 197 196 191
-1.362743 3.487486 3.926961 196 195 193
1.10649 4.999612 0.4590763 118 108 86
1.442254 5.218451 0.01550132 136 125 106
-0.58301 3.753817 3.247726 194 193 189
-0.5822803 3.75625 3.252346 194 193 189
1.559682 5.09296 0.2607934 123 112 93
-0.7134047 3.447304 3.921286 185 184 180
0.1463602 3.326508 4.216017 196 196 194
0.1945598 3.373669 3.811858 205 205 203
2.300343 4.71836 1.059982 157 151 138
-0.1443311 2.960576 5.024943 189 188 184
-0.1532574 3.276867 2.06315 148 148 141
0.1957206 3.166825 4.469199 196 195 191
0.4093469 3.271101 4.235322 194 195 190
0.4212916 3.191763 4.411578 188 185 179
0.6296868 3.27019 4.208989 189 186 180
0.4768705 3.134662 4.488929 162 159 152
0.4064603 3.090117 4.612834 167 164 159
0.3278129 3.008771 4.797925 189 188 185
0.2828125 2.9575 4.921636 190 189 185
1.051728 3.21485 4.253319 192 190 184
1.146394 3.205482 4.292241 176 173 166
0.5826478 2.264505 6.399418 196 191 189
-0.6715602 2.366992 0.5603298 70 65 46
-0.6715602 2.366992 0.5603298 70 65 46
-0.4446887 1.911902 0.1710744 62 60 45
-0.478357 1.856723 0.2150248 75 75 57
-0.6420206 1.448406 0.3894818 85 87 64
-0.307419 1.383484 -0.1851846 116 115 103
0.2089554 1.393778 -0.4109512 91 89 78
-0.3811372 1.221455 -0.1622555 83 81 67
20.97963 -14.3486 21.50533 182 184 167
21.57189 -14.6739 21.31881 67 78 38
-1.743091 4.5287 1.708073 182 179 173
-1.618345 4.575197 1.60868 172 168 164
-0.6001887 5.251676 0.09329869 148 139 124
-0.6001887 5.251676 0.09329869 148 139 124
-1.536848 4.60451 1.540305 182 179 175
-1.619361 4.548576 1.670854 174 169 163
-1.75139 4.457201 1.870251 172 169 163
-1.928109 4.33654 2.154065 185 184 177
-1.842472 4.384342 2.031585 184 180 175
-2.244809 4.091793 2.692106 172 168 165
-1.93631 4.260936 2.30337 171 171 162
-2.00394 4.210472 2.424477 172 172 164
-1.517205 4.492898 1.776966 166 160 155
-1.517205 4.492898 1.776966 166 160 155
-1.209138 4.673659 1.381757 145 140 132
-1.737536 4.310993 2.17046 156 152 146
-1.923241 4.174051 2.479812 165 163 156
-0.9832848 4.780284 1.128415 141 138 130
-1.508497 4.429289 1.908193 153 148 137
-0.234463 5.268539 0.03000002 138 126 110
-0.2757671 5.230938 0.1069059 133 124 107
-2.082593 4.000673 2.859819 179 176 170
-1.921135 4.049141 2.752572 176 172 169
-1.676747 4.023407 2.778716 178 178 174
-1.35548 4.127824 2.54041 199 199 197
-1.129268 4.216288 2.352185 206 206 204
-1.650295 3.738035 3.402919 201 201 201
-1.155765 4.033988 2.7117 205 205 203
-1.354287 3.838763 3.139888 197 197 194
-1.090476 3.922261 2.946455 192 192 190
-1.201983 3.809092 3.18689 194 191 188
-0.351049 4.363693 1.963721 102 104 85
-1.201085 3.768148 3.273083 196 193 191
-0.2885286 4.322261 2.044806 132 139 123
-0.7274396 3.92006 2.913617 192 191 184
-0.7872232 3.811836 3.146112 200 199 195
-0.7015674 3.852461 3.067246 199 198 194
-0.7295434 3.823456 3.122069 192 191 188
-0.5929809 3.712357 3.357451 175 175 167
-0.73163 3.700509 0.2551249 116 112 97
-0.7658264 3.57367 3.692883 194 193 190
-0.4511919 3.742837 3.267134 192 192 187
-1.027891 3.31597 4.238863 172 171 167
-0.4343621 3.698252 3.374161 190 188 184
-0.3041272 3.543926 3.673767 188 186 182
1.551711 4.631567 3.15197 155 157 146
-0.7844088 3.141886 4.592307 193 192 190
-0.6351636 3.2407 4.3677 190 190 185
-0.2706117 3.012246 4.801716 194 192 186
0.1154749 3.252264 4.328582 196 197 192
-0.192154 3.337134 1.951793 79 81 71
-0.2718322 3.366795 1.197036 100 106 88
-0.2310421 2.933668 5.002984 196 195 191
-0.4531261 3.245814 1.161713 156 166 158
-0.170843 3.2929 2.001663 87 85 70
-0.04594808 3.005731 4.907529 192 192 187
0.07027798 3.090823 4.62141 192 191 187
-0.009557496 2.984505 4.908033 175 172 167
0.4231213 3.233262 4.303032 177 175 170
0.2981709 3.147315 4.556788 170 167 161
0.2023935 3.067473 4.685675 184 183 178
0.01817018 2.946756 4.939028 195 195 193
0.2556112 3.037432 4.733945 166 163 157
0.7006948 3.306694 4.088902 192 190 186
0.02084632 2.846608 5.16972 196 194 190
0.6973539 3.249958 4.23584 162 158 149
0.6970243 3.197966 4.341865 186 184 177
0.3400889 2.919835 4.991025 153 151 144
-0.2787092 3.120424 0.9127342 89 91 78
-0.2986687 3.059516 0.9258745 87 90 74
0.9159044 2.945589 4.886605 178 175 169
1.137253 2.871003 4.965757 178 177 171
0.4431617 2.404787 6.129741 176 174 170
1.326872 2.623897 5.504689 171 168 161
2.781348 3.059215 4.475295 185 182 173
1.231231 2.921111 1.173635 63 62 45
-0.3413672 2.626894 0.1691262 72 71 56
-0.3248588 2.045218 0.09010818 98 93 77
-0.4189731 1.945592 0.1102559 83 79 61
-0.4251878 1.921395 0.09944106 64 61 47
-0.4200687 1.917493 0.08017586 77 75 60
-0.4200687 1.917493 0.08017586 77 75 60
-0.6419309 1.498236 0.3361403 99 99 75
-0.3228404 1.455972 -0.1505312 79 77 62
-0.2706613 1.468321 -0.2189844 111 109 95
-0.349615 1.299448 -0.1295848 109 106 91
-0.3539933 1.263379 -0.1669794 105 102 88
-0.4486681 1.163466 0.008110229 99 94 78
-0.4356076 1.166299 -0.05453943 75 76 62
-0.2706258 1.055601 -0.2353113 121 121 108
-0.2811459 0.8873166 -0.09126806 128 125 111
-0.2943963 0.8454788 -0.0558023 105 103 89
21.07606 -14.31992 21.88427 104 113 72
21.29284 -15.0132 21.24399 112 123 86
21.29284 -15.0132 21.24399 112 123 86
24.8942 -15.79915 20.84881 198 206 191
-0.9441593 5.078753 0.4936818 143 135 123
-0.6717202 5.250746 0.09988014 147 140 124
-1.886074 4.438509 1.927902 180 177 171
-2.265056 4.191133 2.506188 182 177 174
-1.626029 4.593227 1.567809 174 171 165
-1.626029 4.593227 1.567809 174 171 165
-2.072483 4.294069 2.23786 178 176 172
-2.071343 4.298007 2.246772 178 176 172
-2.005383 4.324546 2.167133 182 181 175
-2.197348 4.199497 2.455539 181 177 171
-1.585095 4.585782 1.586753 176 172 166
-0.9899203 4.965537 0.7436582 127 118 105
-1.236599 4.795147 1.122105 163 158 152
-1.038819 4.911857 0.8578053 124 116 103
-1.473648 4.62056 1.505977 175 171 168
-1.129883 4.830128 1.005991 144 137 128
-2.065749 4.212734 2.42564 181 185 179
-1.745749 4.408959 1.974228 178 174 168
-1.932968 4.279809 2.239581 165 165 158
-0.5063451 5.170446 0.2633414 114 106 87
-1.0339 4.808386 1.069698 137 130 123
-0.9565108 4.851295 0.9729763 133 127 117
-0.8094068 4.944324 0.7580637 125 117 105
-1.324901 4.592562 1.545329 171 167 161
-1.244369 4.640405 1.448378 162 159 153
-1.887169 4.202829 2.433335 172 171 164
-0.2925036 5.263163 0.04431892 138 130 111
-1.8234 4.231269 2.355416 44 41 32
-0.246394 5.281284 0.00197808 138 129 111
-1.581058 4.385125 2.004566 170 167 161
-0.5766779 5.047148 0.5317711 120 112 99
-0.8946875 4.827055 1.018289 127 123 113
-1.721835 4.26751 2.265969 173 170 164
-2.058537 4.014199 2.828043 179 177 171
-1.577328 4.303729 2.18096 179 176 173
-1.472111 4.362501 2.045053 177 174 168
-1.758363 4.170777 2.49803 182 183 179
-1.917571 4.018759 2.845348 176 172 169
-1.518028 4.265449 2.250466 184 181 176
-1.267598 4.427709 1.89403 170 169 165
-1.775565 4.04767 2.737423 187 187 185
-0.9940034 4.489146 1.620943 63 63 55
0.07816159 5.211213 0.1140035 132 124 103
-1.885512 3.897311 3.068193 193 193 191
-1.210601 4.322937 2.115819 188 187 181
0.178963 5.242928 0.05038111 130 119 100
0.2303807 5.247898 0.03583817 131 123 105
0.3584344 5.187013 0.1713034 125 114 95
-1.766082 3.771325 3.3348 185 184 181
0.4168141 5.150276 0.2207402 128 117 97
-1.64766 3.758733 3.335817 209 209 211
-1.219838 3.935902 2.941669 200 200 198
-1.532916 3.703349 3.453209 200 200 198
-0.9605967 3.998926 2.875162 198 197 192
-0.9987869 3.879585 3.020638 199 199 196
-1.238621 3.717868 3.38498 201 200 198
-1.049277 3.803478 1.808381 111 107 95
-0.8638052 3.942067 2.912929 173 168 161
-0.8921483 3.922021 2.962476 121 116 102
-0.8256245 3.957668 2.846634 178 175 168
0.5257345 4.860825 0.7958224 24 17 3
-0.9203704 3.896067 2.996176 99 96 84
-0.8765944 3.914205 2.942867 192 190 186
-1.119745 3.717715 3.375568 197 197 195
-0.8581704 3.884392 3.006309 162 159 151
-0.8581704 3.884392 3.006309 162 159 151
-0.718217 3.935609 2.878374 138 137 127
-0.7922501 3.882203 3.004655 165 162 153
-0.927168 3.734741 0.2867682 85 83 66
-0.9216945 3.705884 0.5216627 135 139 127
0.8335056 4.754712 1.033781 50 42 22
-0.7787579 3.6252 3.546019 195 195 192
-0.5006232 3.798014 3.1557 153 151 144
-0.5469527 3.739601 3.306809 177 176 171
-0.5392746 3.742752 3.32392 177 176 171
-0.8034232 3.622729 1.386466 146 150 142
-0.4662792 3.775846 3.188402 184 183 177
0.2938664 4.249977 2.703102 95 94 79
-0.7845031 3.563282 1.470026 50 46 30
-0.3594579 3.725992 3.318327 160 159 152
-0.5417726 3.672017 0.2077994 109 106 93
-0.5492017 3.39626 4.004182 165 162 153
-0.3864746 3.484171 3.813992 186 183 177
-0.1432517 3.492432 3.829309 191 190 186
-0.2234962 3.325472 4.128122 183 183 180
-0.1810851 3.286544 4.207744 183 183 179
-0.3140318 3.526604 0.4971589 132 134 127
-0.4125748 3.046393 4.74951 177 177 170
0.1142076 3.373889 4.049005 161 161 154
-0.229642 3.411287 1.634072 192 196 188
-0.2696126 3.086357 4.665462 179 179 171
0.1555735 3.349804 4.14615 196 196 194
-0.0135835 3.246173 4.281265 181 179 175
0.05249114 3.269499 4.261993 139 139 131
-0.1935755 3.357848 1.908917 101 105 97
-0.2078447 3.325254 1.971627 137 133 122
0.3204981 3.342229 4.0798 178 176 171
-0.2203891 3.425407 0.7579361 108 113 103
-0.1416029 3.36017 1.703806 164 174 164
0.07513206 3.1688 4.451141 169 169 160
0.1368589 3.194835 4.403147 166 166 159
0.1368589 3.194835 4.403147 166 166 159
0.1203144 3.058048 4.694414 169 168 162
0.049753 3.000171 4.893908 173 170 165
0.1961464 3.100616 4.613443 168 166 160
0.4801515 3.242817 4.282156 173 172 166
0.6653539 3.337674 4.18902 160 157 150
0.1733257 2.960671 4.924065 156 153 146
0.1479828 2.911536 5.105057 193 193 190
0.1479828 2.911536 5.105057 193 193 190
0.036613 3.215991 2.161749 141 139 127
0.427748 2.990386 4.837004 159 156 149
0.6602576 3.152695 4.450227 155 151 144
-0.06344181 2.621339 5.7224 172 168 165
0.7855691 3.199377 4.305029 158 154 144
1.938077 3.635509 3.370862 119 121 106
-0.1149603 3.009452 0.6348172 64 62 45
-0.7770302 2.638547 0.6745197 66 63 41
-0.6047176 2.459459 0.5108318 71 69 51
-0.6091247 2.446682 0.5240809 98 94 77
0.3222509 2.225752 -0.08776084 80 75 63
-0.377841 1.949332 0.0825322 77 74 59
-0.6456154 1.534913 0.325192 73 72 52
-0.2332411 1.553849 -0.2628622 111 111 99
-0.6102912 1.232547 0.3349067 28 29 14
-0.447784 1.343898 -0.04661241 66 65 45
-0.5057034 1.302614 0.02835412 93 90 68
-0.5064304 1.283888 0.03812786 75 74 53
-0.5061778 1.235856 0.06107591 118 115 102
-0.1660669 1.369957 -0.3757541 47 44 25
-0.4214802 1.17279 -0.08378497 78 78 64
-0.4453409 1.130789 -0.005248606 91 87 71
-0.5276005 1.065131 0.02918238 88 85 65
0.006248768 0.9304426 -0.2981234 107 104 92
0.04554446 0.7925595 -0.2734872 73 72 58
-0.5285954 5.361699 -0.1420177 160 148 132
-1.180147 4.919847 0.8531505 163 156 148
-2.076342 4.320757 2.184593 188 184 181
-0.7096641 5.225896 0.1500633 158 150 135
-0.7987515 5.155706 0.3095914 121 114 98
-1.91197 4.409938 1.996302 184 183 179
-1.353304 4.773952 1.16572 170 169 162
-1.746193 4.494808 1.782405 170 167 160
-0.7295264 5.177525 0.2855554 138 130 116
-0.9538913 5.01884 0.6148763 125 117 104
-1.362175 4.744716 1.238512 170 169 163
-2.242733 4.163039 2.554042 190 186 182
-1.02392 4.952654 0.7683133 152 146 137
-1.883229 4.375623 2.048391 181 180 174
-2.062557 4.256984 2.329568 174 172 164
-1.376632 4.700928 1.319194 166 162 156
-1.382967 4.683264 1.367732 168 166 161
-0.5989689 5.206756 0.1967445 149 140 127
-1.015952 4.912982 0.8553286 139 133 123
-1.384334 4.663541 1.40138 156 153 146
-1.384334 4.663541 1.40138 156 153 146
-0.7864773 5.063342 0.5082749 146 141 128
-0.5103669 5.250812 0.08587515 141 132 117
-1.148037 4.811391 1.065499 132 126 116
-1.060296 4.86522 0.9516217 107 100 88
-1.270624 4.725351 1.26329 164 161 154
-1.691295 4.446106 1.896649 179 176 171
-1.691295 4.446106 1.896649 179 176 171
-0.6836897 5.11286 0.3938529 138 130 117
-1.228267 4.747146 1.221015 162 159 152
-0.8647611 4.98641 0.6873688 114 106 94
-1.082555 4.833336 1.015385 143 139 130
-1.131467 4.789357 1.11771 146 142 132
-1.116552 4.797401 1.098148 155 152 144
-1.269567 4.694934 1.334966 161 159 153
-1.447292 4.577265 1.588797 149 144 135
-1.551628 4.508913 1.74859 176 171 166
-1.681067 4.418208 1.952079 191 188 183
-0.7015913 5.070281 0.4951603 117 108 93
-0.92023 4.921543 0.8279445 134 126 113
-1.194581 4.737232 1.235259 154 151 144
-1.695248 4.402605 1.98166 183 178 175
-1.369009 4.615504 1.504273 176 172 168
-2.036065 4.171693 2.509605 169 167 161
-1.340035 4.623624 1.487224 166 163 158
-1.049604 4.815408 1.069458 122 117 106
-0.347702 5.283801 0.003234897 130 120 103
-0.8074222 4.965261 0.7150779 105 97 83
-1.496914 4.499978 1.758187 164 160 154
-1.253894 4.656862 1.42079 163 161 154
-1.56183 4.444298 1.886405 170 165 160
-1.426692 4.510666 1.729406 173 172 167
-1.790555 4.263075 2.285589 81 75 62
-1.789932 4.263095 2.285179 81 75 62
-1.049451 4.74977 1.197865 115 111 102
-1.442499 4.48251 1.786794 168 163 158
-0.3669497 5.205387 0.1766604 139 132 116
-1.287345 4.581005 1.566677 108 101 87
-1.287432 4.58146 1.567257 108 101 87
-1.614631 4.363897 2.045054 183 182 175
-1.172159 4.651669 1.405283 154 151 144
-2.129268 4.020313 2.801979 191 189 183
-1.488494 4.432965 1.89956 177 176 171
-1.599874 4.351988 2.091644 179 175 171
-0.2470985 5.251992 0.06525195 137 126 107
-0.7332306 4.913079 0.8252218 104 96 83
-0.2410149 5.243815 0.07796773 114 103 86
-0.8875484 4.80405 1.061315 108 101 88
-0.2204765 5.254929 0.04810208 115 104 86
-1.553878 4.331032 2.127743 177 174 170
-1.841969 4.132516 2.562835 150 147 141
-0.2447304 5.193406 0.201019 129 118 101
-1.773977 4.157048 2.505397 137 133 124
-1.771313 4.161326 2.515429 137 133 124
-1.768214 4.147697 2.522037 185 185 178
-1.821204 4.112533 2.599063 185 183 180
-1.318081 4.430513 1.882724 172 169 164
-1.706022 4.174724 2.466996 149 147 140
-1.400692 4.368691 2.028438 180 179 175
-1.077768 4.519886 1.68709 145 144 141
-1.08274 4.4965 1.739936 157 156 152
-0.06207318 5.157326 0.2336086 106 95 75
-0.711039 4.64286 1.222032 35 34 19
-0.6510257 4.698416 1.248601 60 56 44
0.04563771 5.154398 0.2435668 128 120 100
-0.9741283 4.437637 1.839356 74 76 65
0.1190307 5.153231 0.2452113 119 108 88
-0.1245647 4.964816 0.6652619 107 99 79
-0.3582453 4.798527 1.054193 75 71 56
0.2857254 5.159746 0.2379928 124 113 94
0.07746094 5.016037 0.538689 97 87 68
-1.143744 4.115289 2.571897 185 187 178
-0.299208 4.673651 1.302831 75 73 59
-1.127824 4.043958 2.695032 133 130 116
-1.134773 4.020305 2.737801 160 160 148
-1.067321 3.901561 1.657394 94 97 78
-1.50487 3.632083 3.640969 209 206 207
-0.9127235 3.977582 2.811962 179 175 163
-0.8723682 3.996458 2.779351 185 182 173
-1.107168 3.808887 3.163119 193 189 186
-1.016617 3.799347 0.5064024 64 58 43
-1.310449 3.59089 3.679879 179 178 174
-1.017959 3.756876 1.641804 77 75 58
-0.8825877 3.852648 3.067904 139 136 127
-0.9056201 3.820021 3.131036 190 189 183
-1.483659 3.402946 -0.3616628 58 55 41
0.791658 4.884329 0.7341383 100 89 69
-0.6785461 3.886996 2.976249 177 177 169
-0.7880893 3.801548 3.191175 154 151 142
-0.7129286 3.839053 3.100945 171 170 161
-0.7475628 3.796403 3.207677 168 164 155
-0.7665808 3.771564 3.289627 113 109 94
-0.7767215 3.761648 3.26087 113 109 94
-1.259757 3.396561 4.095336 199 198 195
-0.8619302 3.685514 0.4371495 168 174 164
-0.5567504 3.791248 3.262385 182 181 175
-0.6856439 3.665131 3.477094 182 181 177
-0.5054665 3.751835 3.296255 179 179 171
-0.7219262 3.687887 0.2435482 81 81 71
-0.7377923 3.674508 0.2596458 92 93 83
-0.7934068 3.592064 1.393493 121 124 109
-0.4708047 3.712702 3.345026 177 176 170
-0.7395315 3.651589 0.2771307 74 71 51
-0.3985903 3.733896 3.367949 160 157 149
-0.5954019 3.582894 3.650635 193 192 188
-0.3254755 3.739281 3.303593 176 174 166
-0.4347289 3.665772 3.466217 168 166 161
-0.4055921 3.679039 3.41476 133 133 122
-0.656653 3.591969 0.3628877 76 73 58
0.5488026 4.202246 2.216654 144 147 133
-0.6835634 3.551535 0.6118267 100 101 85
-0.4671419 3.427384 3.934007 182 181 177
-0.2711316 3.508194 3.811047 189 188 185
0.01203871 3.491861 3.845634 175 175 169
0.03568804 3.501421 3.769809 171 171 165
-0.07321213 3.3267 4.124865 179 177 173
-0.2963618 3.400203 1.78262 147 151 142
-0.2861576 3.141522 4.561167 149 145 137
-0.03351976 3.293161 4.180695 180 179 175
0.04082898 3.325279 4.103728 141 142 137
0.04568509 3.328584 4.119283 141 142 137
-0.448735 2.994982 4.90349 190 188 184
0.01671409 3.281794 4.243066 191 192 187
-0.02093814 3.202088 4.372028 181 180 174
0.1781259 3.325124 4.137477 181 179 177
0.1781259 3.325124 4.137477 181 179 177
-0.2312428 3.479074 0.5194516 87 88 73
-0.3261764 2.936448 5.084511 162 159 153
-0.2307169 3.428589 0.7830884 115 119 108
-0.05622883 3.112266 4.55252 177 175 170
0.05261542 3.127585 4.630844 180 176 169
0.4405838 3.374454 4.080687 172 171 165
-0.2513658 2.904729 5.010464 176 174 166
-0.1480486 3.298062 1.984861 104 104 92
-0.1093802 3.31561 1.953894 97 97 87
-0.05139782 3.303157 1.911349 105 105 93
0.1634639 2.882635 5.149474 177 174 169
0.9321131 3.165606 4.375237 158 156 149
-0.299711 3.078705 0.9578239 70 73 52
2.051176 3.740712 3.040408 114 116 103
-0.4548795 2.726571 0.2189481 78 76 62
3.639704 2.963713 4.580671 118 124 108
0.2382016 2.358387 0.1096872 66 58 38
0.320975 2.324771 -0.04697621 48 46 28
0.296919 2.21693 -0.05492315 78 73 59
-0.5455787 1.703093 0.2911229 63 59 46
-0.5423489 1.700963 0.05501401 61 58 41
-0.4862249 1.716125 -0.02540461 91 88 68
0.09424958 1.811419 -0.3375359 90 87 76
-0.4638806 1.555607 -0.02345829 65 64 44
-0.6362304 1.365578 0.3232657 105 105 81
-0.2371942 1.539076 -0.2601227 83 79 66
-0.4326691 1.448685 -0.071851 64 63 40
-0.2968308 1.471077 -0.1807296 78 78 69
-0.2833578 1.443971 -0.1992216 117 113 100
-0.2753797 1.447454 -0.2340629 112 112 102
-0.2980347 1.403649 -0.1996575 92 94 83
-0.3072746 1.365925 -0.178667 116 115 102
-0.3036811 1.369678 -0.1961514 96 96 86
-0.3050611 1.358253 -0.2032336 114 110 99
-0.3246844 1.333151 -0.1594617 121 118 103
-0.4980123 1.24173 0.04768233 52 53 38
-0.3709948 1.299888 -0.1030162 110 108 94
-0.3818388 0.9527592 0.6088061 159 166 159
-0.2840576 1.360315 -0.2781068 77 77 66
-0.323126 1.313689 -0.2313319 74 74 64
-0.3282599 1.30702 -0.2190534 103 103 93
-0.1820131 1.35969 -0.3586582 77 72 58
-0.3683838 1.230879 -0.1620732 82 80 65
-0.4877813 1.025246 0.2426977 101 100 77
-0.3618388 1.198987 -0.208553 92 90 79
-0.3718845 1.192244 -0.1994234 65 58 44
-0.4409005 1.093767 -0.003063749 110 104 83
-0.4205483 1.071899 -0.02978189 111 110 97
0.03386202 1.176904 -0.4270736 115 112 98
0.01286915 1.053297 -0.3727538 102 102 90
-0.2357561 0.9697241 -0.2117068 82 80 65
-0.1435935 0.8096299 -0.140579 124 118 100
-1.666452 1.416626 -0.9089925 101 99 87
0.03543122 0.6813145 -0.1822055 100 96 83
-0.009038917 0.6496379 -0.1332446 87 86 72
0.09579501 0.2993528 0.3383206 128 147 109
-0.7385554 0.2984784 0.498745 84 93 67
-0.7143013 5.248553 0.1102627 153 148 135
-0.8774579 5.124891 0.3728507 145 141 127
-1.669566 4.590669 1.583187 183 179 175
-1.448673 4.729889 1.263974 152 152 144
-0.8052267 5.155797 0.3211243 141 134 118
-1.207998 4.874373 0.9416215 135 130 117
-1.449164 4.711987 1.313045 179 178 172
-0.7209006 5.179321 0.267686 125 117 101
-1.035198 4.962168 0.7498556 155 148 139
-1.369735 4.735467 1.261108 175 174 168
-0.9858912 4.972158 0.7112781 117 112 99
-0.9858912 4.972158 0.7112781 117 112 99
-1.336986 4.72716 1.230423 171 168 162
-1.260739 4.772421 1.162935 148 144 134
-0.8428693 5.04845 0.5490375 124 117 103
-1.241584 4.776282 1.152572 160 157 149
-0.4694261 5.294202 -0.006149212 141 131 117
-1.236845 4.771421 1.166807 125 121 112
-0.6603725 5.160146 0.3020985 137 130 114
-0.8308159 5.042124 0.5609177 137 132 119
-1.071259 4.872489 0.9361405 147 144 136
-2.137323 4.161854 2.530499 132 126 119
-1.285808 4.711805 1.293165 164 162 155
-1.106432 4.82567 1.038178 143 139 130
-0.5275974 5.211794 0.1739766 138 129 114
-1.048541 4.852714 0.9650403 139 133 123
-0.5174561 5.206404 0.1860415 123 114 96
-0.8799086 4.952777 0.7442417 136 128 115
-1.038932 4.847237 0.9986524 136 130 120
-1.382567 4.614357 1.510975 63 58 45
-1.608876 4.463469 1.850248 181 177 173
-1.014649 4.853323 0.9666853 140 134 123
-0.6516685 5.089759 0.4358263 131 124 109
-1.020677 4.841772 0.9919654 140 134 124
-0.9975144 4.855654 0.9630224 139 133 121
-0.6993003 5.042774 0.540655 135 127 114
-0.6993003 5.042774 0.540655 135 127 114
-1.388067 4.578098 1.588686 50 47 35
-1.420949 4.555051 1.632663 175 172 167
-0.3537074 5.267204 0.03922809 145 136 121
-1.336648 4.604415 1.524612 133 128 119
-1.470598 4.509626 1.739215 172 167 162
-1.72887 4.339847 2.11923 195 195 194
-1.136173 4.72802 1.244812 142 139 130
-1.227564 4.665748 1.400444 130 127 118
-1.227564 4.665748 1.400444 130 127 118
-1.823902 4.267435 2.281401 44 39 28
-1.179912 4.684414 1.34706 145 143 135
-0.3801992 5.227053 0.1470636 138 128 113
-1.228279 4.644651 1.43513 42 39 28
-1.03392 4.764089 1.161808 134 130 120
-0.2703899 5.273576 0.02111924 136 128 109
-0.5264682 5.099278 0.4104508 108 99 83
-0.9459448 4.816638 1.041694 114 108 98
-1.181961 4.659192 1.415008 151 148 142
-1.140929 4.682444 1.354676 148 145 139
-0.4874569 5.120374 0.3772278 123 116 100
-2.147206 4.02504 2.871289 188 185 179
-1.426509 4.479592 1.790808 148 144 136
-0.2670985 5.256673 0.05622656 139 131 112
-0.9065415 4.821946 1.02969 111 106 92
-1.17655 4.632498 1.451758 140 137 132
-1.17655 4.632498 1.451758 140 137 132
-1.449538 4.452247 1.855858 79 69 50
-0.8311518 4.860373 0.9411682 108 100 87
-0.8311518 4.860373 0.9411682 108 100 87
-1.036362 4.721352 1.254612 123 118 113
-0.2605267 5.24406 0.08195782 138 129 111
-1.560772 4.373691 2.036955 185 184 180
-0.9488987 4.77814 1.126151 113 107 97
-0.9560984 4.765856 1.150889 105 100 87
-0.4797657 5.072189 0.4465184 111 102 87
-0.4797657 5.072189 0.4465184 111 102 87
-1.987191 4.056363 2.718433 157 152 146
-0.7264512 4.872454 0.9000691 119 113 103
-0.1848529 5.24038 0.0924613 119 110 92
-0.736504 4.85575 0.9450503 103 96 82
-0.3609675 5.093138 0.4161725 122 113 100
-0.1800394 5.201737 0.165546 128 117 99
-0.493815 4.934462 0.7625476 93 87 71
-0.9700606 4.595569 1.515856 101 98 90
-1.771147 4.06454 2.693506 75 72 55
-0.9683986 4.57806 1.554069 101 97 88
-1.052643 4.524758 1.68484 128 125 118
-1.016996 4.513812 1.690093 108 106 99
-0.1385035 5.053395 0.4750029 117 109 92
-1.203094 4.287064 2.183281 157 155 148
-0.1102149 4.989929 0.603102 65 60 39
-0.1473652 4.958305 0.6782438 92 84 63
-0.101947 4.967017 0.6545206 54 49 32
-0.101947 4.967017 0.6545206 54 49 32
-0.6357419 4.70151 2.551841 139 139 139
-0.002710131 5.008933 0.5593418 84 77 56
-0.002710131 5.008933 0.5593418 84 77 56
0.1231042 5.086815 0.3845905 105 97 76
-0.1261592 4.907825 0.779337 78 67 48
0.3045296 5.182208 0.1744983 127 117 97
0.2161923 5.107514 0.329398 124 113 94
0.2718079 5.135304 0.2742966 115 107 87
0.5761006 5.302085 -0.1237488 61 55 34
0.5761006 5.302085 -0.1237488 61 55 34
0.1945544 5.034709 0.4896666 97 89 69
0.1526338 4.950566 0.6710685 61 52 33
0.1754131 4.947599 0.6726522 101 93 73
-0.7518746 4.267645 2.159957 119 122 103
0.3088118 4.966672 0.6173133 109 101 80
0.5400946 5.020739 0.5014968 113 105 84
-0.9423903 3.95681 2.849391 174 172 162
-1.046564 3.890387 3.003887 191 191 185
-0.8968183 3.96697 2.833484 199 199 192
-0.8202121 3.983787 2.826949 176 177 170
-0.9512646 3.895009 3.009552 162 158 150
-0.1803215 4.155961 2.379718 127 127 112
-1.098379 3.489341 3.88995 198 200 201
-0.6100804 3.752312 3.310349 173 172 166
-0.7484672 3.727915 0.2272808 130 126 113
-0.6910689 3.754879 0.1915526 58 55 38
-0.6933544 3.519146 3.770133 188 188 183
0.2715184 3.941582 2.787046 179 186 176
1.216513 4.51581 1.450355 103 101 88
-0.6541284 3.094386 4.782152 200 198 198
1.764298 4.584448 1.316825 86 81 63
0.5611305 3.673227 3.344795 183 187 179
-0.1706714 3.497193 0.457625 76 72 53
0.5099312 3.390825 3.91036 194 195 190
-0.04519885 3.294589 1.9438 163 165 157
0.3323003 3.142037 4.520094 191 187 184
-0.03885417 3.263976 1.981045 121 121 109
0.6559555 3.311524 4.089357 192 191 188
-0.05174189 3.147982 0.6242688 75 73 58
-0.1060767 2.997463 0.6209373 76 74 60
-0.8562739 2.602895 0.02583735 76 72 59
-0.008457201 2.794809 0.4632023 78 75 62
0.05129222 2.700603 0.4107899 71 67 53
0.3037725 2.414653 0.01340457 71 67 53
2.19765 2.617465 0.6276505 88 85 71
0.2919084 2.327129 0.02924259 78 71 55
0.3221533 2.342987 -0.04562353 74 70 57
0.3197442 2.309601 -0.04583136 72 69 54
0.3107641 2.298229 -0.04595445 58 55 40
0.3107641 2.298229 -0.04595445 58 55 40
-0.3377506 2.051363 0.1020413 94 89 73
0.3409138 2.206182 -0.1408937 70 66 54
-0.4713778 1.84386 0.001864713 76 74 55
-0.5390124 1.712737 0.04776701 80 79 60
2.740472 1.399272 1.610252 69 65 45
-0.5056119 1.705773 -0.006038275 93 90 70
-0.5056119 1.705773 -0.006038275 93 90 70
0.004230326 1.786357 -0.3072388 90 86 73
0.2088917 1.79186 -0.4013638 89 84 70
0.7390144 0.8447376 1.640246 142 146 129
0.1392258 1.664494 -0.4002249 80 76 61
-0.2376461 1.54574 -0.2080065 94 90 76
0.1781168 1.654496 -0.4407379 84 80 67
0.1461493 1.623181 -0.421405 81 76 60
-0.3268104 1.430929 -0.145543 99 97 85
-0.1995093 1.496861 -0.3246463 111 108 93
-0.2436175 1.476428 -0.278417 101 99 87
-0.4859411 1.340718 -0.007838921 78 76 54
-0.2851147 1.399963 -0.2268262 122 120 108
-0.4352051 1.131718 -0.05592366 81 79 65
0.05124439 1.168015 -0.4194526 93 91 79
-0.2130831 1.006252 -0.2556062 78 76 61
-0.2137854 1.008104 -0.2569684 78 76 61
-0.3122201 0.8493847 -0.007232847 85 83 69
-0.2097334 0.9348476 -0.2075368 95 92 79
-0.3190944 0.7868154 -0.04548787 56 54 40
0.08746661 0.8620187 -0.32959 110 110 98
-0.3924071 0.6512747 0.1117464 180 180 169
-1.14037 0.8491676 -0.2759689 115 130 91
-1.32136 4.80911 1.056877 188 188 186
-0.8156935 5.141791 0.3564869 144 137 121
-1.021235 4.977933 0.6995181 159 153 143
-0.9284569 5.0427 0.5809554 11 7 2
-1.968406 4.337967 2.138911 188 186 180
-1.407385 4.712493 1.326741 175 174 169
-0.7558562 5.133489 0.3595164 136 128 112
-1.024562 4.9415 0.791267 153 148 135
-0.7855432 5.082344 0.4733624 112 103 88
-1.145177 4.826204 1.03234 126 121 109
-0.5874667 5.198084 0.2005177 108 99 85
-2.045343 4.229518 2.426097 162 161 153
-0.8307302 5.031454 0.5951672 135 128 115
-1.312398 4.699349 1.317022 144 139 129
-1.095123 4.835727 1.022198 120 116 101
-0.4322052 5.256763 0.06586616 140 132 117
-0.4663717 5.236955 0.1206652 138 132 116
-0.481115 5.227169 0.1850295 116 107 90
-0.3877339 5.275727 0.03259698 143 133 118
-0.9357431 4.904014 0.8581469 131 126 112
-0.7908012 4.982223 0.6956154 110 101 89
-0.7977135 4.972944 0.6874381 110 101 89
-0.9326189 4.882208 0.8977759 140 132 120
-0.4507809 5.205193 0.1941767 124 114 98
-0.7285202 5.003724 0.6153498 129 122 110
-0.7977427 4.95953 0.7231418 128 123 109
-0.3047762 5.257403 0.06126185 123 112 94
-0.543043 5.089546 0.4302692 107 101 83
-0.9761132 4.797788 1.101227 139 135 127
-0.4006225 5.173306 0.2577372 118 109 92
-0.8386263 4.854018 0.9631047 124 120 106
-0.4081841 5.12212 0.3380297 109 100 84
-0.2927903 5.196125 0.2005334 142 134 119
-1.05146 4.6765 1.354033 148 145 139
-0.1755437 5.229764 0.1056983 149 141 125
-1.451078 4.35502 2.058808 78 77 69
-1.168984 4.483276 1.746185 162 161 155
-0.2527767 5.096583 0.3940681 112 100 81
-0.5260577 4.907738 0.8098652 88 80 67
-1.317893 4.359203 2.033 186 184 180
-1.062615 4.506256 1.721892 106 106 100
-0.3059251 4.9943 0.6104126 122 113 101
-0.3061751 4.994216 0.6099033 122 113 101
-1.031334 4.457931 1.818938 128 125 118
-0.123214 5.063937 0.4607826 122 113 98
-1.266524 4.265911 2.227309 165 164 159
0.03421006 5.119874 0.323145 110 102 82
-1.063169 4.381479 1.984512 116 117 109
0.2356763 5.212211 0.0919753 64 57 39
-0.276381 4.709623 0.5000995 80 72 52
0.5588511 5.29648 -0.09818406 133 123 103
0.652016 5.291751 -0.09576356 98 87 66
-1.404194 3.900169 3.03789 165 167 158
-0.6290315 4.176715 2.393316 91 93 75
-1.253873 3.528366 2.621638 196 196 194
-0.5875887 3.937902 2.866616 175 175 168
-0.4074992 4.03433 1.621545 130 133 114
0.8688818 4.807762 2.67632 146 144 131
-0.7707306 3.777071 0.1719992 70 62 42
-0.7640171 3.676141 3.426218 192 191 186
-0.644343 3.665053 0.2152101 94 92 77
-0.7642781 3.525007 1.190315 76 74 59
-0.6753237 3.597707 0.3569232 108 109 95
1.320559 4.589915 1.293233 100 100 90
0.09842644 3.650034 3.404287 177 174 167
-0.9774184 2.977843 0.7904233 210 220 217
2.157702 3.743931 3.039374 85 86 71
1.049198 3.001983 4.704584 177 174 165
3.59378 2.880134 4.733936 132 135 114
-0.9044486 2.043118 0.4436975 62 45 26
-0.430371 1.81277 -0.06019983 55 51 33
-0.5570747 1.652568 0.1295051 87 84 62
-0.2361474 1.473764 -0.2857114 80 78 65
-0.3122631 1.408306 -0.164454 115 112 99
-0.352871 1.319401 -0.1297226 95 92 79
-0.9898806 1.198475 -0.7093595 106 104 88
21.39757 -15.567 21.6678 163 176 147
1.551874 1.611748 0.5154317 88 76 50
0.294105 0.9143448 -0.2962334 120 111 89
0.8755053 4.461946 1.644004 69 52 26
-0.4323058 3.638295 0.2451325 112 105 87
0.3477102 4.890184 0.7694968 52 45 28
0.347144 4.889357 0.768679 52 45 28
-0.0647999 5.017105 0.5003709 160 147 128
0.5746523 4.786865 0.9875013 111 96 73
1.253614 4.250531 2.06796 129 118 100
-0.1051604 3.782636 0.2677168 113 105 85
1.047398 3.29436 0.8531443 135 126 103
0.910453 2.771875 -0.8490041 134 127 104
1.05827 2.772198 0.8068211 106 95 74
-2.684815 3.925096 3.233499 197 188 176
1.29688 1.911785 0.1618462 120 108 82
0.9157137 1.911394 -0.07448519 116 104 78
1.226693 1.768171 0.1605857 92 78 51
0.7700785 1.882044 -0.2434914 50 42 21
0.8039948 1.836241 -0.2059167 108 97 70
0.8039948 1.836241 -0.2059167 108 97 70
0.3208766 1.923413 -0.3092548 82 71 47
0.6884413 1.639281 -0.2760819 119 111 92
0.284408 1.738903 -0.4198107 93 81 62
0.9543995 1.485382 -0.1028839 84 73 47
0.7006254 1.498046 -0.2754479 114 107 86
0.3082734 1.256363 -0.4376168 111 99 75
0.1913637 1.173318 -0.4642635 95 87 64
0.2846516 1.071418 -0.3761315 142 135 117
0.1351167 4.853446 0.893552 137 125 107
-0.3186045 4.826188 0.9474846 141 129 111
1.667425 4.060397 2.428849 189 182 173
0.04236843 4.543634 1.031247 98 86 62
1.823731 3.99858 2.628403 188 177 167
0.6211144 4.33635 1.546574 92 79 55
1.698984 4.013039 2.521285 179 172 160
1.908293 3.93668 2.818366 183 174 159
-0.3166008 4.343619 0.4883251 95 91 73
1.204921 3.519119 1.262131 73 60 33
-0.413116 3.900229 0.1032969 99 90 70
1.105064 3.278026 0.8726034 93 82 55
1.255514 3.226812 1.222865 107 99 78
1.19223 2.999524 0.9514243 77 68 40
1.130055 2.877241 0.8988231 109 97 70
-2.84005 4.405297 2.171963 203 195 183
-2.484272 3.925312 3.182594 213 207 195
0.3462673 2.787067 0.4126078 123 116 98
-3.392926 3.952808 3.245355 209 201 189
0.1531332 2.651522 0.3277285 147 144 124
-3.837352 3.667836 3.890149 192 183 170
0.2040233 2.590953 0.1906562 90 87 64
0.812702 2.084369 -0.1735436 91 80 53
0.6244691 1.923737 -0.2749236 148 137 109
0.8530549 1.710926 -0.1628836 104 96 76
0.7526671 1.678893 -0.2462866 114 106 86
0.6333018 1.658838 -0.2792092 71 59 29
0.7619893 1.582202 -0.2173003 110 98 74
0.4984641 1.535043 -0.4514095 78 68 45
0.2644701 1.131439 -0.3881901 99 87 60
1.775636 4.493582 1.498909 163 153 136
0.2695238 4.84696 0.8769205 142 129 111
1.052531 5.058607 2.822715 129 118 97
1.327575 4.434596 1.644082 129 118 97
-0.8439766 5.233181 0.1633446 169 156 140
0.1826256 4.832606 0.9260417 133 122 104
2.246382 4.082222 2.386383 179 170 157
1.1041 4.377753 1.821382 7 6 4
-1.585699 5.233008 0.2133529 203 194 181
1.485805 4.098482 2.455876 187 181 171
-0.8139765 4.874997 0.8781152 174 165 150
0.6748916 3.7325 0.7401177 68 56 32
-0.3023311 3.89631 0.1385634 98 91 73
-0.1225574 3.790554 0.2545159 117 106 87
1.070564 2.59818 0.6395421 107 95 69
1.070564 2.59818 0.6395421 107 95 69
1.04016 2.565035 0.6074039 77 65 39
0.65504 2.647673 0.5977377 90 77 50
0.07717797 2.340674 0.1253259 149 146 131
0.945918 2.10739 -0.08619531 105 95 67
1.323591 2.206044 -1.716323 179 162 136
0.6786956 2.132364 -0.2284514 103 95 74
1.296096 1.682125 0.2331447 116 102 75
0.6234137 1.829533 -0.3119391 148 142 121
0.9249602 1.706944 -0.09494182 83 71 47
1.065826 1.637877 0.0306838 115 107 85
0.8053789 1.654522 -0.2146393 87 77 53
1.087599 1.519419 0.05668292 113 101 81
0.8975586 1.455191 -0.1503875 82 70 48
0.7242166 1.466262 -0.2373784 94 81 52
0.9050807 1.333146 -0.1221166 105 97 77
0.3246181 1.507328 -0.4340014 124 118 99
0.9286525 1.307793 -0.09652933 59 51 31
0.2391655 1.444456 -0.4612078 89 77 48
-0.03901429 1.41679 -0.4999162 115 111 95
0.3603007 1.352434 -0.4435413 96 89 68
0.6131385 1.213186 -0.3159703 103 90 66
0.2565534 0.9603826 -0.3266835 136 129 107
1.772115 4.517351 1.444219 157 145 128
1.23245 4.711883 1.112787 144 128 106
0.9958916 4.711603 1.124736 140 124 100
0.7289081 4.780828 0.9906684 105 90 62
1.261502 4.515088 1.475503 127 114 90
1.220197 4.527445 1.465718 113 96 70
0.6861424 4.602511 1.402337 106 89 64
1.937117 3.975123 2.637832 188 178 167
1.52557 4.041451 2.554733 185 181 170
0.3062061 4.247584 0.9115482 91 78 52
1.992269 3.81212 3.028991 188 179 164
1.017716 3.825932 1.272921 114 102 79
1.00378 3.789428 1.253703 67 55 31
-1.623917 4.982588 0.7425517 184 175 163
1.967791 3.674303 3.369484 179 167 153
1.332568 3.531849 1.488411 80 66 39
1.911796 3.63716 3.464089 178 168 157
-0.7077441 4.11446 0.212132 176 165 151
0.6880032 3.483298 0.6289707 115 106 83
1.288897 3.156749 1.19735 89 78 48
1.073517 2.990982 0.8253989 84 76 53
1.228936 2.728943 0.872169 106 100 82
0.5524692 2.971305 0.5456524 111 101 81
0.8877752 2.753489 0.6239371 80 70 43
1.346091 2.580572 0.9399437 94 85 63
0.4661526 2.701468 0.4277272 79 74 58
0.1301744 2.789028 0.4093734 133 131 116
1.154123 2.189836 0.2138637 82 70 45
1.486974 2.046275 0.2032946 81 69 45
-0.8199177 2.43868 1.507466 152 149 132
1.088893 2.071312 0.08549546 79 60 28
1.088893 2.071312 0.08549546 79 60 28
1.301523 2.005138 0.08588599 87 67 42
0.02690491 2.318728 0.1215344 121 117 102
0.984551 2.057011 -0.04202989 110 96 70
1.576366 1.77925 0.3811454 118 106 79
1.012474 1.906406 0.0200531 110 99 72
0.6907874 1.9772 -0.2252899 41 27 5
1.035696 1.831446 0.03037254 90 78 54
1.319485 1.718392 0.2314422 92 78 52
1.097317 1.6849 0.08377857 91 80 58
1.256169 1.502872 0.2893911 140 127 100
0.7968222 1.684695 -0.200219 107 99 78
0.3808575 1.800904 -0.3585298 86 78 58
0.4369096 1.733354 -0.4037272 76 65 43
1.0298 1.465875 -0.02866687 93 82 59
0.8302723 1.5115 -0.1552511 88 76 52
0.5421897 1.627977 -0.3839513 87 77 54
0.5616478 1.610399 -0.3680844 102 93 70
0.9222249 1.479613 -0.126212 80 72 50
0.9740639 1.43764 -0.05456005 102 89 65
0.9166881 1.381918 -0.1060908 109 99 77
0.4767966 1.472886 -0.4366804 92 84 63
0.7084261 1.335394 -0.2500678 111 100 79
0.7084261 1.335394 -0.2500678 111 100 79
0.2772722 1.457982 -0.452073 130 125 106
0.8411232 1.499157 -0.8687385 92 77 50
0.3571669 0.9159034 -0.2657333 124 114 90
1.958667 4.469692 1.574883 169 159 143
-0.182007 5.228937 0.1126093 172 158 141
0.02061211 5.113356 0.3074443 157 143 124
2.304502 4.285996 1.909238 163 153 139
1.98946 4.329845 1.825101 175 165 153
-0.3482524 5.178647 0.2321893 140 129 109
2.209872 4.252286 2.027421 183 171 160
0.3154744 4.884982 0.7925416 142 128 112
2.162455 4.166697 2.156555 174 164 149
2.16748 4.147937 2.19533 184 173 164
1.98974 4.17347 2.245694 180 172 160
-1.136031 5.229442 0.1664565 191 179 165
1.159174 4.383057 1.813339 97 80 56
-1.186182 5.191644 0.2860564 197 185 171
-0.2207376 4.812391 0.9882411 104 93 72
-0.2752664 4.77563 1.044753 98 86 62
-0.9661927 5.020496 0.5800906 179 170 158
-1.562648 5.19765 0.286397 205 192 180
1.948779 3.931934 2.804615 187 178 163
1.785737 3.926899 2.777411 186 176 165
1.785737 3.926899 2.777411 186 176 165
-1.230588 4.973761 0.7123566 199 190 177
2.064178 3.75656 3.13753 187 175 161
1.908068 3.796633 3.084538 177 166 149
1.908068 3.796633 3.084538 177 166 149
1.939676 3.784304 3.115041 193 184 171
0.4955226 3.732428 0.5224246 85 75 52
-2.297701 5.15133 0.5058646 200 188 164
0.4983265 3.687695 0.4997998 132 119 95
-1.036775 4.282136 -0.09596277 189 178 165
0.6922082 3.376967 0.6197115 90 75 45
1.819571 3.290066 4.233646 211 202 195
-0.3561642 3.599201 0.369079 164 158 145
0.01932769 3.428947 0.4567907 134 128 108
1.304888 2.944318 1.288493 94 84 60
1.135951 2.972053 0.8693795 114 103 76
-0.4003582 3.475575 -0.06850865 197 197 189
-2.936022 4.423412 2.214684 208 200 189
-3.02407 4.386789 2.170805 207 199 185
1.010735 2.605317 0.60543 118 110 89
0.7790071 2.674793 0.5974179 97 84 57
1.132092 2.528978 0.6383079 73 67 45
-3.593639 4.185916 2.672976 191 183 169
1.183451 2.487758 0.6836698 67 57 34
-3.285742 3.788481 3.551677 197 188 175
-3.435325 3.759768 3.677237 216 211 198
0.2457016 2.647879 0.3390827 138 130 107
1.328964 2.26767 0.8290491 81 73 53
1.459515 2.102663 0.2168493 80 71 46
0.969172 2.259244 -0.07378493 88 62 38
1.547471 2.049187 0.2681845 75 44 23
1.508047 2.032111 0.2228345 103 95 74
1.461961 2.045042 0.187881 109 98 71
0.9441853 2.194488 -0.105877 92 79 53
1.295905 2.065734 0.1172982 73 61 36
1.447826 1.974082 0.1600375 94 84 57
0.8507733 2.144296 -0.1457003 118 106 82
1.249931 1.942661 0.1115478 107 90 62
0.9921126 2.034621 -0.02662968 81 68 41
1.600665 1.742306 0.4418764 102 91 60
0.7812119 2.042407 -0.2105454 132 123 99
0.7977244 2.025667 -0.1995184 131 119 95
1.450878 1.741315 0.2840136 80 70 45
0.5488513 2.020933 -0.2699454 91 80 54
0.8937704 1.904127 -0.1087001 111 99 74
-0.9835316 2.0606 0.4839553 180 163 136
1.249286 1.558768 0.2724803 102 90 66
1.204919 1.572938 0.2347298 88 75 48
-0.2310517 1.900461 -0.070901 136 132 118
0.9009293 1.664134 -0.118961 111 99 72
1.021983 1.609521 -0.05239962 112 105 81
0.4608488 1.774488 -0.3417597 67 59 39
1.011901 1.587103 -0.06613152 117 105 80
0.9907163 1.594564 -0.09478472 88 69 44
0.9657558 1.601174 -0.09848785 117 109 89
0.9902937 1.571607 -0.08228785 111 101 73
0.783903 1.635173 -0.2285936 86 73 48
0.9133542 1.560178 -0.1207764 101 94 73
0.9860185 1.414989 -0.05176172 90 79 51
1.005037 1.348822 -0.04665543 85 72 48
0.5261218 1.4665 -0.4289749 89 74 48
0.6656598 1.399041 -0.3327358 123 115 94
-0.007349783 1.470074 -0.4609092 134 130 115
0.4129245 1.241114 -0.3640973 110 100 77
2.429563 4.257275 1.942444 178 166 152
0.8621097 4.760657 1.012317 127 114 91
1.185801 4.644083 1.240639 134 118 95
1.185801 4.644083 1.240639 134 118 95
-0.4518237 5.214959 0.1646412 170 160 139
1.626956 4.415934 1.679372 152 142 128
1.484959 4.427994 1.651595 141 129 111
0.7665616 4.686866 1.193835 126 111 88
0.1858042 4.849346 0.8670788 137 125 108
-1.032361 5.271697 0.05148843 196 184 170
0.4425857 4.736445 1.105691 96 80 55
-0.6060809 5.117727 0.3918722 167 154 136
1.54678 4.323806 1.874538 157 147 133
1.404165 4.371213 1.796198 131 119 103
-1.049578 5.258001 0.09055208 194 182 168
0.093543 4.823279 0.9344181 130 120 102
1.192961 4.417057 1.705424 90 75 48
-1.034204 5.216123 0.1309175 184 172 156
0.9746124 4.503293 1.629093 100 83 56
1.35667 4.332643 1.878524 115 103 83
-1.283587 5.304236 0.09197801 196 184 169
0.347104 4.646161 1.317219 69 52 24
-0.9930708 5.121903 0.4055507 170 159 141
-0.0997364 4.768259 1.077123 86 70 47
1.160497 4.286547 2.056362 70 54 30
1.352742 4.188547 2.270724 152 144 132
-0.8759179 4.942149 0.7781821 181 170 153
1.845679 3.923135 2.761067 182 172 161
-1.33902 5.041248 0.614755 190 178 162
-1.340299 5.040788 0.6130314 190 178 162
1.654962 3.908158 2.857779 192 183 171
-0.1927359 4.240283 0.434648 92 85 65
-0.1927359 4.240283 0.434648 92 85 65
1.906702 3.768616 3.140141 192 182 167
1.906702 3.768616 3.140141 192 182 167
-2.039685 5.18192 0.3862318 207 195 183
1.909316 3.671726 3.36211 198 186 173
0.6473773 3.720924 0.6871116 107 92 65
1.520066 3.10664 0.1730325 107 97 68
1.990025 3.556889 3.655324 160 149 133
1.352101 3.364814 1.312673 72 60 32
1.328888 3.361862 1.307752 98 86 60
-2.218457 4.952006 0.8849459 202 194 181
-2.122214 4.865255 1.036942 209 200 187
0.4854565 3.48609 0.4940378 130 122 102
-2.528472 4.936276 0.9290404 203 194 181
-0.2125005 3.71134 0.2546231 109 97 75
-0.0891386 3.663266 0.3137814 137 128 112
1.195732 3.171068 1.079942 110 98 71
-0.2827873 3.702926 0.2724752 77 64 40
0.9075069 3.226279 0.8236592 107 93 62
-0.1309484 3.609531 0.3311868 127 119 99
0.9019804 3.194248 0.8112372 111 97 70
-0.5135422 3.724885 0.1594609 143 138 122
0.07481359 3.477297 0.4072773 120 112 91
0.2991197 3.370996 0.4711728 125 118 100
0.2991197 3.370996 0.4711728 125 118 100
1.081211 3.056196 0.8380294 94 81 55
0.4757532 3.26799 0.5090268 109 103 83
0.4757532 3.26799 0.5090268 109 103 83
-0.4981316 3.614571 0.2825386 165 162 151
1.012541 2.990321 0.782258 136 128 109
1.315019 2.893916 1.295576 96 88 63
0.2970991 3.225653 0.4963679 154 149 137
1.196015 2.793692 0.8802364 81 73 50
1.058218 2.838674 0.8044741 84 80 61
1.17218 2.77014 0.8478621 93 85 63
1.04176 2.809537 0.7767512 113 102 78
1.314037 2.63665 0.857672 109 101 80
-2.719254 4.239498 2.455634 185 173 160
1.174227 2.600682 0.7388549 42 34 13
0.7622681 2.754414 0.619679 93 82 53
1.336496 2.501145 0.7595339 89 79 53
0.5773152 2.769262 0.5309824 77 69 48
0.383981 2.793572 0.4166079 121 115 97
-3.128489 3.942672 3.243662 207 200 188
0.4029541 2.718703 0.4095383 86 82 66
1.087934 2.46818 0.5800072 96 86 61
0.4956743 2.676342 0.435688 104 97 76
0.8394186 2.438816 0.281945 109 94 70
1.371563 2.049462 0.1457359 115 105 82
1.478269 2.009307 0.1849775 116 106 81
1.314354 2.020765 0.1150225 99 87 63
1.314354 2.020765 0.1150225 99 87 63
1.479554 1.962488 0.1827169 89 76 49
0.9065284 2.139284 -0.1285672 86 76 52
0.7261677 2.130499 -0.1982127 95 83 55
0.894009 2.053226 -0.1388046 109 97 71
0.1198364 2.081171 -0.01424255 151 143 123
1.018565 1.836436 0.159776 116 104 77
1.319854 1.747522 0.2026158 108 98 71
1.082645 1.822058 0.08732468 117 101 73
0.516713 2.017375 -0.2762121 138 129 109
1.104587 1.799357 0.09980511 109 95 68
0.8350626 1.911755 -0.1747286 89 78 50
1.045671 1.80679 0.03996618 119 106 79
-0.729251 2.113302 0.3760208 110 103 75
1.413252 1.626655 0.3253199 87 74 47
0.980285 1.781488 -0.06898702 80 64 40
1.384395 1.602612 0.3375787 90 78 48
1.291068 1.580432 0.3032816 113 101 77
0.2725419 1.906342 -0.3171227 138 134 122
-0.8039416 1.726895 1.10266 86 79 61
0.3268592 1.873036 -0.3390041 105 95 78
1.0119 1.626455 -0.07007584 82 66 41
0.8758906 1.658172 -0.1485201 103 91 63
0.9376431 1.57992 -0.1132374 106 98 78
0.9651125 1.555244 -0.09825101 110 100 76
0.9373148 1.553578 -0.1160738 88 75 51
0.3775224 1.730132 -0.4134957 114 105 87
1.157795 1.22187 0.7527194 98 90 66
0.4361171 1.635743 -0.4239922 80 70 45
0.4977377 1.611068 -0.4014153 86 78 56
0.2282779 1.608388 -0.4752687 152 142 123
0.9839557 1.35383 -0.05366633 104 94 71
0.7977283 1.402847 -0.1812734 97 86 58
0.4980847 1.493647 -0.4426866 122 112 88
0.454727 1.457174 -0.4431712 160 155 132
-0.09046359 1.48012 -0.4365129 136 132 119
0.800299 1.287831 -0.1687894 67 57 37
0.800299 1.287831 -0.1687894 67 57 37
0.6887936 1.272198 -0.2725178 102 92 69
0.4594107 1.268093 -0.3326545 87 76 48
0.9557108 1.02352 0.09120339 89 77 55
0.3403637 1.252068 -0.3953803 112 100 73
0.002638882 1.281094 -0.4196055 166 158 138
0.6176838 1.13822 -0.265731 96 86 61
0.4907472 1.159346 -0.2960958 121 109 85
0.2145935 1.241291 -0.48473 63 51 33
0.6629912 1.075207 -0.1822635 108 96 72
0.6351098 0.9946492 -0.1886562 115 105 82
-1.617298 0.427781 0.6898926 156 160 94
1.647842 4.585014 1.327513 149 137 117
1.321162 4.682382 1.121935 141 124 104
1.802869 4.498975 1.480976 161 150 133
1.969604 4.430219 1.610849 175 166 151
1.929018 4.436698 1.603516 167 158 140
2.345347 4.289751 1.8875 164 154 137
1.12735 4.701616 1.114804 136 120 97
1.379631 4.596912 1.30986 127 111 85
1.074972 4.706148 1.120455 143 127 102
2.372982 4.228092 2.008059 174 162 147
1.646951 4.457919 1.579062 162 152 134
1.617203 4.46761 1.568958 157 146 129
0.3386406 4.922988 0.7046378 149 137 121
-0.0887486 5.082428 0.4122778 60 43 18
2.343218 4.220661 2.109618 173 161 150
-0.4074711 5.195045 0.2098928 168 156 136
-0.1293346 5.058207 0.4638343 159 147 129
2.095951 4.248484 1.992052 168 155 139
2.096366 4.248262 1.991101 168 155 139
-0.6512539 5.234604 0.1313454 177 166 149
1.629855 4.361729 1.789385 154 145 130
1.624593 4.378029 1.830334 154 145 130
0.9111245 4.620317 1.342584 108 92 67
1.490865 4.404156 1.716334 151 140 122
0.5933504 4.675086 1.237724 98 82 56
0.9687637 4.46918 1.617105 70 54 29
0.3367702 4.683809 1.199089 92 76 52
0.7541869 4.519435 1.524908 95 79 54
1.387866 4.289005 2.037566 146 137 124
-1.314381 5.237101 0.1513059 195 183 170
-1.042407 5.13224 0.3886068 161 149 129
-1.034176 5.123674 0.376688 161 149 129
-1.199438 5.189347 0.2967464 199 188 175
-1.393016 5.244697 0.1560319 198 186 174
-1.332653 5.214369 0.2082392 103 87 58
-1.332653 5.214369 0.2082392 103 87 58
-1.013042 5.075824 0.5052391 174 161 144
-1.213673 5.142742 0.383459 186 172 156
-1.55206 5.261981 0.1230266 200 188 176
-1.147014 5.115074 0.4370714 183 172 158
-1.25225 5.130693 0.4224996 189 176 158
1.244765 4.19855 2.173672 114 106 88
-0.964013 4.976801 0.7082231 187 178 165
-1.233363 5.070065 0.5450292 197 185 172
-1.224412 5.05717 0.5707737 179 168 151
-1.224412 5.05717 0.5707737 179 168 151
1.495631 4.072647 2.539741 150 143 124
1.770484 3.942184 2.726825 162 151 131
1.770484 3.942184 2.726825 162 151 131
-1.761556 5.214391 0.3071326 202 193 180
2.146349 3.784206 3.103318 103 96 78
2.146349 3.784206 3.103318 103 96 78
1.748831 3.899382 2.882872 150 140 126
-1.762118 5.112749 0.5006623 200 190 177
0.9947845 3.759793 1.205878 109 97 73
0.6863326 3.761793 0.796553 60 49 25
0.6290621 3.702655 0.6615301 37 32 12
-1.765224 4.902659 0.9538266 197 189 177
-1.761761 4.899499 0.9471986 197 189 177
1.477453 3.304055 1.196178 106 96 71
-2.239695 5.044678 0.6920544 203 191 179
0.168026 3.761945 0.3604985 134 126 108
1.267234 3.293217 1.265007 107 95 71
-0.1975645 3.772085 0.2394695 76 64 37
-0.8548455 3.961912 -0.1027655 179 170 157
0.4277981 3.440451 0.476452 132 124 107
0.5440679 3.378766 0.5247717 105 97 76
0.3328042 3.446295 0.4447224 108 102 82
1.29789 3.100916 1.266866 96 83 56
-0.4912128 3.683595 0.1764996 148 144 128
0.03041341 3.409846 0.4706944 133 126 108
0.07116345 3.38665 0.4803104 155 148 129
-0.4287042 3.589365 0.4147475 144 136 118
1.141036 2.955619 0.9027287 86 78 56
0.9864944 2.975872 0.7703103 120 113 93
0.9162838 2.977871 0.7797927 129 119 97
1.037813 2.877886 0.7850113 90 82 58
1.047796 2.864197 0.8029066 111 101 73
1.023984 2.862313 0.7681825 121 110 86
-0.6246921 3.50892 1.020477 90 85 65
-0.6026613 3.496855 1.192706 90 84 61
-0.6660966 3.45988 1.272928 113 109 90
1.025708 2.752035 0.7470446 87 80 62
1.026606 2.710877 0.7220141 109 98 75
0.4532454 2.821989 0.4623391 104 100 80
0.4532454 2.821989 0.4623391 104 100 80
0.8805267 2.63896 0.6082054 96 86 63
1.092572 2.463339 0.8438743 96 87 64
0.528218 2.645156 0.4435084 104 92 68
0.3649124 2.701832 0.3850828 90 86 71
-3.28347 3.835988 3.506865 209 204 195
0.904766 2.49901 0.5595858 93 81 57
-3.684632 3.904652 3.431697 209 201 189
0.6222451 2.506693 0.1717714 105 95 74
1.43929 2.107905 0.207617 111 100 80
1.537311 2.0646 0.2749953 103 95 73
0.8560976 2.269684 -0.08517421 130 119 99
1.455825 1.995733 0.1713212 116 104 78
0.6530488 2.23582 -0.1427573 143 135 113
0.03672199 2.356679 0.13709 120 116 100
1.149402 2.03747 0.07275366 108 97 73
0.04522229 2.323237 0.1203418 114 110 94
1.434072 1.9293 0.1609301 117 109 89
-0.2974735 2.383769 0.1667683 108 104 86
0.8925737 2.09875 -0.1187524 112 97 68
0.8859822 2.063728 -0.1533662 90 79 55
0.9806406 2.01681 -0.0384165 87 75 49
0.7262133 2.087495 -0.2024524 94 83 57
0.8709949 2.040918 -0.1692992 89 77 53
-0.2613953 2.201142 0.05987903 138 134 115
0.8784538 1.91501 -0.1210146 93 81 54
1.065688 1.815931 0.06877326 102 89 61
1.167793 1.781071 0.1247785 82 69 42
1.05416 1.787408 0.05059224 94 79 55
1.067451 1.780902 0.06139719 114 102 75
1.293068 1.663059 0.2475369 113 101 74
-0.9534721 2.03083 0.4708695 127 103 73
1.313767 1.581001 0.3244011 116 102 76
0.7753331 1.75791 -0.1682778 83 71 47
1.009483 1.661191 -0.06193305 112 103 86
1.016991 1.648555 -0.05865753 82 71 52
0.6074092 1.782661 -0.3415309 102 94 73
1.097222 1.582805 0.07804456 110 102 79
0.4869542 1.736323 -0.3690873 107 99 79
0.4744608 1.728836 -0.3804257 92 84 63
0.8362094 1.565051 -0.1519913 88 76 49
0.9854897 1.52004 -0.08287485 84 72 50
1.099064 1.655183 -0.6762506 98 88 64
0.659812 1.565718 -0.3186108 112 104 84
0.2998571 1.660653 -0.4790642 85 74 53
0.9432402 1.443854 -0.1031785 87 77 51
0.7545722 1.506524 -0.2171658 98 87 62
0.9529232 1.391587 -0.07036138 91 79 59
1.058378 1.252187 0.1097332 105 94 71
0.7951708 1.38152 -0.1767763 47 38 18
0.9162606 1.334439 -0.09364031 84 76 55
0.6951436 1.398626 -0.305095 108 98 75
0.6832389 1.393606 -0.3275146 92 76 50
0.4538248 1.427834 -0.4442187 103 93 73
0.2325906 1.436296 -0.4677418 75 68 45
0.8528211 1.259122 -0.1666835 103 91 69
0.574113 1.348857 -0.3283529 119 110 89
0.6783792 1.273735 -0.2894425 88 77 50
0.4173341 1.343746 -0.4324416 96 84 62
0.3762681 1.277251 -0.3965468 115 100 72
0.5312603 1.17132 -0.3008886 137 126 104
0.4026933 1.197742 -0.3577295 113 103 82
0.4454948 1.166613 -0.3273551 118 108 85
0.7614311 1.180866 -0.4723585 122 110 86
0.3782907 1.142214 -0.3689143 94 84 61
0.3323328 1.12116 -0.3797968 136 129 111
0.658452 1.008996 -0.1800742 107 99 78
0.1833851 1.100413 -0.4370395 118 108 80
0.3785018 0.8963052 -0.2500174 87 78 57
0.4661641 0.9387905 -0.6160445 107 101 81
-1.200989 0.7998082 -0.459507 238 50 69
2.13379 4.414688 1.652078 174 165 152
0.03116366 5.171506 0.2033066 151 137 118
2.319978 4.350351 1.807084 50 34 20
0.7783139 4.886261 0.745984 78 65 38
0.1667121 5.109009 0.3183645 154 142 122
1.468155 4.6228 1.264821 141 129 109
1.377113 4.642851 1.234415 120 105 80
0.7605748 4.853144 0.8195836 117 100 67
2.296685 4.30245 1.862004 73 58 40
-0.2923531 5.199852 0.144059 162 150 130
0.2483005 4.999861 0.5506604 150 138 118
0.8224092 4.789494 0.9545694 116 100 75
1.226837 4.639176 1.246009 118 102 77
1.321753 4.590337 1.347273 138 124 103
1.292235 4.594723 1.318632 136 122 101
1.962451 4.359021 1.807195 172 162 149
0.6588413 4.811175 0.9075819 108 93 66
0.7554361 4.767551 1.012411 134 121 97
2.264257 4.222302 2.036217 65 48 25
1.146221 4.61541 1.292703 112 96 71
0.2110938 4.95681 0.653026 148 134 116
-0.2943076 5.127125 0.3368645 163 150 134
0.7145823 4.744877 1.058971 107 95 71
0.7648986 4.721981 1.086592 106 93 69
1.465326 4.47051 1.576264 148 137 118
-0.002222114 5.003024 0.5773954 152 139 121
-0.002222114 5.003024 0.5773954 152 139 121
-0.02333391 5.005348 0.5623212 152 140 121
-0.4401663 5.144204 0.2760972 167 155 137
0.3189155 4.86495 0.8309782 147 134 118
-0.5513592 5.178798 0.2477344 154 144 124
0.5606479 4.766553 1.030795 116 99 74
0.5747621 4.752614 1.039454 109 91 67
-0.7076551 5.226202 0.1512975 185 173 159
0.4734429 4.779415 0.990491 127 112 92
-0.7595124 5.231191 0.1221533 188 176 162
-0.1530861 5.009185 0.5613734 154 142 124
1.558596 4.377501 1.758814 151 139 124
-0.9129149 5.272725 0.04876382 174 162 142
-0.9223356 5.283421 0.06141279 174 162 142
-0.9682862 5.28948 -0.001415498 193 182 165
1.439109 4.405292 1.710926 118 106 86
-0.8940573 5.247883 0.09462667 178 165 147
1.145617 4.506737 1.527601 99 83 58
-0.4893024 5.094146 0.4130986 165 153 139
1.030991 4.543434 1.486802 82 69 43
-0.5086546 5.085051 0.4153987 154 141 123
-0.9131216 5.231276 0.1471622 183 172 154
0.8500989 4.594548 1.404934 115 98 72
1.511337 4.333677 1.863858 107 96 76
-1.286631 5.312051 0.002758337 195 181 170
-0.9455549 5.164157 0.313111 184 172 158
-1.382545 5.312541 0.0209521 199 187 175
0.09277912 4.771545 1.067159 104 92 70
-0.58794 5.010914 0.5767248 140 130 116
-0.9712783 5.144474 0.3598296 186 174 160
-1.321232 5.264119 0.09420177 78 67 46
1.406185 4.262746 2.019404 117 110 94
1.396016 4.235581 2.085305 164 156 143
-0.5103008 4.921004 0.7537286 162 149 132
1.164268 4.29775 1.968783 74 59 32
-1.353547 5.203124 0.2104163 190 181 166
-1.305901 5.184711 0.2647282 190 178 164
-1.343369 5.156031 0.3859713 195 183 169
1.988063 3.959766 2.73522 166 157 140
-1.553637 5.218244 0.2551 209 197 182
2.014512 3.932907 2.78369 145 135 115
0.9955772 4.171151 1.721623 74 62 38
1.662424 4.025048 2.599042 163 156 138
-1.421761 5.120807 0.4563138 197 185 171
1.850305 3.932402 2.702475 114 103 83
1.473542 4.088708 2.524525 185 181 170
-1.352143 5.089651 0.5149015 184 172 156
1.377871 4.090262 2.390579 153 149 135
-0.8603201 4.891858 0.8815531 166 157 142
1.405009 4.069054 2.435047 163 160 145
-1.435208 5.072221 0.5077446 196 187 173
-0.9739485 4.892102 0.8854266 184 172 158
1.509262 3.999483 2.668771 167 162 146
-1.793073 5.189121 0.3444374 132 121 94
-1.16365 4.948885 0.7900963 180 170 155
1.611771 3.949631 2.771657 174 167 151
-1.240965 4.955267 0.7707339 187 178 165
1.528196 3.93474 2.80047 171 165 149
0.1523274 3.901341 -0.2127144 154 144 125
-1.794488 5.088051 0.5358495 202 193 178
2.193552 3.022504 0.7076296 181 169 155
0.7068226 3.778402 0.8414826 112 100 78
-0.04938567 3.973577 0.2940903 80 72 51
-0.04938567 3.973577 0.2940903 80 72 51
0.0809413 3.911282 0.3368491 117 109 89
0.5513823 3.716143 0.5694363 113 102 76
0.6340855 3.680712 0.6510358 109 99 76
0.4516561 3.721275 0.4860957 124 114 91
0.5640475 3.673305 0.5438774 116 104 80
-2.358479 5.134384 0.5499436 182 168 152
-2.346214 5.115847 0.5776278 201 188 171
-0.1905794 3.913388 0.1721927 106 99 79
-0.1804758 3.901423 0.1807493 74 66 44
-0.6464805 4.121325 0.1909947 109 101 81
-0.1685182 3.882818 0.193761 83 71 47
-0.3236792 3.933558 0.1213724 99 92 72
0.3471575 3.627391 0.4315549 108 100 79
-0.06134052 3.780628 0.2796138 123 116 98
-0.07526393 3.711048 0.3043572 128 121 103
0.002588331 3.678531 0.3305243 116 108 88
-2.415539 4.908576 1.096974 196 187 175
0.3475188 3.498072 0.456821 106 99 79
0.1556003 3.555618 0.3847949 104 96 72
-0.4869165 3.790226 0.1305331 119 108 86
1.340929 3.100923 1.320584 95 84 54
0.4607742 3.378701 0.4947883 125 119 100
0.1035663 3.515727 0.3830645 136 126 106
0.3301181 3.413507 0.4563987 116 107 89
0.535529 3.317761 0.5280329 123 115 95
-0.3596962 3.648364 0.2611411 93 84 62
-0.8176911 3.798119 0.1731064 119 114 98
-0.7201621 3.751115 0.2030349 83 71 45
0.3639492 3.302656 0.4869715 123 119 99
0.318842 3.320655 0.4851806 128 123 104
1.075376 3.026599 0.8342044 105 96 73
-0.5931953 3.659745 0.2202135 156 149 133
0.6973829 3.093569 0.6700387 104 94 71
0.854241 3.033305 0.7764283 102 86 53
1.085564 2.91251 0.8259484 103 93 70
0.9707036 2.947897 0.7684908 120 112 92
1.163294 2.870984 0.9181821 106 96 73
1.029694 2.903339 0.7707511 115 105 82
1.080251 2.875826 0.8272555 80 72 51
-0.6158153 3.537016 0.8292053 179 179 168
1.136567 2.82838 0.859877 111 99 79
-0.6023733 3.510047 1.135798 81 81 58
0.2353569 3.124162 0.4971361 132 128 112
0.1945158 3.139976 0.5012958 127 123 103
1.122561 2.767368 0.8023233 49 42 18
1.073359 2.752503 0.784983 100 88 64
0.4424359 2.964845 0.4829811 111 108 89
1.067798 2.727008 0.7647054 85 77 57
0.4578446 2.895333 0.477245 106 99 80
0.5847917 2.806393 0.5468114 108 100 79
0.5847917 2.806393 0.5468114 108 100 79
-3.290885 4.120695 2.894465 189 180 165
1.015761 2.573661 0.5722764 86 79 59
0.5712713 2.680015 0.4788685 99 91 71
0.4909036 2.707531 0.4346963 102 96 80
0.2780827 2.748857 0.3875629 114 109 93
0.4169637 2.679689 0.3884543 81 77 58
0.2649816 2.718997 0.373272 122 117 101
-0.2502635 2.765177 0.6394593 123 119 101
0.717333 2.435889 0.1831446 82 71 47
0.6000311 2.445184 0.1123673 97 85 61
1.245876 2.222169 0.3634095 74 62 42
0.9402604 2.293048 -0.06516685 110 101 80
1.417863 2.115047 0.1964318 94 86 66
0.940138 2.221567 -0.09407287 126 115 94
0.5325819 2.303612 -0.08311337 110 99 77
1.314669 2.038386 0.1221659 74 58 32
1.493103 1.980146 0.1859857 92 58 28
1.16698 2.078586 0.09091131 95 82 56
0.9298516 2.157169 -0.1075683 95 84 57
-0.1986456 2.241975 1.406488 56 43 19
1.43063 1.947297 0.1723888 94 83 60
-0.02687815 2.301319 0.1081004 116 111 97
-0.1399361 2.320778 0.1225525 115 110 94
0.006698019 2.282325 0.0978311 120 116 101
1.408799 1.889461 0.1548887 109 99 74
0.3679576 2.131482 -0.1621365 79 73 54
0.6498832 2.069135 -0.2370604 112 100 73
0.4948513 2.018775 -0.2766826 111 101 75
0.6482045 1.973949 -0.2694846 68 57 31
0.6278459 1.972679 -0.2786011 118 111 91
0.6134017 1.966832 -0.2804714 99 91 70
0.3204772 2.02648 -0.2672785 130 127 113
0.4751532 1.954004 -0.3009937 91 85 65
-0.7648551 2.045764 0.4306173 125 114 87
1.195987 1.691942 0.1635786 84 71 43
0.3137654 1.963776 -0.28492 111 103 82
-0.8362502 2.028942 0.4464514 126 116 89
-0.1905748 1.997162 -0.02948812 119 115 99
0.9677868 1.771028 -0.0770258 113 102 82
0.6342408 1.868456 -0.2836649 111 103 83
0.1593784 1.924385 -0.2673462 165 160 146
-0.1710088 1.924601 -0.06284198 149 143 130
0.8692296 1.691945 -0.15965 102 95 74
0.997575 1.630686 -0.0752268 110 103 86
0.3685697 1.807794 -0.3668715 77 69 49
0.5999589 1.758649 -0.3570485 95 86 66
1.007781 1.54022 -0.06342577 100 92 66
0.120951 1.741355 -0.3734075 169 163 147
0.5283934 1.644885 -0.3901271 128 125 106
0.6033221 1.603134 -0.3081081 75 64 37
0.7426553 1.471555 -0.2158473 103 92 68
0.4811575 1.54319 -0.4635839 88 76 55
0.7755645 1.386947 -0.1704796 96 84 58
0.4949355 1.51223 -0.4533414 95 75 48
0.59785 1.424261 -0.3282971 110 98 74
0.5778273 1.401991 -0.3206703 108 95 69
1.047482 1.12929 0.08994644 94 87 71
0.6595985 1.303093 -0.318914 84 73 49
0.8080952 1.229708 -0.186701 109 98 76
0.4639728 1.33897 -0.4106471 91 78 51
0.7377549 1.213608 -0.1872284 100 89 62
0.1875188 1.380242 -0.5004781 89 81 59
0.2769776 1.342136 -0.4717315 90 83 62
0.2409579 1.321015 -0.4922773 105 101 80
0.4004162 1.247613 -0.3618496 116 104 77
0.5986157 1.207266 -0.3178271 96 84 60
0.5637137 1.113108 -0.2926834 93 81 61
0.8287797 0.9986624 -0.08171012 106 94 70
0.1522832 1.110572 -0.4545447 136 126 100
0.2838253 1.066044 -0.3745749 141 135 119
0.1458357 0.9780027 -0.3867003 131 125 104
0.3572964 0.8511877 -0.2358921 126 113 90
0.2561791 0.4613348 0.07064456 94 89 73
-0.7105379 1.16442 -1.245798 172 174 154
0.8028874 4.896015 0.7325835 121 105 79
-0.07402207 5.211717 0.1393403 160 147 129
0.3427718 5.039425 0.4440489 154 140 119
0.08557974 5.132117 0.2799922 157 143 122
-0.1333373 5.208577 0.1329331 156 142 123
0.3284104 5.027134 0.4699035 151 138 117
-0.1460666 5.205299 0.1393059 135 119 99
0.9231693 4.812152 0.8858735 114 98 73
1.538053 4.590378 1.314614 150 137 118
-0.02967027 5.151544 0.2355058 135 119 95
1.946568 4.434033 1.609456 64 51 28
0.2533434 5.028502 0.472204 152 138 119
0.2878429 5.00934 0.515047 147 133 115
0.5337308 4.91741 0.7045193 141 129 110
2.052844 4.389267 1.781975 167 154 141
0.2365711 5.017107 0.4949512 153 140 122
1.529253 4.551523 1.396748 145 131 112
-0.3197803 5.226931 0.1229803 168 157 139
0.2744775 4.995589 0.5586819 146 132 113
0.1846988 5.030834 0.4941639 151 137 118
1.130973 4.681696 1.158177 71 58 34
2.017274 4.356682 1.773705 75 63 40
2.019738 4.364764 1.799065 75 63 40
0.3867809 4.927142 0.6836407 126 111 93
0.8756616 4.75148 1.027024 115 99 73
-0.05385569 5.064659 0.4388745 154 141 122
0.9064762 4.712782 1.118824 134 120 95
-0.1059173 5.082305 0.426716 153 141 124
-0.1422958 5.072819 0.4074033 162 150 132
1.816948 4.370405 1.808121 135 127 106
-0.5298783 5.202681 0.1556569 157 145 125
0.5958161 4.789946 0.9601952 114 98 73
1.187892 3.880105 -0.3180942 97 84 59
0.7320293 4.726954 1.106826 128 114 93
0.5832915 4.772719 1.023309 121 105 82
0.2802213 4.875635 0.8135785 144 131 113
-0.4653007 5.14412 0.2818674 138 127 107
-0.8179483 5.275142 0.02985673 156 144 127
-0.7146117 5.24037 0.1272487 183 171 157
-0.1440745 5.026911 0.5221995 158 143 127
-0.5627031 5.167803 0.2719209 131 119 95
-0.5714216 5.161699 0.2807027 168 157 140
0.3026043 4.837115 0.9048946 139 128 109
1.026535 4.553454 1.425311 96 77 49
1.48911 4.388451 1.74418 93 85 64
-0.4014502 5.073973 0.4503006 143 130 114
-0.5153594 5.116962 0.3745154 167 154 138
1.459564 4.392894 1.738756 112 98 75
-0.859563 5.225204 0.1496863 174 160 147
-0.9652464 5.25675 0.08092982 181 169 154
-0.9342923 5.238675 0.115102 177 163 145
1.424029 4.372431 1.781134 138 127 110
-0.8748198 5.204887 0.2238584 186 174 160
0.5490029 4.662539 1.262244 96 80 55
1.73773 4.239818 2.110453 89 80 57
1.752998 4.211753 2.086411 178 168 157
-0.9449084 5.190562 0.2314253 180 166 145
-0.7035152 5.105124 0.4098352 180 168 153
-0.7167225 5.093075 0.4331635 160 147 131
-0.8029466 5.119559 0.3727546 173 161 147
-1.227396 5.276379 0.108133 189 178 162
-1.140498 5.222227 0.1564029 197 185 172
1.788586 4.13921 2.240878 185 177 166
-1.355804 5.272385 0.1206769 189 177 164
-1.091938 5.168653 0.3336048 183 171 151
-1.091938 5.168653 0.3336048 183 171 151
-1.419405 5.277895 0.079175 199 187 174
-1.234578 5.195012 0.2740784 193 182 165
-1.37195 5.23348 0.1540377 196 184 172
-1.26197 5.180301 0.2714827 183 171 157
1.138157 4.307877 1.94681 67 54 30
-1.107975 5.125953 0.4108658 181 169 155
1.225065 4.27271 2.024234 98 86 66
-1.439479 5.248762 0.2115854 195 183 169
-1.315069 5.178885 0.3295712 188 176 162
-1.44455 5.186604 0.2725071 195 183 169
-1.357359 5.139254 0.3675741 188 177 159
-1.259724 5.093468 0.4877803 185 173 151
2.162414 3.472958 2.112473 165 157 139
1.605608 3.934256 2.819322 168 159 146
1.091762 3.70643 1.240125 95 84 60
0.4625332 3.660471 0.4873069 92 86 63
-0.5593445 4.057767 0.1761825 122 114 96
-0.5074623 3.980106 0.09243592 121 113 92
-0.1032974 3.704152 0.3070881 121 110 90
0.413079 3.418828 0.4710198 115 107 86
0.167038 3.474073 0.4190541 134 125 107
0.02064941 3.526652 0.3683911 139 132 112
0.4878479 3.302122 0.5064529 116 108 88
-0.7100431 3.781348 0.1789812 90 82 62
0.5254027 3.254787 0.5261225 100 92 69
-0.4071498 3.621669 0.2865734 140 135 122
-0.7302733 3.740566 0.1910511 142 133 115
-2.964861 4.950232 2.839376 103 96 76
-0.04614091 3.453539 0.4591477 162 159 139
0.003635189 3.343821 0.5249138 166 161 143
-0.5362214 3.562518 0.4455788 165 165 155
0.04653222 3.319231 0.5280298 162 157 142
0.3016346 3.169918 0.4964103 132 128 112
-2.762174 4.545728 3.112638 163 161 149
1.114777 2.824316 0.8513199 68 58 33
-0.3942148 3.40276 0.7609118 164 159 147
-0.6883599 3.50302 0.9931626 162 156 140
0.3772785 3.032641 0.4737687 127 121 105
0.002016705 3.160168 0.5756954 156 153 133
0.02049659 3.13219 0.5627326 173 170 156
0.8750311 2.7915 0.6215903 109 103 84
1.401203 2.563112 0.8917919 184 176 162
0.9731475 2.663874 0.6396203 83 79 60
0.1892277 2.945883 0.4606043 120 117 100
0.4362428 2.745076 0.4249963 92 87 69
0.2582623 2.796993 0.4094856 138 134 121
0.4060208 2.723121 0.4103923 85 79 63
0.3992258 2.683938 0.3921717 103 98 84
0.3281783 2.682719 0.3682922 125 119 103
0.8085498 2.505722 0.3973602 94 86 65
0.1224568 2.682456 0.3691073 153 151 135
0.8692542 2.438406 0.310339 97 88 66
0.8913828 2.397938 0.2951714 96 84 62
-0.2552207 2.742709 0.6249237 113 110 93
-0.17005 2.708733 0.4616584 127 122 110
0.6954784 2.434838 0.1747174 80 70 43
-0.1984419 2.391133 4.513483 97 85 65
0.6412615 2.442681 0.1236516 75 64 40
0.9505038 2.296891 -0.05646282 87 78 60
-0.03114256 2.531578 0.2763842 113 108 92
1.341338 2.286613 -1.645143 147 141 115
0.01529254 2.479753 0.2248379 151 143 128
0.4426717 2.371032 -0.08173814 108 102 83
0.7656887 2.24242 -0.08743238 102 91 64
0.8964455 2.184148 -0.1174349 124 111 84
0.9155299 2.167629 -0.111646 93 82 55
0.8656585 2.173046 -0.1401137 123 114 94
0.02481448 2.340144 0.1320091 130 128 114
1.576742 1.893821 0.3331562 76 67 44
0.4632189 2.244736 -0.138542 87 79 59
-0.1015985 2.341332 0.1270595 132 127 114
-0.04698305 2.320343 0.1188704 136 131 119
0.05101012 2.290897 0.1058334 115 111 95
0.1010623 2.275389 0.08202899 158 153 140
0.4319901 2.215019 -0.1577989 106 98 76
0.1730901 2.243327 0.06362183 95 88 68
0.3779358 2.157969 -0.1640168 132 124 103
0.7947415 2.153869 -0.7898173 165 160 145
-0.1433497 2.183305 0.03746551 133 129 114
-0.1433497 2.183305 0.03746551 133 129 114
-0.2239953 2.172827 0.04237563 143 138 122
-0.09382638 2.163958 -0.1583237 142 136 114
0.4724448 2.053599 -0.2766183 123 116 95
0.3921072 2.038192 -0.2744634 83 76 57
0.4706337 2.018754 -0.2829651 98 90 69
0.5479343 1.996481 -0.2667086 119 110 83
0.3293593 2.003801 -0.2734912 112 104 85
0.7766242 1.878305 -0.2711792 94 84 58
0.6451545 1.898357 -0.2703495 99 89 65
0.5593979 1.891609 -0.2851011 105 97 77
-0.9387993 1.787016 1.289968 119 111 88
0.4977243 1.868639 -0.304534 104 96 75
0.3060864 1.903384 -0.3031484 99 87 66
0.48466 1.863661 -0.3064089 137 127 105
0.48466 1.863661 -0.3064089 137 127 105
0.4162442 1.841376 -0.2959231 97 84 57
0.3088771 1.870978 -0.3463543 94 87 71
-0.2148658 1.90183 -0.0694738 139 134 119
0.2732908 1.864483 -0.3364879 100 92 74
0.3194148 1.82427 -0.4034571 76 69 50
0.7685643 1.674044 -0.2344131 112 104 85
0.4802248 1.749989 -0.5098506 79 71 53
0.5443816 1.695597 -0.369726 112 105 86
0.2889393 1.704596 -0.467445 92 86 68
0.8881146 1.48892 -0.1604951 106 98 78
0.9327079 1.441401 -0.1127961 115 106 82
0.1888177 1.604854 -0.474313 110 104 88
0.3074244 1.475519 -0.44407 91 83 63
0.1967998 1.485806 -0.4792839 65 54 34
0.8072576 1.276785 -0.1847327 106 94 70
0.3182119 1.358615 -0.4541806 124 117 97
-0.4679677 1.238065 -0.1317229 168 157 132
0.1497602 1.312472 -0.4878488 106 99 81
0.1652219 1.283731 -0.490732 109 101 79
0.4382641 1.19325 -0.3311142 73 61 35
0.7602541 1.038069 -0.1406234 115 107 87
0.3118852 1.103749 -0.3759603 136 128 111
0.3024759 1.033357 -0.3668108 128 122 104
0.2776015 1.023504 -0.3639607 143 135 115
0.2724021 1.007499 -0.3582246 114 105 88
0.3850339 0.9352326 -0.2632987 96 88 67
0.1666108 0.9235036 -0.378951 115 108 88
-0.8498177 0.7588927 -0.3516927 104 99 44
-1.055085 5.091784 0.4886383 178 166 152
-0.2476961 4.841876 0.8867132 140 128 109
-1.016704 4.915425 0.8860491 167 154 136
-1.145473 4.93551 0.8375151 184 171 157
2.327557 4.460627 1.543861 160 149 132
2.513672 4.347916 1.819356 138 126 108
0.9872209 4.395242 1.751208 80 61 33
-0.3076674 3.78282 0.1579196 89 79 56
2.514264 3.841741 2.751232 182 172 152
2.758393 3.561594 3.406526 179 166 150
-2.761865 3.712488 3.448794 213 205 195
-2.413209 3.567616 3.729161 211 206 195
-0.2655412 2.110001 0.187398 118 115 96
0.5383536 2.083659 -0.2722952 93 86 60
0.3668343 1.982444 -0.2758335 119 114 97
0.3668343 1.982444 -0.2758335 119 114 97
0.5574602 1.887267 -0.2575038 93 87 65
0.3851445 1.909226 -0.3076184 124 121 108
0.5677882 1.792147 -0.3291533 81 75 53
0.09073593 1.647707 -0.3900531 108 103 84
-0.9264594 5.193329 0.2588003 182 169 150
-1.239218 5.164379 0.340175 201 190 173
0.73154 4.808677 0.9068986 122 106 83
0.7310352 4.807882 0.9097902 122 106 83
-1.01328 5.017209 0.6430994 180 168 155
0.4741744 4.649997 1.265925 94 77 51
-1.68271 4.918371 0.9152541 200 192 176
-0.9674288 4.799644 1.097434 179 171 155
1.281904 4.4326 1.672126 105 90 67
0.4309012 4.524486 1.507194 13 7 3
1.657859 4.318163 1.91102 156 146 132
-1.726541 4.705694 1.339216 198 189 176
-0.1713701 3.947773 0.1938632 87 76 50
-0.1713701 3.947773 0.1938632 87 76 50
-0.4157055 3.901175 0.1101868 93 83 60
0.05924868 3.647317 0.3429368 122 113 96
-0.01739354 3.649915 0.3394352 104 96 76
-0.04714561 3.490272 0.4131322 145 138 120
-2.404423 4.11828 2.726695 191 182 169
-0.7113388 3.401846 1.470015 211 203 190
0.3470586 2.787498 0.4110863 111 104 86
0.3801494 2.7167 0.3995495 89 85 69
-0.1495278 2.394926 0.173198 120 116 102
0.6070746 2.239944 -0.1253509 137 130 107
0.7572529 2.073335 -0.2112532 112 104 80
0.6637645 1.997021 -0.2452637 67 54 26
0.4466184 2.026739 -0.2792708 96 89 69
0.6242157 1.923927 -0.2743041 136 127 100
-0.02175824 1.889387 -0.1048997 123 116 98
-0.2037815 1.849355 -0.08813172 123 119 105
0.6904629 1.822815 -0.293979 82 72 48
0.6904629 1.822815 -0.293979 82 72 48
0.2262453 1.778376 -0.4109692 164 158 137
0.4707583 1.626504 -0.4078785 82 75 53
-0.05326206 1.549911 -0.3952986 106 99 77
1.082799 1.135018 0.159586 87 82 63
0.5308712 1.13527 -0.2830263 121 113 92
4.70264 -12.50516 23.54483 232 232 134
4.70264 -12.50516 23.54483 232 232 134
-0.07446247 1.455004 -1.944555 175 186 194
-0.3384134 5.180055 0.2163964 120 106 86
1.099603 4.960047 0.5617487 134 116 92
1.033726 4.940228 0.6107117 119 106 85
-0.2975577 4.912975 0.7615151 150 138 118
-1.099605 5.011042 0.648785 174 162 146
-1.42569 5.056875 0.5914838 201 189 177
-1.450579 5.030123 0.6434365 203 195 181
-1.352799 4.9972 0.7079071 188 175 161
0.7548636 4.708018 1.119449 102 86 60
0.5692614 4.717576 1.105173 108 92 67
0.5720497 4.723961 1.111482 108 92 67
-1.513241 4.993496 0.7246614 207 196 185
-1.449066 4.980666 0.7451136 178 166 150
2.588145 4.32246 1.790384 158 147 130
1.926856 4.136621 2.245327 174 164 151
2.45628 3.977242 2.554505 174 163 146
-0.5885793 3.825184 0.1215359 158 151 134
0.4827727 3.311625 0.4961577 123 115 95
-3.152151 4.085769 2.804444 203 191 179
-0.00434836 3.30554 0.5834458 145 141 119
-3.204596 3.902161 3.200098 189 178 166
0.9565472 3.085362 0.7955461 121 113 93
-2.88629 3.761189 3.400585 193 183 171
-2.88629 3.761189 3.400585 193 183 171
0.888967 2.957639 0.762178 89 73 38
0.4824162 2.936196 0.5026227 88 80 56
-2.744256 3.407386 3.946679 213 207 197
0.9998919 2.795198 0.7274284 79 70 44
0.7477518 2.802146 0.6299099 103 95 73
-1.944681 3.190086 4.403912 216 208 195
-2.126262 3.231483 4.380726 219 211 200
0.8181874 2.638586 0.5879036 96 86 65
0.1451685 2.727096 0.3829034 119 117 102
0.1623274 2.423507 0.1247964 139 135 116
0.4307502 2.347179 -0.09691179 91 84 63
0.9174244 2.262447 -0.09373631 130 124 102
0.5555688 2.205846 -0.1409372 80 70 43
0.1851509 2.125425 -0.02161493 162 154 132
0.7524303 2.020314 -0.2039516 80 64 28
0.7524303 2.020314 -0.2039516 80 64 28
0.4970515 2.044703 -0.2825401 132 126 104
-0.06986058 1.932134 -0.06861622 133 129 117
0.7212603 1.903129 -0.261051 137 132 118
0.5309694 1.739773 -0.3663858 127 119 98
0.5309694 1.739773 -0.3663858 127 119 98
0.04453216 1.457906 -0.481411 79 73 57
0.3612848 1.358152 -0.4466951 97 91 71
0.1340283 5.169585 0.2189292 145 133 109
-0.1555827 5.205898 0.1590779 133 120 96
-0.4485306 5.223933 0.165739 168 155 135
-0.3281873 5.201236 0.1886124 146 132 112
1.643267 4.947098 0.5867173 115 99 78
-0.7271297 5.222383 0.1600667 175 165 147
0.9489615 4.96398 0.5673041 135 117 93
1.643298 4.852059 0.7450479 133 117 97
-0.6861651 5.125554 0.3777743 170 157 139
-0.9544289 5.115613 0.4106928 182 171 154
-1.117812 5.104673 0.4581886 149 135 117
-1.265907 5.052206 0.5891827 185 173 159
-0.7196434 4.967666 0.7046977 152 138 121
2.562469 4.527462 1.371348 150 139 122
0.8358158 4.696605 1.142653 118 102 76
0.8334608 4.69193 1.132 118 102 76
1.610587 4.559734 1.370779 120 106 85
0.6484473 4.601941 1.359789 80 64 38
-1.480834 4.869761 0.9847504 199 187 175
1.478784 4.45751 1.604597 135 123 103
0.449714 4.567411 1.46877 62 45 17
2.496172 4.285437 1.884421 157 147 127
2.738758 4.23046 2.031922 176 165 148
2.33846 4.069315 2.337014 154 142 123
2.298206 4.050263 2.386404 151 139 120
0.02031789 3.809585 0.3165033 118 107 87
2.293139 3.956972 2.515717 156 144 126
1.283436 3.943941 1.821127 167 160 147
-0.3167943 3.801754 0.1440058 87 76 53
0.2012036 3.755331 0.3699099 101 91 70
2.348325 3.921112 2.668682 176 165 148
-0.1991561 3.74697 0.2572514 64 49 22
1.393249 3.6832 1.446411 183 176 162
2.6733 3.776999 2.956076 184 173 156
2.523633 3.802484 2.948525 179 168 151
2.211553 3.797002 2.903228 165 154 137
2.611586 3.735409 3.033167 181 169 155
-0.4236601 3.614562 0.3036694 145 136 122
2.745078 3.643784 3.184296 187 175 161
-2.257314 4.196375 2.404774 192 184 170
-2.672615 4.220397 2.483501 204 191 180
3.086513 3.468315 3.561678 193 181 169
1.007907 3.191757 0.8048379 84 74 49
-2.905118 3.832491 3.315696 209 200 188
1.004594 3.044658 0.7901282 92 83 59
-0.173363 3.439078 3.885913 118 111 93
0.08856326 3.09905 0.5223 152 150 136
0.9528216 2.872809 0.7293859 80 68 36
0.7954549 2.806131 0.6273776 92 84 63
0.7950958 2.807535 0.6236246 92 84 63
-1.933444 3.217804 4.403491 216 208 195
0.7283733 2.734468 0.6288003 95 87 66
-0.3690622 2.875051 0.9175106 136 135 112
0.7382589 2.682948 0.6111507 85 75 50
-0.4174103 2.819705 0.9225237 119 116 98
0.4666465 2.699282 0.4229001 75 71 53
-0.1545481 2.773456 0.5865479 143 140 125
-0.4288152 2.450404 0.2231165 111 107 86
0.1316581 2.347227 0.1163667 85 81 63
-0.1875389 2.358207 0.1365038 98 93 78
0.6174077 2.272872 -0.1261529 148 142 121
0.8827945 2.239743 -0.09637757 14 8 0
0.4876043 2.2176 -0.1433712 109 101 79
0.8081258 2.15789 -0.1559263 110 103 82
-0.05073782 2.138757 0.01960617 104 100 86
1.248356 1.969665 0.1322839 76 59 32
0.5920702 1.977719 -0.2721433 91 85 62
0.7081426 1.946674 -0.2367312 64 50 19
1.142067 1.767245 0.1481207 77 66 39
0.2134094 1.913732 -0.2954848 170 165 149
0.8026386 1.653755 -0.20799 84 76 55
0.02250709 1.682714 -0.3516194 126 122 106
0.2572032 1.681796 -0.4673324 91 86 69
0.2401598 1.531694 -0.4435546 100 88 62
0.2729284 1.514779 -0.4280654 63 55 34
0.3713116 1.481573 -0.441451 103 96 78
0.3158857 1.358268 -0.4510378 115 108 92
0.4768167 1.237676 -0.3165786 113 103 80
0.4974478 1.192296 -0.3062194 106 94 76
0.3391589 1.215016 -0.3825359 101 90 65
-0.144252 1.096524 -0.3071707 105 100 84
0.0434572 0.886488 -0.3069909 127 119 98
4.860582 -12.23531 23.49069 244 249 93
-0.08054923 1.493604 -1.977315 243 244 192
0.07455749 5.133265 0.293146 153 137 114
1.375401 4.944547 0.5813756 138 122 97
-0.6103176 5.200168 0.2126533 175 163 146
-0.562794 5.155931 0.29955 164 151 132
0.3253163 5.015791 0.4925324 147 135 111
-0.7287918 5.126873 0.3694572 156 144 125
1.557629 4.82143 0.8194029 116 102 80
1.907466 4.762172 0.9166373 144 130 111
-1.07351 5.144388 0.3812049 163 153 135
-1.11464 5.145163 0.3801253 152 139 121
-0.8673108 5.11983 0.4532759 166 155 136
-0.7472916 5.081377 0.465463 170 159 141
2.130124 4.715503 0.998086 149 138 118
1.950749 4.712622 1.016746 143 128 110
-1.189314 5.102628 0.4790089 185 173 156
-1.389296 5.084297 0.5195378 206 194 180
2.323133 4.608878 1.206028 169 157 139
0.3470808 4.841719 0.8745338 133 121 101
1.37113 4.642029 1.213929 119 106 82
0.002917215 4.808498 0.9649611 100 88 68
-1.774628 5.059385 0.6722361 201 189 175
1.700222 4.586475 1.302483 120 106 85
0.6705419 4.693836 1.134584 109 93 68
-1.407 4.967178 0.7657092 197 184 169
2.162949 4.454146 1.537508 167 155 138
0.5310818 4.634637 1.237165 96 81 54
0.3264843 4.674232 1.236603 5 4 2
0.6419641 4.633367 1.317718 100 83 57
2.468075 4.376124 1.691884 162 151 134
2.720999 4.340282 1.743528 167 154 138
0.6920567 4.591294 1.382159 97 80 54
1.719481 4.450152 1.596744 150 139 120
-1.924785 4.80969 1.161862 203 195 181
-2.338283 4.867211 1.138825 201 190 177
1.359358 4.351363 1.836842 117 105 85
1.302347 4.352579 1.834258 95 82 58
-0.3487036 4.019358 0.1342822 113 106 86
-0.3487036 4.019358 0.1342822 113 106 86
1.811703 4.141584 2.251822 173 165 152
0.1741527 3.899512 0.3742201 93 83 60
-0.02365475 3.847651 0.2949786 109 99 78
2.710314 3.951527 2.58861 179 167 154
2.513309 3.957021 2.555537 164 151 133
1.85068 4.001442 2.507905 181 171 159
2.266051 3.94412 2.644673 153 140 123
0.4629521 3.717757 0.5048994 107 97 74
2.61065 3.879368 2.777759 182 171 154
2.824104 3.845053 2.759429 186 174 159
-0.3605878 3.755954 0.1457745 133 127 111
-2.236581 4.479348 1.89739 187 175 161
2.278379 3.889551 2.736945 178 167 150
-1.989227 4.388105 2.030247 221 211 202
2.220614 3.842759 2.832571 177 166 149
2.220614 3.842759 2.832571 177 166 149
-0.8252363 3.698591 0.2863851 150 147 132
-2.101861 4.121982 2.563515 187 175 163
0.6929395 3.375658 0.6175212 85 72 43
0.1358233 3.838824 3.721131 118 107 84
2.983492 3.342893 3.829258 197 188 176
0.4388653 3.274542 0.503616 119 112 94
-0.1492045 3.361621 0.9213702 174 170 149
0.4267299 3.227649 0.5003359 121 115 97
3.301689 3.095891 4.268784 196 184 172
-1.285546 3.513752 3.641916 202 193 177
-3.360284 3.733498 3.579405 217 208 196
-2.692272 3.640625 3.600698 199 189 178
0.8185946 2.97292 0.7419654 108 97 73
1.027956 2.929511 0.7657686 87 76 48
-3.17296 3.655747 3.633207 209 200 188
0.07682926 3.033604 0.5147941 143 140 125
0.9788479 2.912981 0.7449736 115 106 82
0.526663 2.920002 0.5162632 98 90 69
1.008261 2.848195 0.7445856 105 93 64
0.7129225 2.839653 0.6608299 84 72 38
-2.918792 3.353797 4.287014 202 194 184
0.6515316 2.779524 0.6145167 92 80 54
-3.550186 3.323601 4.356361 211 201 194
0.8601422 2.640858 0.5910514 70 63 42
1.141907 2.599015 0.6914302 88 77 50
1.108813 2.595413 0.6556411 63 55 32
0.9495208 2.61223 0.6104623 94 83 56
-0.2275899 2.670332 0.408216 108 104 84
-0.01532374 2.584743 0.3343135 113 105 89
-0.5236593 2.5589 0.3695519 116 110 85
0.6514463 2.262558 -0.1298445 85 77 56
-0.319985 2.298628 0.1119864 116 111 88
0.510729 2.23239 -0.1273243 70 59 29
0.6389624 2.218014 -0.1556161 135 128 101
1.38547 2.095332 0.191865 113 104 84
0.1856253 2.215407 0.03057219 128 125 110
-0.1124684 2.343712 -1.026116 172 154 126
0.8067667 2.051526 -0.1966721 91 83 60
-0.9516094 2.060004 0.5068412 105 94 70
1.079256 1.971283 0.06191628 78 65 38
0.5946865 2.047851 -0.2519657 109 98 71
0.4138742 2.049175 -0.2740872 139 137 124
1.264853 1.872397 0.1765639 85 74 47
1.264853 1.872397 0.1765639 85 74 47
0.6282225 1.997941 -0.2577851 103 94 71
1.207065 1.864318 0.1422245 80 69 42
0.7776826 1.965013 -0.2358654 92 85 67
-0.882936 1.930394 0.411642 99 82 58
0.9618438 1.852006 -0.05141316 100 89 66
0.933974 1.852814 -0.05669854 89 78 53
1.170521 1.737683 0.1530684 101 90 64
0.6231612 1.876447 -0.2793878 91 82 59
0.6232303 1.829516 -0.3094283 129 125 105
0.499153 1.681205 -0.3797682 57 46 25
0.9121424 1.55394 -0.1017913 98 90 68
0.8858824 1.538671 -0.1126505 84 76 53
-0.06546343 1.650949 -0.3188376 133 121 101
-0.149736 1.593894 -0.3224099 155 151 138
0.8501804 1.483453 -0.1523974 96 88 69
0.2010268 1.618939 -0.474648 96 90 74
0.3856298 1.544197 -0.423003 142 131 107
-0.09742401 1.503704 -0.4316126 91 86 70
0.3055201 1.41963 -0.4462145 121 117 97
0.2111851 1.409063 -0.4905886 128 124 111
0.2354632 1.400039 -0.4872994 76 72 53
0.09616368 1.351608 -0.4500393 145 137 110
0.04274996 1.294955 -0.4285284 106 95 70
0.1768038 1.31487 -0.4992946 129 124 107
0.4601172 1.198678 -0.3214568 117 107 84
0.3841042 1.153268 -0.3586615 97 88 71
0.0378003 1.716294 -1.858726 253 252 110
3.296704 -11.56814 22.85955 233 225 156
4.039041 -12.01088 23.5098 184 192 79
4.584253 -12.28588 23.67595 110 110 57
3.296323 -11.77535 22.78393 147 38 39
4.411205 -12.3593 23.59983 235 227 82
7.013964 -12.75255 24.14711 241 251 75
4.977396 -12.26845 23.177 53 59 29
0.05256004 1.854104 -2.226848 238 230 173
-0.2320288 5.224824 0.1373989 153 137 114
1.629408 4.962189 0.5122261 124 108 85
-0.1708662 5.182038 0.204716 164 153 132
1.495316 4.953682 0.5491437 132 116 91
1.623312 4.940173 0.5730064 140 124 99
-0.5589931 5.197432 0.2081831 170 158 138
0.8359187 5.002969 0.5035243 149 133 110
-0.4747002 5.169714 0.2734461 159 146 126
2.084449 4.822629 0.77273 153 139 120
1.224398 4.925625 0.6242435 113 97 70
0.2466006 5.035546 0.461913 147 134 110
-0.5025349 5.1189 0.3751161 161 146 129
0.1941977 5.018994 0.5078572 147 132 111
-1.085978 5.194232 0.283596 92 76 50
-1.085978 5.194232 0.283596 92 76 50
1.061022 4.90269 0.6971773 110 94 70
1.716398 4.816578 0.8119496 137 121 96
1.551894 4.80126 0.8607176 134 121 97
1.028805 4.854033 0.7965711 112 95 67
-1.081543 5.103226 0.457595 185 174 157
1.075655 4.813751 0.8786494 118 101 73
0.8902971 4.824439 0.8448273 122 104 80
0.1783386 4.893492 0.7793691 135 123 103
0.8382197 4.774882 0.9527062 122 106 83
1.437855 4.703237 1.071513 129 113 90
0.7721041 4.784477 0.9492822 103 87 63
2.322736 4.588494 1.291382 156 143 125
-1.482845 5.044038 0.6173764 179 169 154
1.616526 4.641738 1.18817 116 103 81
-1.528954 5.013844 0.6863884 174 162 148
1.635112 4.592011 1.294952 125 111 89
-0.2607466 4.823266 0.9624144 115 102 84
0.785138 4.666431 1.209097 101 84 56
0.2585054 4.722407 1.13291 88 72 47
1.87219 4.514621 1.440921 149 136 118
0.5695143 4.674041 1.20674 105 89 64
-1.589414 4.949512 0.83068 188 177 160
-0.1751596 4.764172 1.098134 86 73 49
0.3046106 4.690236 1.21146 90 74 48
-1.432108 4.901678 0.8975223 197 185 174
-1.679198 4.903141 0.9256358 202 190 177
0.4552889 4.617962 1.319483 71 55 28
-1.56862 4.875771 0.9773989 179 167 151
2.293985 4.373192 1.726807 144 131 113
2.289389 4.370329 1.715806 144 131 113
1.752708 4.417457 1.661482 152 141 124
2.403291 4.303154 1.864689 150 138 124
-2.112833 4.860989 1.107123 207 195 183
-2.185612 4.833939 1.117943 205 193 179
-0.2257398 4.218821 0.4039002 87 79 61
1.15122 4.397244 1.765173 16 7 3
-1.830827 4.733041 1.307787 172 159 144
0.08271916 4.133699 0.5485611 102 90 66
2.249761 4.20208 2.075274 168 156 141
-1.60681 4.677468 1.39392 201 192 179
2.129286 4.184975 2.123312 170 160 147
-0.3113945 4.028628 0.1494311 108 100 80
2.206358 4.171357 2.136313 170 158 144
-0.4208136 4.030098 0.1153864 73 69 48
2.357974 4.128051 2.234482 166 154 140
-1.886367 4.657064 1.464251 207 199 187
-0.02826885 3.985282 0.3202463 104 92 72
2.314744 4.116326 2.26712 168 157 140
-0.5661376 3.995566 0.116343 91 87 74
1.089029 4.234656 2.042171 77 67 41
0.124929 3.926834 0.366865 90 82 61
-0.4385602 3.945598 0.1010795 129 124 108
2.353621 4.041636 2.406043 164 153 134
2.690168 3.981738 2.528845 157 147 129
2.3166 4.015516 2.471869 165 154 137
0.4131486 3.744887 0.4751806 111 100 79
-0.2148502 3.77436 0.2265433 122 110 89
2.655674 3.891831 2.765681 181 171 153
2.305539 3.858436 2.804044 158 145 127
0.516032 3.640528 0.5125366 94 83 58
-2.251995 4.400355 2.067986 200 192 178
2.28893 3.773768 2.985274 177 167 150
0.546923 3.552368 0.5284502 116 104 80
-0.2884824 3.633759 0.34043 105 97 77
-0.2230189 3.615958 0.3483655 151 139 125
2.449842 3.676128 3.161849 164 152 138
0.1399241 3.487794 0.413298 122 114 94
-0.1284863 3.524242 0.388198 147 139 122
-0.2269427 3.521719 0.4240449 133 125 103
1.020588 3.388823 0.9021507 110 100 77
2.765386 3.521801 3.480257 167 157 140
-0.1093582 3.462132 0.4796102 169 162 144
-0.1094269 3.463818 0.4800099 169 162 144
-2.939235 4.204892 2.51816 203 191 180
0.2433919 3.398926 0.4560415 121 113 92
2.950455 3.442914 3.677705 197 185 173
0.2361265 3.366714 0.4772126 143 134 117
-1.950733 3.987016 2.817843 175 163 143
0.396481 3.314729 0.4875101 122 117 101
-2.711457 4.050365 2.775128 191 181 170
0.4132927 3.291303 0.4955275 101 95 74
-2.592601 3.964103 2.937145 206 196 186
0.2612696 3.208703 0.5087087 118 113 96
-2.868415 3.881316 3.154526 191 181 170
-3.22566 3.875494 3.186277 188 176 166
-3.134632 3.831888 3.280499 185 173 161
-2.531329 3.693517 3.506329 215 207 194
-3.242374 3.77112 3.396392 193 183 172
-1.689792 3.537401 3.689023 196 187 169
0.5794982 3.005777 0.563525 84 75 50
0.7696067 2.956337 0.7278203 65 54 22
-2.640102 3.589711 3.743024 193 184 172
-2.640102 3.589711 3.743024 193 184 172
3.371253 2.836184 4.970241 194 182 170
0.1324789 2.986255 0.487712 128 126 111
-0.3189092 3.031712 0.9051582 208 203 188
-2.806268 3.477286 3.973574 214 206 194
-0.1164621 2.924395 0.5879451 140 139 121
0.3424162 2.769324 0.4003752 123 116 98
-2.042984 3.087436 4.638618 197 188 174
-1.938911 3.056726 4.62912 199 190 176
1.176062 2.60159 0.7318506 34 26 4
0.3081848 2.64265 0.3412064 108 102 79
-0.3246647 2.682054 0.4239418 95 92 73
1.139672 2.497646 0.622804 61 54 30
0.05013283 2.602924 0.359327 68 62 41
0.3651171 2.478116 0.01508163 100 98 80
0.5712402 2.399362 -0.005060544 99 89 64
0.4474669 2.39431 -0.0556895 104 96 76
1.116177 2.241933 0.2093598 96 85 61
0.5039341 2.331764 -0.07290249 102 92 67
0.4585327 2.315078 -0.1145794 100 92 72
0.1301301 2.299884 0.08488141 139 134 120
0.8535818 2.240882 -0.103725 122 115 95
0.4532925 2.212988 -0.1474361 76 66 42
1.28057 2.085229 0.142738 69 60 37
0.4205141 2.205043 -0.1623559 71 60 32
1.148846 2.086573 0.09522787 103 89 63
1.13215 2.053278 0.1032764 81 68 39
0.4882711 2.120602 -0.2668929 150 145 130
0.348969 2.103525 -0.1563502 144 136 113
0.6212382 2.054626 -0.2359439 106 94 66
0.3712616 2.055884 -0.2518584 159 151 134
-0.7110301 2.002654 0.4041556 88 80 57
-0.7423351 2.00312 0.4110647 107 101 75
0.5152532 2.0169 -0.2735358 127 119 94
0.4903237 1.961949 -0.2841477 103 95 74
0.1588787 1.925703 -0.266063 146 142 129
0.1606789 1.894321 -0.2822987 147 143 125
0.4011867 1.85551 -0.3078316 83 72 45
1.166276 1.654881 0.2062526 58 44 11
0.08160958 1.820949 -0.3148758 139 136 121
0.2984876 1.785828 -0.4197581 98 90 69
0.2984876 1.785828 -0.4197581 98 90 69
0.4032181 1.753702 -0.3568255 64 57 40
0.9649293 1.59413 -0.07308589 104 97 77
0.399106 1.603468 -0.4206238 132 122 97
0.511141 1.582077 -0.403469 63 59 40
0.511141 1.582077 -0.403469 63 59 40
0.8305636 1.466963 -0.1640626 78 71 51
0.2193122 1.582405 -0.4701413 87 78 54
0.399888 1.496398 -0.4412675 135 130 114
0.1723859 1.339856 -0.04431593 115 110 93
0.1689843 1.50975 -0.4942005 91 83 66
0.784278 0.9193669 1.017494 77 66 47
0.2497028 1.477816 -0.4476364 76 68 48
0.5930187 1.36427 -0.3229005 118 110 90
0.3373939 1.405509 -0.4486548 128 121 99
0.8276573 1.257459 -0.1599927 105 97 77
0.2037695 1.383344 -0.4992045 130 127 112
0.2037695 1.383344 -0.4992045 130 127 112
0.161607 1.188542 -0.4816224 148 146 130
0.3428837 1.094503 -0.3666599 101 93 74
0.1148283 1.1202 -0.4513733 152 147 132
0.160216 0.9953853 -0.3864832 96 88 69
3.392123 -11.69505 23.4536 142 134 58
3.56627 -11.78917 22.93517 224 180 117
4.332321 -12.53117 23.55751 70 66 33
-0.01853124 5.191591 0.172201 164 148 125
-0.01884808 5.192246 0.2053722 162 146 123
1.82101 4.948172 0.5681027 142 129 105
-0.1903724 5.19208 0.1964526 133 119 97
0.2132484 5.124183 0.3070298 160 146 125
0.2522256 5.110429 0.3135999 146 130 105
1.100044 5.001764 0.4828352 130 112 86
0.8083239 5.036022 0.4465349 149 133 108
1.766974 4.903861 0.6277072 143 127 106
-0.5060006 5.196485 0.2178028 175 164 144
0.286055 5.080114 0.3727459 150 136 113
-0.7262521 5.207695 0.199229 159 146 126
-0.812451 5.221124 0.1832202 179 171 151
1.705704 4.867081 0.7053966 144 128 105
-0.7086541 5.186261 0.2966712 163 151 131
-0.7993785 5.178738 0.2602446 180 168 148
-1.10137 5.222208 0.2152988 162 149 133
2.014425 4.815036 0.7906572 153 139 120
-0.9300636 5.190291 0.2600383 182 170 150
-0.5363191 5.132322 0.3474921 166 154 134
-0.04984743 5.057998 0.4509399 105 91 73
-0.9209044 5.179211 0.2947178 172 160 142
-0.9202473 5.175217 0.2889779 172 160 142
2.052781 4.80208 0.8573546 145 132 113
-0.6519932 5.130672 0.3535227 173 160 143
1.104121 4.898885 0.6928302 108 92 66
0.9949588 4.915085 0.6794248 136 121 97
1.171781 4.885874 0.7345703 112 93 69
-0.9126762 5.153812 0.3363682 179 169 149
1.920042 4.784148 0.8613003 147 135 116
1.124933 4.881197 0.7164896 102 86 60
1.295931 4.858736 0.7582738 110 94 70
-1.009703 5.154822 0.3480816 173 162 143
-1.232104 5.185632 0.3039963 194 183 166
-1.286563 5.172472 0.33045 155 142 127
0.9173292 4.883832 0.7436634 112 92 65
0.891562 4.886131 0.7376006 134 118 92
-1.015435 5.134552 0.3921294 185 173 155
1.583703 4.793234 0.8742833 116 103 79
1.857204 4.746237 0.9530322 144 129 110
-1.075372 5.121759 0.4197632 185 174 155
2.076995 4.715188 1.004145 143 131 111
1.494625 4.7897 0.9010507 138 125 101
-1.495935 5.189505 0.3663815 181 169 152
-0.9158462 5.090044 0.4675811 168 156 138
-1.016904 5.089355 0.4835469 192 181 167
-1.491966 5.164667 0.4158266 189 178 161
0.8745003 4.839284 0.828905 140 124 101
-1.302747 5.123074 0.4422411 190 177 163
-0.8798466 5.064003 0.5244524 175 163 149
-1.358086 5.123658 0.4443676 197 185 171
-0.6703038 5.02003 0.5859789 169 158 140
-1.108336 5.074455 0.5104154 182 170 156
-1.112322 5.081445 0.5217854 182 170 156
0.3378895 4.877206 0.7944182 139 126 106
1.260929 4.762055 0.9670888 144 128 104
-1.083508 5.063759 0.5400585 183 171 159
-1.211858 5.076882 0.5241771 190 178 163
-1.211858 5.076882 0.5241771 190 178 163
1.75939 4.689265 1.103259 131 118 99
-1.190546 5.051618 0.5691997 189 176 161
-1.190939 5.054428 0.5729083 189 176 161
-1.676432 5.112461 0.5288058 200 188 174
-1.154849 5.023329 0.6311779 190 178 164
-1.593128 5.082471 0.5440983 196 185 168
-0.1364673 4.887212 0.8263772 131 119 97
-0.1663003 4.883134 0.8329775 102 90 66
1.712878 4.632963 1.207331 111 97 76
1.397179 4.67184 1.146786 137 121 101
1.876088 4.599238 1.203007 145 132 114
1.391045 4.657947 1.183736 116 103 79
1.780564 4.603639 1.257267 139 126 106
0.9841076 4.694897 1.121724 131 115 91
0.9841076 4.694897 1.121724 131 115 91
0.1411451 4.796063 0.9672224 122 110 90
-1.830897 5.070841 0.6397593 203 191 176
-0.3196155 4.852725 0.9003623 115 102 81
-1.454625 5.001693 0.7361811 177 164 148
1.386697 4.626431 1.246675 139 122 102
-0.832152 4.901703 0.8546454 172 161 145
-1.981599 5.03709 0.6770088 206 194 179
-1.135964 4.91688 0.8402913 190 178 166
1.470305 4.576345 1.334184 115 98 78
1.212946 4.605439 1.303011 107 92 66
1.33491 4.584934 1.335163 128 114 93
-1.725871 4.982886 0.8081737 196 188 175
0.5200696 4.667725 1.231585 81 64 38
1.620792 4.522508 1.448992 119 107 87
0.3485641 4.650633 1.234306 74 57 29
-1.924136 4.9635 0.8756403 188 176 161
-1.71642 4.922666 0.9067975 203 194 181
1.99028 4.443298 1.588922 166 155 138
-1.772032 4.905818 0.9613147 197 188 174
-1.511672 4.86352 1.002457 201 189 176
-1.878637 4.876359 0.9971775 196 184 170
-1.94861 4.878494 1.009809 182 170 156
1.38013 4.444724 1.632773 112 99 75
1.380136 4.444732 1.632743 112 99 75
2.546263 4.300063 1.87472 156 144 127
2.139746 4.29081 1.899724 149 138 119
2.152704 4.262229 1.96103 171 163 149
-0.2227812 4.174113 0.3671248 109 99 79
-1.961681 4.762716 1.246604 187 176 159
2.21235 4.220518 2.065392 146 133 115
-0.7774745 4.185731 0.2650248 82 74 58
-0.7872332 4.203712 0.2827482 82 74 58
-0.5485771 4.105888 0.2048252 100 95 80
-0.2629425 4.00357 0.1487965 80 73 51
-1.552564 4.62915 1.494361 186 178 162
-1.552564 4.62915 1.494361 186 178 162
-0.2542585 3.984268 0.1503641 96 89 72
-0.582939 4.025898 0.1462049 127 123 109
2.2186 4.126707 2.24911 167 159 146
-0.2074609 3.949187 0.1694238 104 97 77
-0.3744341 3.960828 0.1058126 83 77 55
1.333435 4.222587 2.1069 133 123 105
-0.1171771 3.945898 0.2310779 79 70 45
0.09484529 3.923133 0.3433531 89 81 60
-0.2765153 3.920025 0.142093 107 98 81
-0.2765153 3.920025 0.142093 107 98 81
-0.4983673 3.943667 0.09565248 153 150 133
0.1011069 3.881565 0.3435365 112 102 82
-1.802869 4.548831 1.686693 184 172 158
-0.478726 3.891728 0.09405227 147 141 123
2.096342 4.05504 2.405879 114 105 85
-0.5775018 3.910377 0.1139296 104 90 64
-0.5115959 3.893495 0.08880217 114 110 95
1.647588 4.095296 2.355411 129 118 99
2.095576 3.978188 2.542489 173 161 147
2.000675 3.990406 2.581068 174 162 148
1.87709 3.973246 2.554062 148 138 121
-0.165341 3.76501 0.259222 109 97 78
-0.1656348 3.765331 0.2640992 109 97 78
0.1595095 3.731327 0.3590447 127 117 101
2.382307 3.889858 2.719779 157 147 129
2.382307 3.889858 2.719779 157 147 129
-0.2244912 3.737057 0.2545085 80 66 36
-0.4029988 3.73375 0.1549802 126 118 102
-0.3670102 3.722842 0.1624984 96 89 69
-2.080967 4.365527 2.11338 210 200 189
2.741279 3.771071 2.971836 170 158 140
2.370832 3.783464 2.956733 167 156 136
-2.135764 4.32965 2.1557 211 203 193
2.551364 3.751324 3.018831 123 112 95
-2.691845 4.389768 2.138594 206 197 184
2.587231 3.740984 3.08615 179 167 155
-2.459367 4.3512 2.176927 190 178 166
2.32272 3.750635 3.032001 152 140 121
2.497622 3.716134 3.08702 153 141 122
-0.6317542 3.610245 0.2936487 172 169 154
2.908638 3.588923 3.352386 128 121 102
2.684308 3.603197 3.315354 166 154 138
0.2428673 3.469008 0.4259693 111 103 83
-0.3302659 3.548996 0.4234799 179 176 162
-2.764187 4.214585 2.470305 200 188 177
-2.548146 4.140372 2.600612 204 196 185
3.182984 3.44386 3.627705 152 141 122
2.912943 3.476054 3.596106 175 162 148
-2.843598 4.160696 2.572376 198 186 174
-2.791448 4.153801 2.625125 202 190 178
2.688694 3.467937 3.613347 175 164 148
1.028335 3.300725 0.8424813 122 111 89
1.028335 3.300725 0.8424813 122 111 89
0.05266803 3.363423 0.5026644 121 113 91
0.02729751 3.366861 0.5023115 151 143 123
-2.695717 4.047142 2.849201 206 198 186
0.4643002 3.278687 0.5054236 104 96 75
2.800481 3.359345 3.844013 165 154 137
-2.562047 3.988067 2.967904 190 180 169
0.4007757 3.246671 0.4980465 94 87 63
0.007615219 3.284384 0.5572347 136 133 111
-3.042391 3.986217 2.96366 180 168 155
0.4609352 3.202129 0.5079678 96 89 69
0.9694431 3.130316 0.7719324 101 95 73
0.9694431 3.130316 0.7719324 101 95 73
-3.116109 3.926594 3.101627 201 189 177
0.9517949 3.119823 0.7763243 120 110 86
-3.147702 3.897821 3.17219 187 175 161
0.5829599 3.09828 0.5650395 107 97 76
0.04646762 3.143938 0.5505052 134 131 113
-1.151593 3.561893 3.622705 217 208 194
0.9520239 3.028527 0.7783393 96 89 67
0.9520239 3.028527 0.7783393 96 89 67
-3.054455 3.778278 3.390755 191 182 169
-2.260931 3.670581 3.517444 196 187 174
-3.367886 3.802626 3.356375 186 173 160
-2.930626 3.691145 3.510259 207 196 186
-3.237376 3.712225 3.5428 208 196 185
-3.217196 3.692661 3.5777 195 183 173
-3.217196 3.692661 3.5777 195 183 173
-2.53154 3.602521 3.727258 194 186 175
-2.722796 3.599318 3.728124 215 207 195
0.1066287 3.028641 0.4999772 120 116 95
0.04105354 3.036964 0.5268451 134 132 114
0.2961581 2.971771 0.4570205 120 117 101
0.9966157 2.894575 0.7457069 88 77 54
-2.222605 3.444509 3.957291 192 185 170
-2.739671 3.505409 3.922083 191 180 170
0.7654691 2.889356 0.6693894 103 90 62
-2.281862 3.417369 4.078592 219 213 203
0.01469407 2.950203 0.5125242 147 146 130
-1.719916 3.31729 4.160877 215 207 194
-2.9591 3.416497 4.129637 217 207 196
0.8727705 2.808757 0.6297196 85 80 56
0.6805204 2.794991 0.6486343 64 50 17
-1.811302 3.161668 4.424364 217 209 196
-3.035606 3.304354 4.375201 201 192 180
0.1084827 2.840183 0.4375808 115 112 94
-1.743362 3.099343 4.529451 198 188 171
-1.743362 3.099343 4.529451 198 188 171
0.1531278 2.771132 0.4014915 115 112 97
0.3653186 2.707318 0.3866603 81 78 60
-0.08069146 2.761696 -1.00141 210 200 189
0.5247678 2.676732 0.4519889 101 93 73
1.195751 2.569937 0.7191626 39 31 6
1.195051 2.572713 0.7142252 39 31 6
1.194409 2.53873 0.7074316 81 69 45
1.088748 2.50383 1.824204 100 90 64
-0.03380456 2.619507 0.3594192 102 96 79
0.05449996 2.573719 0.3288291 129 121 100
0.02505996 2.516851 0.2632443 122 114 94
0.2979131 2.495187 0.05132976 100 97 78
0.08553641 2.548411 -0.8524469 92 89 68
0.5813691 2.349721 -0.04969306 119 112 91
-0.3760699 2.418699 0.1926142 80 78 56
0.2342008 2.347288 0.1150582 141 131 104
-0.07292531 2.366757 0.1427566 121 116 103
0.8301681 2.219004 -0.07062034 22 16 2
0.5505148 2.225066 -0.1315554 97 89 63
0.5505148 2.225066 -0.1315554 97 89 63
0.2543222 2.216243 0.01808447 141 135 119
1.301665 2.091443 0.1438726 101 92 68
0.4035565 2.215939 -0.1647695 116 110 94
0.7147942 2.181059 -0.1357809 86 75 46
0.4395503 2.204016 -0.1508876 93 81 57
0.1420133 2.087387 -0.01040669 82 75 52
-0.08986746 2.071798 -0.00759628 112 108 95
-0.7806258 2.031265 0.4195972 85 76 51
0.4258496 2.033668 -0.2866223 94 89 69
-0.06401131 2.003976 -0.03369508 132 127 114
0.6713032 1.976973 -0.2534228 97 90 70
0.4120931 1.962901 -0.2955756 93 90 75
-0.8591216 1.892353 0.4005438 106 89 64
-0.1315446 1.903118 -0.07963014 104 100 86
-0.1315446 1.903118 -0.07963014 104 100 86
0.1392129 1.8885 -0.2812669 94 89 72
0.4338162 1.85214 -0.2968913 69 58 33
0.5122852 1.839505 -0.3263389 102 98 82
0.4619607 1.818826 -0.3096139 105 98 71
0.4379153 1.788739 -0.3286997 89 83 63
0.8739139 1.677691 -0.1505962 78 66 39
0.5896989 1.895046 -0.883486 90 86 67
0.09765005 1.733631 -0.3661069 133 126 107
0.2531047 1.745695 -0.4600673 130 127 112
0.1565246 1.721738 -0.3990282 153 149 129
0.4116901 1.673985 -0.4354992 89 83 63
0.306813 1.67987 -0.4695319 81 74 57
0.6177819 1.597975 -0.2991478 90 81 58
0.4642055 1.630167 -0.4008653 67 59 37
0.4755141 1.5909 -0.4353761 83 78 64
0.4661019 1.580865 -0.4481736 130 124 110
0.3580402 1.50867 -0.4383309 114 109 95
0.1315122 1.522812 -0.4789096 132 129 116
0.7935475 1.375839 -0.158103 28 23 8
0.8061036 1.372168 -0.1745736 87 75 52
0.2122093 1.484825 -0.477947 115 107 87
0.3519225 1.440279 -0.4511712 126 122 107
0.3517971 1.438259 -0.4507538 126 122 107
-0.5961134 1.206243 0.1969416 155 142 118
-0.1091712 1.445929 -0.4736909 121 117 103
-0.007043093 1.409323 -0.4966927 127 122 110
0.2195668 1.372643 -0.4998724 87 82 63
0.616917 1.268933 -0.3278354 103 91 67
0.1929923 1.345085 -0.5078745 86 79 62
0.2801623 1.323823 -0.4706157 72 64 46
0.6224289 1.222795 -0.300394 97 85 61
0.4753735 1.177055 -0.3128699 90 79 59
0.1339596 1.176565 -0.473269 118 115 101
-0.7909385 1.241452 -0.6107559 108 96 77
0.483821 0.9778644 -0.226996 132 124 103
-0.05331665 -0.03022719 1.252588 99 91 70
0.08702067 0.8374676 -0.3400998 177 175 161
7.345077 -14.03037 24.1926 110 117 54
0.9192701 -0.07074235 0.4764424 176 190 120
1.093572 5.057065 0.3752018 135 117 95
-0.20594 5.22042 0.1343921 93 73 49
1.53499 4.990112 0.4617467 119 106 83
1.612863 4.988839 0.4879035 150 137 113
0.2980854 5.15076 0.2465308 50 37 18
0.3007576 5.148427 0.2418996 50 37 18
1.100621 5.024432 0.4337695 116 99 75
0.9170662 5.046756 0.4141851 155 139 114
0.9492102 5.028872 0.431812 148 131 106
1.241325 4.985687 0.5054415 137 120 94
-0.583844 5.221277 0.1646489 164 152 132
0.02644057 5.13947 0.2871508 153 136 116
-0.4400004 5.200966 0.2068667 165 152 131
0.8614388 5.020439 0.4692101 141 127 101
0.6243193 5.042319 0.4085832 148 132 108
0.9943601 5.000012 0.49217 144 126 101
1.454981 4.932863 0.6079773 144 129 109
1.076876 4.975637 0.5294785 136 120 95
0.9690272 4.98779 0.5181883 116 99 73
1.853286 4.885199 0.6967559 143 128 108
0.9852012 4.980547 0.5283602 141 123 99
-0.4362471 5.166075 0.2639632 164 151 132
-0.5787005 5.182895 0.2401172 167 155 135
-0.7027902 5.191108 0.2323478 168 156 136
1.56216 4.90045 0.6722807 145 129 107
0.2558673 5.058368 0.4297707 119 106 79
0.2558566 5.056237 0.4297329 119 106 79
-1.01349 5.225715 0.1966651 174 163 139
-0.7918279 5.175559 0.2794677 158 146 126
1.078245 4.928574 0.6379445 113 95 70
0.2998165 5.026536 0.4931681 149 136 112
-1.082377 5.213467 0.2404778 163 149 130
1.060938 4.923009 0.648152 131 114 89
-0.7052448 5.142975 0.3374394 160 146 130
-1.240141 5.225872 0.2606742 182 169 151
1.67083 4.83326 0.7796344 117 101 78
-0.9540586 5.173164 0.2993896 160 148 129
1.363134 4.870772 0.7333723 142 129 106
0.422932 4.971051 0.5840045 152 138 117
-0.8583143 5.140411 0.3509446 180 171 153
-0.9579718 5.153471 0.3436104 181 171 154
0.8555327 4.905936 0.6839656 134 116 92
0.2530139 4.9765 0.5931997 149 136 112
-0.667181 5.096402 0.4309366 144 132 114
1.095896 4.868366 0.7586296 127 111 87
0.7464217 4.90703 0.6988717 110 95 62
0.7464217 4.90703 0.6988717 110 95 62
-0.9930686 5.136405 0.3832743 155 143 123
1.188636 4.851348 0.7853121 113 94 70
0.2782547 4.965849 0.6216089 150 136 114
-1.256429 5.175136 0.3428147 195 183 166
-1.315898 5.186805 0.3443566 173 161 145
1.838864 4.763941 0.9151863 144 131 111
0.867976 4.883666 0.7449089 111 94 68
-1.448061 5.201995 0.3452431 190 179 161
-1.525095 5.204659 0.3284371 194 184 166
-1.34478 5.174539 0.3616141 182 171 152
0.7655838 4.879103 0.7529476 127 111 90
-0.06678048 4.981452 0.6072373 151 136 119
-0.8407279 5.086612 0.4779634 134 124 104
-1.054924 5.111766 0.4383268 152 142 122
-1.101154 5.114561 0.4356167 154 140 124
-1.553662 5.173161 0.3715409 194 184 168
1.544829 4.76072 0.9514585 138 122 98
1.545866 4.762299 0.9550244 138 122 98
1.493523 4.754199 0.962316 128 114 93
1.08778 4.80205 0.899538 139 123 98
-1.179697 5.095334 0.500883 164 150 132
-1.199579 5.091184 0.49474 184 172 158
1.964926 4.682761 1.088056 136 125 108
-1.529023 5.132119 0.4400859 194 182 168
1.7331 4.707279 1.060263 130 117 97
1.465589 4.731217 1.012069 130 118 94
-0.9508191 5.037514 0.5786734 168 157 140
-1.825299 5.170321 0.4524675 197 184 170
0.2301891 4.875194 0.8332999 133 121 101
1.897367 4.666868 1.150023 137 123 104
0.6119625 4.816074 0.90141 100 83 53
1.852236 4.66064 1.133488 140 126 107
0.7082011 4.803749 0.9258511 110 94 68
-1.505217 5.094308 0.5219032 200 190 173
-1.637889 5.118328 0.5340456 196 184 170
-1.637889 5.118328 0.5340456 196 184 170
-0.4514031 4.94142 0.7228271 145 132 114
-0.4514031 4.94142 0.7228271 145 132 114
1.900558 4.642182 1.153633 143 132 112
0.7585112 4.782753 0.9701965 105 89 64
-1.470055 5.08183 0.5793576 190 179 166
0.3260192 4.831303 0.8955662 93 79 54
0.3260192 4.831303 0.8955662 93 79 54
-1.756228 5.118807 0.5472457 197 185 171
1.679585 4.659302 1.157948 135 121 100
1.029321 4.734039 1.044593 135 119 94
1.753028 4.639401 1.190062 112 99 81
1.722566 4.649186 1.199952 126 112 92
1.376985 4.682526 1.127973 108 92 67
0.5724514 4.778181 0.9908081 106 91 68
-1.728706 5.084967 0.5769274 199 186 172
0.5595549 4.770939 1.000253 72 56 31
0.7221082 4.750348 1.042839 97 82 54
-1.482304 5.044266 0.6508715 201 189 178
0.7042562 4.728434 1.083668 118 102 79
1.09568 4.664753 1.187565 124 108 83
1.408765 4.622508 1.254862 124 108 85
-1.474643 4.990369 0.726545 198 189 176
-0.5403503 4.862757 0.8979495 159 146 127
2.31646 4.508323 1.428644 52 40 18
2.325995 4.515117 1.449545 52 40 18
0.7925999 4.692732 1.14984 103 85 61
0.5394402 4.724523 1.109717 108 92 67
1.526261 4.597483 1.30001 56 44 18
1.648462 4.580209 1.320385 141 127 106
-1.257426 4.941674 0.8168651 203 192 182
-0.7937763 4.865785 0.9300373 152 141 122
1.447138 4.58009 1.335482 131 118 97
2.395806 4.437331 1.570414 151 139 120
-0.9289644 4.852826 0.9691949 157 148 131
0.6307914 4.649907 1.252719 83 67 39
0.6307914 4.649907 1.252719 83 67 39
2.522576 4.415974 1.60286 160 150 132
-0.756259 5.401322 2.542887 79 71 50
2.487736 4.135603 2.210509 179 166 152
-0.7408487 4.009534 0.1626225 176 167 147
0.1086328 3.906268 0.3453628 105 94 75
0.06309619 3.902449 0.3361751 95 87 65
1.945539 4.101329 2.311229 123 111 91
0.0491759 3.889331 0.3255383 110 100 78
-2.042514 4.589457 1.628872 197 184 172
-0.5517576 3.919548 0.105262 159 150 130
-0.7723985 3.961212 0.1523444 189 178 161
-0.6217721 3.923128 0.1109555 130 122 102
1.639556 4.116331 2.339099 174 166 154
-0.2400272 3.868287 0.172951 83 75 52
2.771226 3.975936 2.566275 145 135 114
0.1761072 3.831982 0.3750679 98 87 66
2.786586 3.957023 2.585243 173 160 145
1.672095 4.090028 2.391951 177 169 157
-2.122473 4.555935 1.700349 175 164 147
2.774417 3.946882 2.612374 155 143 124
1.774287 4.055627 2.409427 163 154 141
0.01782539 3.817683 0.3156442 119 108 88
2.102711 3.999932 2.511772 150 137 119
-0.3798165 3.812429 0.1393207 145 139 123
-1.837212 4.471547 1.845639 204 196 183
-1.859116 4.469682 1.839015 187 179 165
0.03787648 3.776042 0.3184616 102 94 73
-2.348833 4.496923 1.860459 201 192 179
-1.775323 4.417167 2.000694 210 202 190
-0.5782979 3.785484 0.1190547 103 96 79
-0.23329 3.747407 0.2415608 107 98 77
-2.743339 4.531926 1.855704 204 194 183
1.873718 3.948204 2.685933 108 96 76
-1.770313 4.389943 1.997971 191 182 167
2.691311 3.837745 2.837671 161 151 133
1.884247 3.926492 2.710381 174 164 151
2.750008 3.813444 2.869741 169 155 137
-2.055404 4.396955 2.012902 206 197 183
-0.1130528 3.692856 0.2970857 77 62 35
1.962877 3.890902 2.79665 150 139 120
-2.315388 4.407729 2.023432 207 195 183
2.443634 3.819309 2.88139 164 151 133
-0.7549677 3.753427 0.1894184 132 127 110
-0.5342453 3.70092 0.1837769 141 134 114
2.029994 3.840479 2.856022 159 148 130
-0.5939617 3.702598 0.1724052 140 134 115
-2.078278 4.345503 2.120633 211 201 190
-0.3280913 3.643824 0.301507 136 126 107
-2.370678 4.336277 2.174228 189 180 167
2.112111 3.776769 2.994967 170 160 142
-0.1489546 3.598683 0.3472945 113 106 82
-2.047908 4.256797 2.319631 183 171 152
0.9026332 3.52168 0.8314888 88 78 50
-0.0379417 3.553094 0.3639213 98 89 65
-2.783219 4.325331 2.256353 183 170 154
-0.1026656 3.53042 0.3936215 115 107 86
-0.4438695 3.513509 0.2577595 163 161 152
0.3580685 3.426334 0.4609468 107 99 77
-0.05858072 3.482001 0.4270734 157 150 132
0.2970136 3.388525 0.4635932 127 120 104
-2.748178 4.155604 2.593406 173 161 144
2.602637 3.495912 3.555065 161 148 129
1.072993 3.321183 0.8600307 120 112 92
-2.610123 4.102337 2.722264 209 199 190
-3.147969 4.116877 2.715349 202 190 178
0.4809043 3.290648 0.5090417 122 114 94
0.2930778 3.31199 0.4904937 134 127 110
-2.869592 4.064375 2.767725 198 187 175
-2.196706 3.952232 2.9439 207 198 186
-3.078299 4.029338 2.875348 203 193 182
0.8833784 3.198808 0.79092 108 96 74
-0.6126723 3.44057 1.339858 78 73 52
-3.098735 3.95278 3.016399 185 173 161
0.380102 3.179169 0.4970426 125 118 101
-1.799008 3.717854 3.33069 203 196 183
-2.951149 3.849543 3.224678 190 181 170
0.07415249 3.166261 0.5412437 150 147 130
0.09221864 3.155016 0.5358149 132 130 113
-3.354818 3.858331 3.254951 194 182 170
3.265874 3.06135 4.424901 185 173 161
0.004671596 3.162644 0.571313 141 137 116
-0.1025271 3.184832 0.6626919 146 143 121
-3.099804 3.802823 3.325175 192 179 168
-0.1302434 3.17664 0.6965742 167 164 143
-0.004827561 3.139909 0.5822085 143 140 119
-2.58505 3.702759 3.503376 192 183 170
-1.85381 3.579302 3.513602 215 209 199
-2.565345 3.648385 3.600984 186 177 165
0.960788 2.958987 0.7562067 120 110 88
0.960788 2.958987 0.7562067 120 110 88
0.7821832 2.940216 0.7121594 99 85 59
-2.775597 3.546386 3.849933 212 202 190
-2.793374 3.514591 3.90479 190 177 164
0.7442144 2.894022 0.6901907 83 71 39
-0.001366273 2.981364 0.5375645 154 151 136
-2.043442 3.394219 4.141659 196 187 170
-0.04827053 2.976621 0.5597667 130 127 104
-1.579908 3.314705 4.089861 200 189 172
-1.579908 3.314705 4.089861 200 189 172
-3.147113 3.499042 3.962335 195 186 176
-0.09487535 2.969951 0.590934 160 158 144
1.027164 2.821175 0.7417606 74 67 41
-1.761749 3.298774 4.140908 193 185 166
0.4916904 2.874612 0.4907089 96 88 69
0.4916904 2.874612 0.4907089 96 88 69
0.2759583 2.886216 0.4357616 113 109 94
0.8284172 2.803469 0.6185955 107 100 79
0.8843257 2.784209 0.6128594 109 106 90
0.8573154 2.788391 0.6160843 116 110 94
0.5634126 2.80765 0.5306671 76 68 46
0.1980822 2.825235 0.4138229 114 111 96
-3.49261 3.321566 4.393654 195 186 173
0.4056552 2.781205 0.4221811 90 86 67
0.4326607 2.764689 0.4296705 103 95 75
1.17009 2.659752 0.764816 50 43 21
-0.08851937 2.802131 0.5164329 148 145 131
0.27962 2.753502 0.3871316 100 96 80
-0.1841586 2.809507 0.5742307 147 144 129
0.4667659 2.727717 0.4253192 75 71 50
0.8085691 2.665001 0.5995727 97 87 62
-0.1217155 2.775658 0.5183706 153 149 137
-0.1219072 2.774765 0.5182217 153 149 137
0.3305199 2.717227 0.3766648 111 106 90
0.2936532 2.719025 0.380946 119 112 96
0.8130569 2.640387 0.5954661 96 87 66
0.4330938 2.679235 0.3995651 93 86 68
0.7940039 2.62659 0.6023853 70 60 32
1.174534 2.575921 0.7271256 79 68 41
0.4366225 2.660518 0.3946595 71 67 48
0.4366225 2.660518 0.3946595 71 67 48
1.131391 2.571172 0.7126721 91 79 51
-0.6418041 2.742483 0.6222874 90 85 58
0.1967723 2.657246 0.3475776 112 108 90
0.9055063 2.540656 0.5838655 87 75 48
-0.4544223 2.623524 0.394553 98 95 72
0.4637957 2.482159 0.1425297 84 74 47
-0.08208086 2.471504 0.2211572 97 92 76
-0.4009218 2.466077 0.2278614 94 90 68
0.06616916 2.400841 0.1655703 147 143 128
0.8791449 2.295192 -0.06416554 88 82 59
0.9603823 2.290394 -0.05883906 97 89 68
1.246096 2.182319 0.266801 80 72 51
0.5330309 2.279213 -0.1040913 115 105 82
0.9543185 2.227499 -0.09155605 69 58 31
0.9411935 2.225971 -0.09078521 115 107 87
0.9215719 2.224871 -0.09825332 25 18 6
0.2317754 2.257786 0.05391173 138 130 113
0.2309669 2.25615 0.05721793 138 130 113
0.1450611 2.263987 0.06774183 96 91 72
0.6254034 2.235533 -0.1427772 98 91 65
-0.1499307 2.259846 0.07815925 95 91 75
-0.1112843 2.375582 -1.009777 169 155 126
0.2772908 2.187512 -0.03541845 79 71 51
-0.1141143 2.214396 0.04816965 116 111 93
0.8514352 2.140233 -0.142411 110 100 73
0.3904295 2.178041 -0.1664863 125 119 101
0.009370792 2.172084 0.03230467 91 88 71
1.12133 2.057772 0.0829336 80 67 39
0.3902129 2.122929 -0.1623563 70 65 47
-0.04718605 2.12798 0.009496081 101 98 78
1.137285 2.014166 0.08088201 95 85 62
0.5055777 2.126986 -0.2819202 93 88 71
0.7822293 2.052594 -0.2099749 116 109 88
-0.8655134 2.070089 0.4176748 126 111 83
-0.8065603 2.056231 0.4043677 107 96 71
-0.06583327 2.031004 -0.02607821 140 135 122
1.300367 1.853428 0.1703136 78 68 42
-0.1548923 2.008003 -0.0275297 116 113 98
0.425743 2.002989 -0.2943104 93 89 67
1.326115 1.801866 0.1927904 80 70 42
0.3224005 1.977402 -0.2774372 88 79 55
0.6380489 1.952596 -0.2831947 90 82 63
0.4751863 1.954487 -0.2997144 82 77 57
-0.2694577 1.9456 -0.06294481 100 98 79
-0.07828911 1.928638 -0.06615806 129 125 114
-0.2108676 1.938014 -0.06515209 102 99 82
-0.1698136 1.924785 -0.06469522 135 130 116
0.3894362 1.929949 -0.2916574 115 112 97
0.2961877 1.905706 -0.3134421 73 65 42
0.7190324 1.867247 -0.2897397 88 84 65
0.97045 1.790359 -0.05520746 102 94 73
-0.2107755 1.876749 -0.08788833 129 124 110
0.9796968 1.780926 -0.07139342 83 73 50
0.5728741 1.845074 -0.3159565 81 74 55
0.5792347 1.831667 -0.3221425 76 69 49
0.8850639 1.717854 -0.1250173 103 95 78
0.5109718 1.795192 -0.3436369 103 100 85
0.4199201 1.780926 -0.3310805 51 44 23
0.4236322 1.757023 -0.3574091 86 78 56
0.3952985 1.730691 -0.4091359 74 69 53
0.1930036 1.744905 -0.4083166 156 153 137
0.4842017 1.709463 -0.3827515 91 83 62
0.7276396 1.656035 -0.2588148 106 102 83
0.4191229 1.710935 -0.3999586 92 84 63
-0.06873641 1.66808 -0.3076309 118 112 90
0.8979479 1.524435 -0.1262978 106 98 75
0.2726452 1.658337 -0.4848779 106 104 89
0.001914261 1.624087 -0.3809462 93 84 65
0.002247008 1.624942 -0.3787253 93 84 65
-0.1732392 1.609183 -0.3010383 115 111 98
0.07125892 1.607643 -0.4008998 109 101 81
0.07125892 1.607643 -0.4008998 109 101 81
0.4095731 1.566731 -0.4317745 129 125 109
0.6436725 1.514438 -0.3276494 98 91 73
0.4494655 1.55568 -0.4542324 97 94 79
0.4494655 1.55568 -0.4542324 97 94 79
-0.03492513 1.544404 -0.3906488 116 112 93
0.6138838 1.487782 -0.3227843 75 67 46
0.2888149 1.516732 -0.4278397 95 85 63
0.2021341 1.531224 -0.4919924 87 79 58
0.2855652 1.50261 -0.4381859 79 69 49
0.3130453 1.487031 -0.4395167 118 111 95
0.3841357 1.482387 -0.4403559 96 88 72
0.9803213 1.124034 0.4384466 81 67 40
0.6057218 1.404265 -0.3141709 95 87 66
0.5784923 1.378628 -0.3202259 59 51 29
0.6608648 1.366003 -0.3201721 120 112 93
-0.0319293 1.448368 -0.4829269 118 114 101
0.2206732 1.432536 -0.4786397 125 121 107
0.7512998 1.264049 -0.1685038 96 86 64
0.4111095 1.352495 -0.4238369 120 112 95
0.571974 1.29943 -0.3227492 125 117 100
0.571974 1.29943 -0.3227492 125 117 100
0.586417 1.296648 -0.3246162 112 105 89
0.1877035 1.378628 -0.5035018 77 71 55
0.6482377 1.147478 -0.1320579 118 107 80
0.8206615 1.111177 -0.1375566 125 113 93
0.3594726 1.21489 -0.3648192 96 87 65
0.0937721 1.225221 -0.4640697 123 121 107
-0.2164909 0.7771498 0.2555665 133 121 100
0.2778899 1.024795 -0.3637453 141 134 115
0.03761168 0.9302815 -0.3330444 161 158 143
0.1627859 0.9460424 -0.3848846 99 95 82
0.722333 1.288053 -1.200518 136 152 93
3.495496 -11.9337 22.28835 203 32 49
-0.3718359 1.246585 -1.141911 198 169 183
1.151947 5.04337 0.3908524 141 125 100
0.292592 5.138258 0.2689291 52 38 20
-0.4302114 5.22677 0.1256986 165 151 132
0.5717397 5.099471 0.3287144 38 23 8
1.118318 5.025919 0.4292594 152 134 110
1.843444 4.944639 0.5818777 46 33 22
-0.4645566 5.20957 0.1751551 169 157 137
0.2711661 5.109418 0.311988 149 133 108
0.2067545 5.120472 0.3103636 159 146 125
0.1150733 5.132254 0.2885448 181 168 148
1.057665 5.009742 0.4649924 118 101 75
-0.2901275 5.183242 0.2239426 141 125 107
-0.4521919 5.204054 0.1972636 156 141 120
1.264469 4.973557 0.5310438 141 123 99
-0.1604476 5.153449 0.26504 166 151 132
1.244413 4.962732 0.5501152 146 130 105
0.3283365 5.075816 0.3826965 147 134 110
0.03995899 5.101433 0.3518856 159 142 122
1.903381 4.877377 0.7149046 58 45 27
-0.6374615 5.196284 0.2301094 123 112 94
-0.2521994 5.13797 0.3071198 143 127 109
-0.7227995 5.198665 0.2257027 175 162 143
-0.412675 5.158141 0.2891641 161 147 128
-0.7654744 5.201504 0.2126205 181 170 151
0.2063947 5.072135 0.4070235 147 131 110
-0.6766693 5.185649 0.2441663 163 151 131
1.877408 4.856758 0.7184212 104 90 72
1.734973 4.864813 0.7058928 142 126 103
-0.8748432 5.210131 0.2376529 182 171 151
-0.9342378 5.217589 0.2341632 169 157 137
-0.9326299 5.210137 0.2229492 169 157 137
0.9927589 4.949595 0.5893205 134 117 95
-0.1013766 5.089964 0.395955 152 138 117
0.3761369 5.024651 0.4895107 156 144 120
-0.5630136 5.153058 0.317263 167 154 135
-1.067559 5.219113 0.219322 43 30 16
0.6164958 4.984218 0.5348471 152 136 110
0.2013727 5.041162 0.4608721 148 134 115
0.9712322 4.943675 0.6098862 131 116 90
0.3652073 5.01575 0.500465 155 141 121
0.3649843 5.014686 0.498282 155 141 121
0.2689247 5.029227 0.486937 148 135 111
0.2089352 5.032205 0.4721903 145 131 112
1.134851 4.898254 0.6903136 122 109 84
0.3172263 4.99781 0.5350471 148 135 112
0.2655846 5.002123 0.5284291 124 110 89
-1.240018 5.216946 0.2737806 187 174 155
1.14823 4.885672 0.7195284 130 119 96
-1.031625 5.172816 0.3145352 181 169 150
-0.6500031 5.114749 0.3866988 161 149 129
0.7636397 4.924884 0.665163 124 108 85
-0.8922864 5.147237 0.3646004 181 172 152
-1.213342 5.194464 0.312729 196 187 171
0.259003 4.987522 0.5740553 144 131 108
-0.517862 5.08915 0.4363267 147 134 116
-1.198659 5.179559 0.3131765 191 179 166
-1.36148 5.208912 0.3147059 184 173 156
-1.484176 5.218369 0.3015888 189 179 162
1.039185 4.862811 0.7765725 114 94 68
-0.8536951 5.116931 0.4440147 169 158 138
-1.213793 5.155467 0.3865125 187 174 158
-1.312319 5.172805 0.376296 160 150 131
0.7777459 4.885923 0.7465256 73 61 35
-0.4592924 5.046214 0.5203697 160 147 127
-0.8395851 5.094611 0.4475785 163 151 132
-0.09784545 4.994931 0.5845252 150 136 113
0.3569241 4.923984 0.6846586 147 132 111
-0.833603 5.07804 0.4900564 187 177 160
-0.3206738 5.002316 0.5915499 178 167 149
-0.6965737 5.051684 0.5219174 168 157 140
-0.8138035 5.070291 0.5068031 172 161 144
-0.7104439 5.050751 0.5274348 151 138 122
-1.130954 5.109172 0.4687901 149 136 118
-1.210368 5.124864 0.4664813 186 175 154
-1.23315 5.126842 0.4596052 162 150 131
0.8085011 4.841821 0.8121769 134 118 94
-0.07960264 4.964702 0.6773812 147 134 112
1.836765 4.7129 1.019461 106 93 71
0.7717136 4.84536 0.828062 132 115 89
-1.532174 5.16476 0.4237941 191 180 161
-0.904641 5.063455 0.5195344 140 130 112
-0.5756161 5.018176 0.5849977 161 147 129
-0.8998421 5.056365 0.5489196 119 107 89
-1.034078 5.067739 0.5330452 183 171 157
-1.503783 5.127209 0.444789 190 177 161
0.9601508 4.798126 0.9181918 91 77 49
-1.008754 5.047151 0.5723649 159 145 129
-1.131078 5.063906 0.5551358 182 169 155
-1.201614 5.062837 0.5523701 187 175 160
1.544101 4.70157 1.07186 135 121 102
-1.102345 5.037513 0.5996754 189 176 160
-1.118363 5.03635 0.5985116 163 150 132
-1.166649 5.042921 0.5942421 191 179 165
-0.4671981 4.946813 0.7213902 158 145 129
-1.361146 5.073802 0.5721316 182 168 155
0.9275836 4.765331 0.9873504 102 85 61
0.2464475 4.847739 0.8675771 119 107 87
-1.496528 5.088316 0.5664982 190 179 164
-0.9852783 5.004604 0.6428918 182 170 156
1.75992 4.653263 1.158778 123 109 90
0.2162637 4.844542 0.8797051 69 60 35
0.2162637 4.844542 0.8797051 69 60 35
0.6267131 4.790278 0.969212 126 109 89
1.768606 4.646364 1.183383 34 30 16
0.214344 4.843076 0.9151956 131 120 99
-1.235612 5.023345 0.6450484 200 187 173
-1.669899 5.075769 0.5690907 198 186 172
-0.8075215 4.954058 0.7391276 174 163 145
0.1214101 4.82979 0.919636 127 116 96
-0.9949852 4.969933 0.7211226 183 171 158
-1.510771 5.038302 0.63472 192 179 166
-1.128422 4.984679 0.7126467 200 188 176
0.7333763 4.74685 1.065788 122 108 86
-1.563735 5.049098 0.6523219 196 184 170
1.244619 4.670393 1.162524 111 95 70
0.8981043 4.711584 1.10159 94 78 53
0.1662112 4.805091 0.9713019 84 74 54
1.452317 4.641714 1.204354 139 123 100
-1.010209 4.959181 0.7603771 188 175 164
0.6846058 4.729021 1.083717 98 82 57
1.546776 4.619625 1.246486 117 101 79
1.547444 4.619534 1.245385 117 101 79
-1.459213 5.012727 0.7120118 200 188 174
-1.527768 5.025275 0.7092242 177 165 151
1.510843 4.602656 1.28929 123 109 89
0.8623472 4.676381 1.177245 90 75 48
0.8623472 4.676381 1.177245 90 75 48
-1.514125 4.979956 0.759102 180 167 153
0.09685881 4.759336 1.043429 95 82 58
-1.01927 4.91109 0.8549314 179 168 151
-1.352192 4.95092 0.8186424 170 159 146
-1.6175 4.982964 0.7661057 194 182 168
-0.08279452 4.777312 1.045293 50 38 16
0.4791034 4.697207 1.13691 85 68 40
-0.4061266 4.81083 0.9877359 121 110 90
0.9090852 4.637528 1.241552 102 87 60
0.9090852 4.637528 1.241552 102 87 60
-1.096036 4.894831 0.8924707 171 160 146
-1.012195 4.878366 0.9140991 159 147 129
-1.994144 5.004624 0.7452354 211 199 185
1.73653 4.518535 1.442424 120 108 88
-0.9649164 4.858739 0.949984 176 167 153
-0.4498062 4.784779 1.034337 106 96 76
-1.575202 4.939224 0.8445463 197 186 172
-0.8502586 4.841206 0.9850777 179 168 151
-1.037806 4.858671 0.9581512 181 172 155
2.416323 4.432606 1.619168 100 88 68
1.53934 4.520132 1.457421 112 99 77
0.8278446 4.603165 1.344627 79 64 37
-0.8258233 4.805196 1.037927 162 149 133
-0.9299024 4.819958 1.044796 179 170 156
1.965739 4.443747 1.585361 107 97 72
1.752972 4.463873 1.546145 150 138 119
-1.768617 4.910988 0.9538077 202 192 179
0.8433338 4.559872 1.438461 75 58 30
0.8430707 4.559838 1.438505 75 58 30
1.730702 4.42791 1.638612 107 99 79
-1.237579 4.794305 1.11884 193 184 171
-1.781197 4.852911 1.04256 168 157 139
0.7360575 4.527171 1.509477 52 41 19
1.58951 4.419149 1.670646 116 105 86
-1.661132 4.823084 1.096436 199 187 174
1.970685 4.343655 1.804892 136 125 105
-1.057153 4.719572 1.245521 158 145 131
-2.246488 4.867446 1.058458 208 195 181
-1.236954 4.734232 1.245942 172 163 148
-1.597601 4.772694 1.192272 204 192 179
1.445051 4.383728 1.757972 94 82 58
-0.2452433 4.21539 0.3900311 111 102 79
-1.950354 4.798186 1.176519 182 173 157
2.325606 4.260378 1.972207 124 111 93
2.228802 4.268489 1.962698 166 154 139
0.4926534 3.62373 -0.9918664 85 75 47
-1.070021 4.672395 1.361386 132 124 103
-1.647274 4.737825 1.272746 187 175 162
-1.635001 4.7296 1.294417 201 192 179
-2.310897 4.814246 1.170602 202 190 176
-1.487136 4.69178 1.357833 206 198 188
-1.487092 4.691646 1.357636 206 198 188
-1.80171 4.729105 1.308085 204 195 182
1.495698 4.295257 1.939737 133 122 105
-1.966422 4.722188 1.333466 184 175 161
-1.980524 4.730835 1.359239 184 175 161
2.109787 4.207871 2.081048 148 138 119
-1.602438 4.670862 1.402334 205 196 183
-1.604609 4.659958 1.449537 206 196 184
1.721061 4.237866 2.058627 165 156 143
-1.978301 4.691625 1.396803 185 173 160
-1.982904 4.695433 1.406366 185 173 160
-2.141119 4.704698 1.390611 198 187 173
2.06858 4.174445 2.154932 122 114 94
1.409536 4.252204 2.045841 151 141 127
1.383266 4.241979 2.066168 119 107 89
2.280344 4.131292 2.229589 145 134 117
-2.404624 4.708404 1.424411 201 189 176
-0.3941449 3.965211 0.09714082 106 99 79
-2.584328 4.734669 1.448869 203 191 179
-0.2697777 3.947737 0.1473017 120 112 92
1.840187 4.142303 2.222329 153 144 127
1.776625 4.149432 2.230063 142 135 119
-2.347579 4.661512 1.514166 203 191 179
-2.005568 4.602225 1.587849 194 185 172
-1.736524 4.562733 1.640317 186 176 161
-0.2909234 3.892863 0.1439807 100 91 72
1.66439 4.11955 2.301303 152 144 128
-0.4084966 3.888808 0.1244188 115 103 83
-1.603755 4.508721 1.748672 181 170 153
2.109508 4.039783 2.415561 166 154 140
-0.4743496 3.876452 0.09190238 104 97 76
2.352736 4.00238 2.499086 135 124 104
1.887263 4.051318 2.403072 155 146 129
1.704911 4.079518 2.4054 162 154 142
1.645004 4.077654 2.375295 176 168 156
-0.5023913 3.861514 0.09044878 129 125 107
-0.3306099 3.83401 0.136929 144 139 125
-2.451538 4.588814 1.681105 172 163 146
-2.451538 4.588814 1.681105 172 163 146
-0.1504718 3.792036 0.2647475 93 79 53
-0.4606918 4.556367 3.253302 127 117 99
-0.3738447 3.797211 0.1362251 128 123 109
-0.5583552 3.806016 0.1089733 133 127 107
-0.683962 3.832356 0.1454146 132 124 103
-1.750148 4.420149 1.940344 190 180 165
1.883935 3.950831 2.610923 148 137 119
-2.578011 4.505809 1.874276 204 195 183
-0.5238913 3.762961 0.1378934 111 103 82
-0.08110146 3.725319 0.2960104 100 92 72
0.1758147 3.692484 0.3675456 105 97 77
0.1758147 3.692484 0.3675456 105 97 77
2.001695 3.909763 2.70365 152 141 122
-0.5510327 3.754218 0.1415155 121 111 91
-0.07571279 3.710637 0.3040469 122 113 96
-2.023689 4.397705 2 189 180 165
-2.10909 4.416419 2.00288 198 188 175
-0.3347739 3.717715 0.1969014 103 91 66
-2.057443 4.378912 2.052428 169 159 136
-2.028489 4.364485 2.105608 208 200 190
0.1632688 3.640126 0.3732708 105 96 80
0.1491155 3.63816 0.3732949 126 115 96
-0.5794321 3.708906 0.176538 81 71 51
0.2150669 3.617173 0.3871462 105 98 78
0.414677 3.589006 0.4632379 98 88 66
-0.466311 3.665521 0.2000078 151 142 125
-0.3230967 3.655097 0.2859634 85 73 51
-2.659122 4.366729 2.151792 187 173 157
-0.4166217 3.633259 0.2524791 136 129 110
-2.391777 4.319392 2.221591 204 195 183
0.5396011 3.530406 0.51828 97 88 67
0.5396011 3.530406 0.51828 97 88 67
-0.2441659 3.619102 0.351678 131 121 104
-0.6134574 3.64867 0.2289143 138 128 108
-2.697213 4.345231 2.201465 181 168 152
-2.937551 4.374663 2.183891 172 160 141
-2.249026 4.272877 2.279579 193 184 174
-2.958786 4.360345 2.224518 205 192 181
-0.0540495 3.554619 0.364456 148 140 120
-2.982997 4.348796 2.245929 179 168 151
-0.4608722 3.595953 0.3638351 97 88 64
-2.760903 4.257866 2.382463 185 173 159
-2.526003 4.223429 2.410693 183 171 158
0.4429843 3.441208 0.4809331 105 97 76
-0.2015132 3.493746 0.4670235 145 137 117
0.3807743 3.394363 0.4730746 122 114 96
-0.03299259 3.445501 0.4580304 155 147 127
1.111117 3.335118 0.8840354 108 100 80
0.1007925 3.414776 0.4563725 144 136 119
0.2769055 3.379925 0.4677841 135 128 111
0.5321802 3.340454 0.5236554 120 111 88
0.3252195 3.35718 0.4745533 129 124 106
-3.147812 4.166895 2.618881 200 191 177
0.1098031 3.369992 0.4904568 144 137 119
-2.193709 3.980026 2.871235 193 181 167
0.3144578 3.295946 0.4913797 133 127 111
-2.831267 4.010871 2.888447 183 174 161
-2.831267 4.010871 2.888447 183 174 161
0.08693744 3.299138 0.5277008 166 160 144
-2.847368 3.995164 2.912158 207 198 189
0.06807087 3.285921 0.5363932 163 159 146
0.3796456 3.231272 0.5004134 120 114 94
0.3959972 3.229352 0.5006412 96 88 65
0.1470702 3.26529 0.5195644 126 121 102
0.02582963 3.279309 0.5539286 152 149 131
0.4868121 3.197206 0.5156361 107 100 80
0.3400688 3.184659 0.4967355 122 116 99
1.013363 3.107497 0.7713058 87 75 48
0.4115762 3.149789 0.4947913 114 109 93
-3.032621 3.887406 3.192847 189 179 168
-2.646923 3.822023 3.258147 207 196 186
-3.048621 3.862385 3.203348 204 194 183
-3.048621 3.862385 3.203348 204 194 183
0.207241 3.151435 0.5041183 112 108 89
0.2799079 3.128312 0.4923521 126 123 108
0.2799079 3.128312 0.4923521 126 123 108
0.9421528 3.050544 0.781903 119 110 87
0.8100427 3.040131 0.7637548 83 72 43
-0.7165647 3.406778 3.04385 159 158 136
0.8162658 3.02508 0.7526431 101 87 61
0.8162658 3.02508 0.7526431 101 87 61
0.8138881 3.003972 0.7461629 107 96 71
-1.322861 3.496986 3.696398 195 185 169
0.3791092 3.034613 0.4784367 117 111 93
0.2633315 3.02125 0.4715731 129 125 111
0.7506056 2.960418 0.7293722 96 82 48
-1.526841 3.420478 4.070574 210 202 190
0.1655064 2.987013 0.4765339 101 98 80
0.3975595 2.935622 0.4625633 100 96 77
-1.666783 3.332993 4.062126 203 194 176
-1.666783 3.332993 4.062126 203 194 176
0.1140468 2.920801 0.4624118 104 100 84
0.82792 2.833298 0.6344897 102 94 73
0.3639826 2.885417 0.4372771 83 79 59
0.07578512 2.895539 0.4672931 135 133 118
-3.063739 3.364566 4.246915 212 202 192
0.725803 2.785301 0.6299751 105 96 71
0.7505059 2.777836 0.6132757 111 104 84
0.738234 2.743084 0.6121667 103 96 77
-0.4139784 2.850919 0.9451592 134 130 109
0.08237457 2.779936 0.4174268 153 150 135
0.4456563 2.724928 0.4220763 104 99 85
0.4462051 2.72712 0.4215658 104 99 85
0.478439 2.701556 0.432392 73 69 50
0.3182328 2.723798 0.3810283 117 112 96
1.09716 2.615078 0.7268441 69 61 39
0.1893552 2.701335 0.3720884 131 127 113
0.1660801 2.692827 0.3683805 144 138 124
0.8212718 2.609222 0.5973646 72 66 49
-0.2593701 2.725775 0.4783795 111 107 87
1.224762 2.556663 0.711816 84 75 50
1.20985 2.547472 0.7032726 53 47 20
0.9309406 2.578336 0.5926622 90 80 52
0.2251736 2.645697 0.3390701 103 96 73
0.1802482 2.65045 0.338453 133 129 110
0.04605831 2.660623 0.3884564 119 111 87
0.3194141 2.627022 0.3383714 78 71 51
-0.1523514 2.656013 0.3827265 85 81 59
1.023037 2.517349 0.5384527 76 68 47
-0.02080497 2.606321 0.3603538 118 111 93
0.9901764 2.472137 0.5327901 79 66 39
1.005363 2.464576 0.5277666 78 69 43
0.1611406 2.544686 0.1542041 151 148 131
0.1624646 2.579711 -0.7176903 96 94 75
-0.1399709 2.548764 0.2824101 96 94 75
0.2442618 2.495379 0.09434593 162 157 135
0.03511247 2.443369 0.1970582 141 135 119
-0.2430265 2.452866 0.2085618 116 108 87
0.2033838 2.402345 0.1120403 124 116 96
-0.1269235 2.426159 0.1841662 111 106 92
0.853228 2.329123 -0.01614704 90 82 59
0.03568899 2.391603 0.1616826 124 120 106
-0.370682 2.420186 0.1919802 82 79 58
0.8057504 2.31233 -0.02130318 86 73 46
0.8454933 2.289809 -0.05357879 28 24 12
0.8454933 2.289809 -0.05357879 28 24 12
0.1332636 2.329358 0.09789514 82 78 60
0.2316783 2.318681 0.1032823 140 132 110
0.5873633 2.292847 -0.07324837 84 74 49
0.2029384 2.290171 0.09154359 81 73 52
-0.2506209 2.326641 0.1173071 86 84 63
-0.2645421 2.320998 0.1063118 87 83 64
0.4225492 2.274109 -0.1472779 108 101 81
0.4341604 2.269103 -0.1472578 88 81 61
0.310037 2.267253 -0.03042492 163 159 139
-0.05071208 2.273835 0.08841439 91 86 71
0.2492063 2.241617 0.0483477 135 129 110
1.126487 2.13323 0.1028933 100 90 63
0.7328722 2.188901 -0.1254343 63 50 23
0.8663953 2.176243 -0.1369956 112 102 78
0.2505737 2.169816 -0.04136625 79 71 51
0.4137807 2.153048 -0.1555896 87 77 50
0.2945054 2.136636 -0.135446 128 126 110
0.01150383 2.135194 0.01911993 127 121 109
0.0338042 2.101867 -0.0006617109 103 100 85
0.9845169 2.04639 -0.2117649 86 76 49
0.422021 2.081294 -0.2550662 139 135 116
0.6923848 2.045008 -0.2117329 110 99 66
0.4408421 2.066476 -0.2681261 106 101 85
0.6950935 2.031275 -0.214461 78 69 45
-0.8147042 2.030583 0.40993 108 98 70
-0.8602373 2.02075 0.418732 76 69 45
0.4558455 2.035069 -0.2880668 90 82 62
-0.4037741 2.018557 0.1280039 137 132 113
-0.7794827 1.982091 0.4172362 79 71 48
0.483787 2.017926 -0.2796974 117 109 90
-0.3198663 2.004392 0.07615398 139 134 121
0.07972219 1.989877 -0.04677413 119 113 95
-0.04950173 1.996698 -0.04383683 114 110 96
-0.1936361 2.000712 -0.02968301 99 96 81
0.2654969 1.999534 -0.2801992 99 95 81
-0.4240592 1.964388 0.1305754 138 134 114
0.03614071 1.203729 3.424562 119 117 98
0.4561526 1.958509 -0.3014973 103 99 79
-0.7446838 1.892063 0.3785211 88 81 55
0.2658215 1.946557 -0.3017894 143 139 124
0.4615398 1.9236 -0.3166139 83 79 57
0.4616039 1.92329 -0.3160694 83 79 57
0.1254957 1.914379 -0.2599192 157 154 139
-0.2744374 1.894528 -0.07814179 100 96 78
0.7048008 1.871924 -0.2882858 127 121 105
0.1809662 1.900924 -0.2828279 23 19 8
0.3596258 1.887641 -0.3092592 111 103 86
-0.1980679 1.873729 -0.08550918 118 113 99
0.6302797 1.848954 -0.3117087 89 86 71
0.6161684 1.847221 -0.3049814 130 127 110
0.496612 1.826885 -0.3256299 125 121 103
0.2041941 1.856689 -0.353792 113 108 90
-0.2007421 1.813419 -0.1030066 118 113 101
0.2414347 1.847631 -0.3704867 120 114 96
0.09798896 1.844696 -0.312448 107 102 88
0.01703728 1.806945 -0.3060403 149 146 131
0.1411364 1.77624 -0.3571435 91 83 63
-0.0009367594 1.751105 -0.3037007 169 165 146
0.6379175 1.639252 -0.2804873 64 55 31
0.3773527 1.691501 -0.4387868 74 65 42
0.3213682 1.669293 -0.4720464 108 104 84
0.3213682 1.669293 -0.4720464 108 104 84
0.1906204 1.662327 -0.4384007 77 72 55
0.1008396 1.631431 -0.3964464 95 88 66
0.8741664 1.479573 -0.1495559 86 77 60
0.1115456 1.597436 -0.418748 163 159 140
0.1117621 1.59828 -0.4193502 163 159 140
0.785508 0.709882 2.070312 80 70 50
0.3317306 1.554383 -0.4055937 104 92 62
0.1706972 1.567009 -0.4895304 162 159 145
0.01809821 1.525073 -0.4150633 100 94 72
0.01809821 1.525073 -0.4150633 100 94 72
0.351796 1.483442 -0.4472104 117 113 98
0.114157 1.502239 -0.4777252 114 110 96
-0.09763438 1.491798 -0.438123 82 78 60
0.2962069 1.473084 -0.4468292 110 105 88
0.1390555 1.495028 -0.4918683 149 145 129
0.9165008 1.29376 -0.08256176 63 56 38
0.3903765 1.455391 -0.446831 116 109 93
0.622874 1.386294 -0.3294433 101 95 76
0.4376208 1.425893 -0.4412741 117 113 93
-0.1051108 1.448708 -0.4724759 129 124 110
-0.006926358 1.427568 -0.4893965 128 123 108
0.7637197 1.250089 -0.1779116 93 83 63
0.6001813 1.305249 -0.3323079 123 117 99
0.3188154 1.339019 -0.4522615 117 110 92
0.07615104 1.335447 -0.4387071 129 114 85
0.5494798 1.245811 -0.3093919 136 128 108
0.2140779 1.335008 -0.5023874 112 107 87
0.2138966 1.333961 -0.502991 112 107 87
0.08903278 1.294362 -0.4430079 154 145 124
0.1703843 1.297054 -0.4927543 145 140 124
0.2001359 1.28437 -0.5057201 96 88 68
0.5618481 1.185122 -0.3026541 136 128 108
0.5458095 1.128008 -0.2809563 116 107 90
-0.1467027 1.148378 -0.3090414 98 92 74
0.52568 1.103999 -0.2762268 126 117 100
0.3511974 1.143682 -0.3722137 122 117 97
0.6572117 0.9338415 -0.008220548 120 111 88
0.5465415 1.012715 -0.2479737 116 108 87
0.534749 1.004805 -0.248537 104 95 77
0.1187657 1.096963 -0.4499299 120 115 98
0.1050242 1.09644 -0.4443797 141 136 118
-0.9424646 0.8349881 -0.02303798 198 195 132
3.62417 -11.61873 23.33154 195 197 84
0.1730358 0.868387 -0.3754015 109 104 87
0.1397937 0.8299789 -0.3704547 165 160 143
0.6784323 0.9291451 -0.6150951 201 123 90
0.9887863 -0.637818 1.988108 125 138 85
-0.9456673 0.8792657 -0.7124115 219 195 111
-0.7829414 1.230181 -1.465554 183 178 107
1.26253 0.185066 0.04882726 136 151 93
0.2531767 5.172874 0.1999466 136 127 114
-0.07068157 5.029317 0.5205681 139 131 119
1.176151 4.973655 0.5297312 112 102 85
0.221445 4.92358 0.7175093 126 120 110
0.6113065 4.868383 0.808422 123 115 104
0.8160315 4.826869 0.8679585 118 107 93
1.456281 4.725619 0.9557433 117 110 96
2.09052 4.282663 1.798455 159 154 148
-1.676414 4.144595 2.506678 184 183 183
-0.7867408 3.694865 0.4577444 190 192 184
-0.1650287 3.66855 0.310802 130 130 123
-0.206507 3.600341 0.4158874 143 143 138
-2.084146 3.727378 3.478402 205 209 211
-1.672819 3.443281 4.093726 207 211 212
-0.7832915 3.227156 4.475979 176 173 167
0.04358939 2.982567 0.5013736 147 152 150
-0.9365959 3.127869 4.591659 178 175 169
0.2669537 2.340312 0.05546531 160 160 152
0.09857289 2.270362 0.07943196 140 143 140
0.2418281 2.181628 -0.04566583 81 79 67
-0.03502158 1.7829 -0.296435 127 131 130
-0.05062101 1.614874 -0.3554429 118 117 107
0.1017331 1.567546 -0.4361332 155 157 156
-0.19695 1.33568 -0.3670368 166 170 166
-0.14494 1.325229 -0.4193089 124 122 108
-0.1208894 1.160825 -0.303789 92 87 71
-0.7077581 5.014935 0.596082 154 149 143
-0.8947801 5.01477 0.6344961 161 159 153
1.295607 4.924773 0.6293564 131 123 106
-0.8334884 4.824909 1.041865 134 128 122
0.6392202 4.815641 0.9134815 95 84 67
0.6630706 4.771339 1.002609 108 97 80
-1.266339 4.681612 1.337894 179 179 178
0.7633909 4.645058 1.263852 96 85 68
2.026174 4.593039 1.270923 124 118 108
2.251497 4.575451 1.27027 123 118 111
1.462201 4.481542 1.593307 116 108 95
-0.6486878 3.919386 0.1204789 119 119 109
-1.912099 4.343252 2.133329 194 194 194
2.509492 4.345423 1.807619 134 128 120
-0.533194 3.68574 0.2091584 127 127 118
2.70169 4.206762 1.968028 176 171 167
-1.540875 4.146703 2.525889 209 214 216
-2.000497 4.122864 2.586628 192 191 191
2.647846 4.150372 2.090116 172 167 161
-1.618026 3.956585 2.962021 191 191 191
-1.618026 3.956585 2.962021 191 191 191
2.908601 3.899027 2.664155 181 176 173
-1.455184 3.739494 3.363425 194 194 194
-1.138194 3.68584 3.493855 208 210 211
0.02985108 3.254203 0.5773492 104 108 96
-0.04893822 2.421752 0.1796327 117 116 110
0.3312384 2.146271 -0.1585882 131 132 125
0.1753695 2.13063 -0.05816506 152 153 144
-0.7118685 2.060563 0.4051383 72 72 51
0.08724655 2.072342 -0.02047067 121 121 115
-0.1108982 1.971619 -0.04794001 89 94 87
0.1615376 1.768016 -0.3828758 109 110 101
-0.1961907 1.579004 -0.2978112 108 112 106
-0.1539703 1.410373 -0.3487374 156 157 150
-0.4360842 1.178804 -0.005241329 173 176 171
-0.1267297 0.7969529 -0.1318447 150 150 140
0.06838176 5.150465 0.2620279 135 127 115
0.3289621 4.985611 0.5767798 128 123 110
-0.1155355 4.936486 0.7083145 128 120 110
-0.1756816 4.887246 0.7168496 121 116 105
1.659022 4.936051 0.5664447 134 126 112
1.221069 4.923666 0.6278785 102 89 71
0.9109098 4.856904 0.8053887 120 111 94
-1.041734 4.784146 1.12851 148 145 138
-1.522472 4.708848 1.321366 179 179 179
1.856459 4.707453 1.034685 113 108 99
-2.278377 4.653434 1.51226 165 161 159
-2.135145 4.633785 1.530389 187 187 187
1.691348 4.678352 1.112676 129 121 109
-1.998826 4.626355 1.540066 152 148 145
1.444458 4.616841 1.277563 122 114 102
1.84409 4.601438 1.268093 135 128 119
-1.395736 4.538227 1.663917 183 183 183
-1.800793 4.520048 1.747589 188 188 188
1.366869 4.508942 1.501105 99 90 75
-1.480833 4.403347 1.962181 191 191 190
2.311841 4.451927 1.520324 155 150 143
-2.413124 4.378995 2.099592 180 178 176
-2.109312 4.331789 2.152998 201 201 203
-1.633901 4.326625 2.136071 195 193 195
2.158479 4.373905 1.714849 164 159 153
-2.001335 4.298873 2.217724 198 198 198
-1.816842 4.196342 2.436184 197 197 197
-1.449279 4.178287 2.433932 183 182 180
-2.246617 4.044588 2.781493 177 176 176
-0.3033255 3.561736 0.401485 109 109 99
1.12302 3.664665 1.112336 179 175 172
2.721148 3.937696 2.630639 179 175 170
-0.09173921 3.229606 0.6513366 131 137 123
-1.028635 3.510041 3.947896 206 209 210
-1.144437 3.501375 3.868054 193 193 191
-1.529071 3.317673 4.343667 204 206 205
-2.149512 3.236064 4.4548 206 208 211
-1.549695 3.215933 4.598306 174 172 165
-1.549695 3.215933 4.598306 174 172 165
-1.157768 3.030775 5.013908 177 176 172
-1.485484 2.96841 5.169028 209 213 213
-1.513397 2.859979 5.365576 184 183 181
0.2163949 2.541706 0.1274124 122 125 115
-0.7077444 2.151605 0.400586 71 69 56
0.3941739 2.133592 -0.1617825 68 64 52
0.2970335 2.082666 -0.1577911 100 97 84
-0.2307116 1.899382 -0.07189082 119 120 115
0.2597181 1.905346 -0.341581 121 124 121
-0.01542101 1.834171 -0.158485 141 141 137
0.2183225 1.863351 -0.3681467 96 96 84
0.2183225 1.863351 -0.3681467 96 96 84
-0.3511745 1.761419 -0.08196284 120 123 114
0.1065011 1.764864 -0.3574891 145 145 139
-0.07970523 1.730576 -0.2774928 117 122 114
-0.07818475 1.589543 -0.3634347 143 144 139
-0.1561468 1.528058 -0.3423856 122 120 107
0.1438126 1.503545 -0.4915064 130 133 129
-0.1186422 1.474081 -0.4448901 81 77 68
0.143417 1.39643 -0.4875783 145 141 126
0.143417 1.39643 -0.4875783 145 141 126
-0.2401793 1.253504 -0.2984714 174 178 169
-0.4091696 1.091447 -0.03642397 195 199 191
-0.382988 1.071832 -0.1318848 141 143 134
-0.9757745 -9.590329 20.49927 240 242 194
-0.9757745 -9.590329 20.49927 240 242 194
-0.02086465 0.79816 -0.218285 124 122 110
1.147267 5.176886 0.1329832 140 131 116
-0.7593521 5.035738 0.5645605 138 132 124
0.8993573 5.026132 0.4422955 139 131 117
-0.6583723 5.0038 0.6241688 141 136 130
0.3371124 5.007689 0.5257134 131 123 110
1.023587 4.995486 0.4985022 130 118 104
-0.9057245 4.957785 0.7461684 136 132 126
-0.8741344 4.942895 0.7766591 158 153 147
-0.2263531 4.916704 0.7643849 114 106 94
0.3015641 4.885366 0.7818469 121 116 103
-0.3731087 4.867741 0.8879715 129 123 115
1.13426 4.875111 0.7469971 93 85 69
-1.537707 4.830781 1.065554 178 176 175
1.151684 4.847958 0.7979903 117 108 93
-0.918925 4.802768 1.036214 156 152 149
-1.840066 4.780495 1.202605 163 158 155
-2.01844 4.769062 1.239384 191 191 193
1.116895 4.803274 0.8996959 125 115 101
-1.093716 4.751676 1.201242 162 159 156
0.7884439 4.76929 0.9957786 111 102 87
-0.709132 4.725536 1.206404 130 127 122
-1.785147 4.700822 1.362939 186 184 184
-1.881001 4.668385 1.45206 185 185 187
1.137167 4.661505 1.199162 115 105 91
-2.017773 4.58632 1.627784 173 171 169
-2.201707 4.555519 1.710287 191 189 190
1.585252 4.590196 1.30608 135 127 115
-2.227708 4.514363 1.792053 191 190 188
-1.405649 4.501227 1.75684 172 172 170
-2.227703 4.438994 1.952261 200 198 199
-1.928401 4.382171 2.050814 186 186 186
-0.5650312 3.868798 0.1111414 161 161 158
-2.54825 4.338123 2.203741 198 197 200
-0.6124049 3.818389 0.1442214 148 149 144
-0.6948569 3.812366 0.1507592 116 114 102
-1.885759 4.124467 2.574709 193 193 195
-1.561211 4.097559 2.619666 191 191 191
-2.497428 4.038264 2.834854 191 191 192
-2.211327 4.00068 2.836297 198 198 199
-0.4683414 3.541545 0.7369341 188 197 199
-1.303376 3.867314 3.084426 209 213 215
-2.26526 3.808109 3.303646 182 182 182
-1.706637 3.773376 3.344479 205 209 210
0.2214468 3.369161 0.4770615 122 122 114
-1.107011 3.693225 3.4346 207 210 211
-1.48471 3.658211 3.507318 209 209 211
-1.81944 3.585361 3.715688 206 210 212
-1.19814 3.554505 3.744886 207 211 212
0.01221834 3.1927 0.5739731 118 123 109
-0.03804629 3.1945 0.592602 147 154 147
3.856935 3.428419 3.628658 158 150 138
-0.3325922 3.303104 4.201218 212 215 214
0.01032128 3.044695 0.5645363 146 151 145
-2.39469 3.145904 4.663881 204 206 208
-1.132627 3.137915 4.708715 201 203 202
-0.0319858 2.884444 0.5151428 105 110 97
0.2128777 2.75429 0.3872507 102 106 100
-0.4392731 2.698889 0.491152 77 79 62
-0.1347501 2.658434 0.4020799 77 79 70
-0.7274542 2.508441 0.6521519 140 143 119
-0.6578729 2.346433 0.488634 108 108 80
0.06491633 2.36061 0.135811 122 125 123
-0.7512627 2.190805 0.5542348 94 95 80
0.6079409 2.275517 -0.1496197 131 132 125
0.2260274 2.220337 0.02349073 80 80 72
0.06125366 2.215764 0.05750702 95 99 91
-0.3842302 2.078946 0.1108756 148 150 138
-0.4237724 1.984095 0.1530539 111 112 98
0.7060843 2.009548 -0.2336917 118 116 108
0.6554227 1.996092 -0.2645783 63 55 34
0.2472229 1.986188 -0.2879578 91 96 93
-0.1437739 1.691653 -0.2484346 150 154 151
-0.1437739 1.691653 -0.2484346 150 154 151
0.1095852 1.705075 -0.3871443 163 162 154
-0.258628 1.62893 -0.1274057 137 141 137
-0.224027 1.62826 -0.1576981 131 127 118
-0.06622888 1.651785 -0.3187962 125 123 109
-0.004719072 1.595029 -0.3981694 114 112 102
0.1439106 1.571665 -0.4662649 108 110 108
-0.01046059 1.468362 -0.4689891 131 134 131
-0.2818244 1.342893 -0.2865791 150 155 151
0.1165122 1.307993 -0.4635541 155 155 141
0.03099864 1.254891 -0.4184578 120 116 104
0.005651464 1.10666 -0.370959 180 182 178
0.05478484 1.072579 -0.4081978 178 181 178
-0.90944 -9.48749 20.83177 84 88 79
-0.90944 -9.48749 20.83177 84 88 79
-0.540369 -9.516593 20.7758 88 93 91
-0.000740518 0.9176398 -0.2936785 166 169 166
-0.1901296 0.8395119 -0.1288975 172 174 164
-0.04210048 5.150184 0.2689194 120 110 98
-0.04210048 5.150184 0.2689194 120 110 98
-0.07635819 5.141693 0.2744013 144 136 122
0.07848383 5.140024 0.3066573 135 127 114
1.24251 5.114101 0.2318285 138 129 114
-0.1220663 5.086952 0.4019401 138 133 121
-0.1584108 5.088824 0.4046886 116 107 92
-0.8123812 5.046019 0.5380414 163 158 153
-0.8067642 5.052958 0.54799 163 158 153
0.9487779 5.067832 0.3490172 137 129 113
-0.728002 5.021782 0.5943379 148 143 137
1.293885 5.050738 0.3575695 138 129 112
-0.8519855 4.989565 0.6666653 131 126 118
0.2948467 5.005575 0.5375627 104 96 82
-1.020523 4.970763 0.725207 168 166 163
-0.08161843 4.980777 0.622897 129 121 109
-0.9711209 4.947349 0.7673669 165 164 160
-0.7825739 4.934471 0.7778434 122 118 109
-1.0832 4.919453 0.8517147 168 168 166
1.628898 4.966566 0.5636351 118 109 94
-0.7700223 4.905275 0.8372129 146 141 135
-1.007243 4.894246 0.8764946 138 133 127
-0.9168697 4.887525 0.8913262 151 148 142
-1.631185 4.871159 0.9914287 181 181 181
-1.85284 4.868259 1.01661 166 161 158
1.649984 4.912212 0.6240819 126 117 105
-0.2479417 4.858977 0.9031863 120 116 105
1.868763 4.888721 0.6686746 135 127 117
-1.787882 4.822789 1.106248 149 145 139
0.0401365 4.816635 0.9593778 104 98 88
-1.776157 4.772032 1.134202 146 141 136
-1.524466 4.773677 1.180697 172 171 168
0.7313291 4.778583 0.9888226 87 75 53
-0.6275983 4.752663 1.195266 118 111 103
-1.943076 4.712811 1.354387 188 186 187
1.599373 4.72849 1.008391 129 121 109
1.561391 4.718751 1.035623 129 121 108
-2.041982 4.669128 1.449515 189 187 188
0.6171924 4.705231 1.151849 77 64 46
-2.341695 4.645849 1.511237 184 183 182
-1.24505 4.626798 1.480042 187 187 187
-1.420618 4.601262 1.532577 185 185 185
-1.420673 4.601953 1.534089 185 185 185
0.650062 4.60335 1.362789 68 55 33
1.611186 4.555678 1.373968 114 104 92
-2.15437 4.488548 1.841916 182 180 182
1.693146 4.523919 1.4334 137 131 122
-0.6589342 3.97498 0.1282489 59 64 57
-0.4592078 3.958127 0.08894145 94 95 87
-0.7378656 3.955385 0.173721 134 142 142
1.368099 4.469634 1.587071 113 105 93
-2.397874 4.41411 2.030931 195 192 194
1.477553 4.45525 1.595196 126 119 110
1.606602 4.446798 1.604017 138 132 124
1.606602 4.446798 1.604017 138 132 124
-1.990354 4.382709 2.041809 209 212 215
-2.380615 4.355571 2.146003 194 194 196
1.523281 4.392759 1.736807 129 123 115
-0.6460056 3.82278 0.1446599 79 68 50
-2.468412 4.318196 2.232683 195 195 195
-1.347863 4.318058 2.129696 202 202 202
-0.6393417 3.784569 0.1544873 148 147 141
-0.673869 3.788155 0.1676859 90 81 64
-0.4824024 3.71637 0.1759388 109 111 102
-0.7633255 3.721994 0.2507985 147 151 145
2.511098 4.250514 1.967391 142 136 130
2.153621 4.231553 2.100565 172 168 165
-1.798927 4.155324 2.498983 177 176 174
-0.6466693 3.65178 0.2346733 156 160 158
-1.111431 3.977739 1.892325 153 154 133
2.316427 4.150071 2.166037 151 147 143
-1.349174 4.099167 2.593039 193 193 191
-0.6998197 3.619895 0.3292345 136 140 131
-0.4869445 3.606364 0.2899081 146 152 147
-0.687438 3.587981 0.3843004 181 190 190
-2.26265 3.943355 3.021404 176 175 173
-1.913319 3.872843 3.130625 196 197 200
-2.080355 3.854563 3.163177 192 192 194
3.084918 3.913646 2.58529 163 159 150
-2.424355 3.794131 3.305658 184 182 183
-1.463626 3.796709 3.234113 205 207 210
-2.390477 3.759684 3.426306 183 183 181
-2.463196 3.75705 3.400986 200 200 201
-0.9548537 3.763882 3.249929 205 208 208
3.270697 3.786286 2.85857 158 152 142
-0.09452144 3.357825 0.585926 167 173 165
0.07462433 3.299159 0.5205151 147 148 143
-1.288861 3.625412 3.626125 207 207 209
3.317859 3.625509 3.122126 184 179 174
-1.547746 3.54057 3.867156 205 208 209
-1.303995 3.525037 3.718918 192 192 190
0.2943154 3.193151 0.5047702 124 125 119
-1.70476 3.43928 3.973073 211 213 216
-0.04227531 3.050782 0.5655589 121 126 115
-1.214948 3.239833 4.499885 199 203 203
-0.705291 3.175633 4.530709 202 202 202
-1.505941 3.123685 4.766449 201 201 201
-2.275011 3.097661 4.932539 208 209 212
-0.1169591 2.926589 0.5900102 126 132 122
-1.912579 3.058647 4.997506 188 188 190
-1.912579 3.058647 4.997506 188 188 190
-1.780411 3.039925 5.012904 192 192 194
-0.06755489 2.899388 0.539872 151 156 152
-1.313869 3.02971 4.964907 196 196 193
-0.1333367 2.799726 0.5378778 115 119 115
0.07841037 2.780915 0.4261527 137 141 137
-1.689248 2.783822 5.457484 187 185 186
-0.09575084 2.737406 0.4784954 133 139 133
0.03734811 2.702489 0.4098568 111 115 108
0.2457127 2.652006 0.3360851 122 117 103
-0.7366525 2.601885 0.6263536 101 99 77
-0.7541839 2.544762 0.6706867 115 115 91
0.1636411 2.384408 0.1360328 72 69 55
0.2059735 2.384288 0.1110758 133 135 126
0.2002141 2.353893 0.1280973 64 58 42
-0.2473368 2.353094 0.1349795 92 94 80
0.2652681 2.28823 0.0543131 150 151 143
0.122152 2.236654 0.04996708 120 124 121
-0.2642794 2.222613 0.06531379 104 106 95
0.2969941 2.195724 -0.06330635 149 152 144
0.2914981 2.197047 -0.06834319 149 152 144
0.5615146 2.184612 -0.2404663 108 106 97
0.08716822 2.111417 0.004942288 129 129 123
0.1820704 2.071928 -0.03220261 106 102 86
-0.2497617 2.057646 0.04217697 152 152 146
-0.0929114 2.003797 -0.03524991 98 102 95
-0.1657735 1.975764 -0.04128914 119 123 117
-0.1681842 1.977005 -0.04659725 119 123 117
-0.8908709 1.868459 0.4690008 176 155 135
0.2114619 1.953915 -0.2877544 140 145 143
-0.1905782 1.903758 -0.07760558 98 101 93
0.2544623 1.839107 -0.4001842 74 78 70
-0.2321326 1.758525 -0.1093412 136 139 136
0.1857927 1.80715 -0.3789181 144 144 135
0.08023607 1.714584 -0.3660152 168 169 164
-0.008908748 1.697452 -0.3148617 147 150 140
-0.09425948 1.664271 -0.3020143 144 145 143
-0.2741054 1.600779 -0.1463848 151 152 147
0.1651041 1.656379 -0.4246396 156 157 150
0.02628963 1.619095 -0.3906141 147 147 141
-0.09951125 1.599947 -0.3246981 110 107 92
-0.2271149 1.543356 -0.2747411 166 168 163
0.07463728 1.573108 -0.410651 117 114 100
-0.3036552 1.475815 -0.1560718 175 176 171
0.192364 1.563352 -0.4870189 87 87 79
0.01841668 1.53615 -0.4111376 106 103 88
-0.1808838 1.476155 -0.3379335 184 187 183
-0.3036887 1.426622 -0.1906516 179 184 180
0.07360679 1.490797 -0.4614247 124 127 125
0.02130171 1.492764 -0.4570189 95 96 90
-0.3519197 1.373222 -0.1219722 176 177 172
-0.2164849 1.395928 -0.316847 145 145 137
-0.1926129 1.390254 -0.3271196 124 121 106
-0.1198845 1.424867 -0.4731055 94 95 88
0.1357345 1.331566 -0.4785504 95 92 83
-0.006158508 1.31317 -0.4436195 106 102 89
0.0004381707 1.272061 -0.4183164 159 159 148
0.05887111 1.267009 -0.4315281 152 152 142
-0.2278182 1.207461 -0.2907236 143 143 133
-0.02529155 1.24043 -0.3969757 164 164 156
-0.178788 1.183575 -0.2904789 158 154 141
-0.3747752 1.125098 -0.1426218 186 183 166
-0.001080484 1.23101 -0.4106042 135 136 128
0.05504322 1.228866 -0.4358805 159 161 153
-0.4024028 1.080379 -0.1141289 136 139 136
0.02674279 1.19679 -0.4167357 131 127 116
0.02703455 1.074005 -0.3843623 109 113 107
-0.7672665 -9.509045 20.50008 223 232 165
0.03692157 1.033468 -0.3846942 119 121 113
-0.1872338 0.9411376 -0.2288369 162 164 156
-0.2758725 0.8285683 -0.08979551 155 157 148
0.05668447 0.9223856 -0.3384036 114 110 98
-0.27435 0.7811139 -0.0946129 106 108 102
0.09238238 5.159678 0.2781375 138 130 117
-0.5373481 5.111126 0.4011894 143 139 129
1.310521 5.127922 0.2181235 119 108 91
-0.6302294 5.083401 0.4602011 149 143 135
0.4212229 5.08286 0.3758954 135 128 112
1.034628 5.085786 0.3081015 135 126 111
1.231652 5.070306 0.3160009 146 137 122
-0.6965984 5.039913 0.5551176 153 147 139
-0.91011 5.02364 0.5914449 158 155 148
0.9281029 5.054047 0.4101037 132 123 108
-0.8664513 5.011699 0.6217439 161 157 151
0.2108493 5.00877 0.5339486 104 96 80
-0.818112 4.984106 0.6798202 155 150 144
-0.818112 4.984106 0.6798202 155 150 144
1.652838 4.997238 0.4765317 136 128 116
1.639687 4.987816 0.4595941 136 128 116
-0.05123036 4.959062 0.6639559 134 126 114
-1.448162 4.945053 0.8614687 171 170 168
-0.9925204 4.936352 0.7998441 168 165 159
-1.353676 4.919378 0.8691684 187 187 187
-0.1221599 4.930113 0.7310659 132 126 116
-1.470136 4.912473 0.8942988 177 175 174
1.202439 4.949909 0.5819172 106 94 74
-1.346684 4.889531 0.9309282 183 183 182
-1.580445 4.890789 0.954839 180 180 182
1.057727 4.920369 0.6563565 115 105 88
-1.151182 4.889317 0.9177407 54 46 34
-1.022041 4.86073 0.9624643 164 159 158
-0.3183545 4.858607 0.8985258 100 93 81
1.6495 4.883257 0.6828275 113 104 89
1.651519 4.883046 0.6803648 113 104 89
1.784106 4.876582 0.6813292 123 116 103
-1.568564 4.822682 1.089656 179 178 178
-1.649095 4.816793 1.104341 169 166 162
-1.764695 4.813488 1.120051 165 164 162
-2.075553 4.808179 1.158409 187 186 184
-2.005926 4.804225 1.159292 186 183 185
-1.085335 4.810974 1.06192 168 167 165
-1.558472 4.807878 1.119537 160 157 153
-2.411044 4.767069 1.24616 189 187 186
-1.837857 4.747513 1.266623 177 176 175
-1.8368 4.748186 1.266386 177 176 175
0.9705967 4.785034 0.9504876 117 107 93
-1.82839 4.729871 1.302735 153 148 143
-2.062964 4.717597 1.347793 178 175 174
-2.170711 4.709006 1.357825 185 183 183
-1.8676 4.710917 1.350269 181 179 177
-2.494559 4.711701 1.426386 188 186 187
1.281021 4.74638 0.9993027 119 112 96
-1.25641 4.692913 1.306985 179 179 179
-1.878067 4.690533 1.38763 158 153 150
-1.317227 4.688982 1.347588 185 185 185
-1.925019 4.673215 1.427725 152 148 145
1.785466 4.710369 1.051708 134 130 121
-1.841355 4.653945 1.458127 177 176 175
-1.841355 4.653945 1.458127 177 176 175
0.9640231 4.688102 1.155687 117 107 93
-1.318364 4.626406 1.48186 164 163 158
-1.318773 4.625252 1.48169 164 163 158
1.908099 4.674633 1.10213 131 126 113
2.005025 4.668579 1.094529 137 133 124
-2.18793 4.610622 1.584711 166 162 157
1.792093 4.649624 1.162641 129 121 109
-1.72744 4.595314 1.580232 190 194 196
-1.729076 4.59318 1.570323 190 194 196
-2.08576 4.577004 1.654553 156 152 150
-1.717289 4.560894 1.655307 194 194 196
-1.389262 4.562464 1.612228 188 188 188
-1.351098 4.520832 1.702503 169 165 164
-1.535995 4.517899 1.727171 189 189 188
-0.4498686 4.027088 0.1159935 141 144 137
-1.733118 4.512063 1.739598 177 177 176
-1.619462 4.494706 1.781592 204 204 204
1.80047 4.538802 1.397225 141 135 125
-2.291974 4.478827 1.874047 191 189 190
-2.292401 4.478271 1.877269 191 189 190
1.445418 4.49863 1.515777 125 117 107
-1.242441 4.459511 1.824814 188 188 189
-1.180587 4.452443 1.836713 187 187 187
-2.328429 4.423519 1.99649 174 170 166
-2.463544 4.404039 2.042138 201 200 202
1.786468 4.462335 1.581399 145 140 134
-1.33422 4.403715 1.935305 194 194 194
-0.6665201 3.868529 0.1284337 107 104 92
-1.788558 4.372025 2.048869 194 194 194
-0.9001095 3.937098 0.4808577 159 164 162
2.097331 4.404557 1.643839 136 133 123
-1.407758 4.346448 2.079168 198 198 198
2.055177 4.40001 1.767576 160 154 148
-1.971852 4.313809 2.18264 201 201 203
-2.582442 4.308316 2.246213 199 199 201
-0.3453122 3.817627 0.1349147 129 130 128
1.965641 4.363194 1.750728 158 155 149
-2.230896 4.274433 2.322137 199 199 201
-2.230896 4.274433 2.322137 199 199 201
-0.4917455 3.747194 0.1512493 112 113 104
-1.909996 4.243102 2.309346 169 165 164
-1.908167 4.249582 2.328598 169 165 164
-2.309137 4.216444 2.400958 196 196 198
-1.473884 4.212226 2.36496 199 199 199
-2.392778 4.177974 2.495103 198 198 200
2.164105 4.231314 2.021066 169 165 162
-2.276301 4.169632 2.530638 199 199 201
2.28378 4.227 2.015676 162 154 150
-0.6859388 3.67422 0.2190408 120 123 114
-0.6391848 3.669108 0.2046025 101 98 85
-0.5379639 3.669578 0.2130594 143 145 138
-2.556254 4.140397 2.620382 196 195 199
2.184886 4.203641 2.079093 145 140 135
-2.475418 4.110625 2.619558 198 197 201
-0.1202262 3.652889 0.3205139 88 84 70
-0.5586329 3.598999 0.2766183 142 147 140
-1.959634 4.064957 2.717703 173 169 163
-1.104475 3.862171 1.895446 209 213 215
2.24769 4.073677 2.354474 168 163 158
-2.108668 4.008143 2.83273 175 174 172
-0.3952395 3.575424 0.4283279 169 175 171
-2.014741 3.986954 2.879294 186 186 188
-0.1577495 3.549855 0.3865488 134 136 127
-0.1618029 3.551348 0.37622 134 136 127
-1.346058 3.95742 2.914258 205 206 209
-1.50114 3.90115 3.039929 191 191 190
-2.234329 3.858067 3.157527 200 202 205
-0.2108379 3.436499 0.6053833 162 171 166
-2.311618 3.770489 3.340045 198 201 202
-1.399525 3.783391 3.307221 188 188 190
3.290549 3.815026 2.783322 157 152 141
-2.323984 3.72937 3.405549 182 182 182
-0.1624811 3.377627 0.6528077 144 150 137
-0.0567723 3.34869 0.5689059 132 135 118
-2.328536 3.689279 3.56678 198 201 201
-1.171274 3.689266 3.495042 209 211 214
-1.391812 3.675984 3.553317 211 213 216
-1.392553 3.672252 3.517635 211 213 216
-1.232588 3.654143 3.532129 205 207 209
-1.347844 3.650514 3.56341 191 191 191
3.140098 3.705028 3.122984 182 176 172
-0.9940794 3.64265 3.547944 203 203 203
3.309282 3.695544 3.08916 158 152 142
-1.108339 3.610425 3.620536 207 207 209
-0.8292903 3.608315 3.586561 206 209 208
-1.714171 3.564325 3.867279 181 181 179
-2.03785 3.553651 3.876793 208 212 216
-2.03785 3.553651 3.876793 208 212 216
-0.7014795 3.5648 3.681037 207 210 211
3.517649 3.578412 3.305507 165 159 153
-0.1897947 3.188724 0.7791244 167 179 174
-0.1883624 3.190948 0.785837 167 179 174
-0.06753418 3.16494 0.6338929 129 136 121
-1.155766 3.442027 3.962347 210 213 214
-0.1128591 3.149434 0.6630706 122 126 113
0.02206541 3.140004 0.5662844 150 155 151
0.02206541 3.140004 0.5662844 150 155 151
-0.5824483 3.41871 3.971451 203 203 202
-1.43778 2.916746 -1.414269 186 186 188
-1.856039 3.386214 4.259176 203 206 207
0.04470009 3.108643 0.5461189 120 124 114
-1.742766 3.326962 4.243063 203 203 203
-0.3272231 3.063308 0.7626611 157 164 149
-0.1257058 3.282923 4.221079 212 215 214
-1.892492 3.260925 4.516197 207 207 209
-2.234349 3.219404 4.486666 208 210 212
-1.856344 3.215916 4.457435 193 193 193
-1.856344 3.215916 4.457435 193 193 193
-2.420019 3.196284 4.570458 169 170 171
-2.229457 3.167573 4.726117 177 179 180
0.1008229 2.971612 0.4868319 107 111 102
0.0745314 2.951779 0.4868148 134 138 135
-1.227159 3.081538 4.834569 198 198 198
1.176488 2.859457 0.9032294 82 78 58
-1.330209 2.861857 5.35445 207 211 211
-0.161175 2.793659 0.5472377 119 124 116
0.003877235 2.704808 0.4201394 141 144 139
-0.03420778 2.693962 0.4282498 144 144 135
0.06502431 2.68786 0.3908758 139 140 132
-0.3242429 2.684724 0.4302634 88 90 77
0.04462741 2.642841 0.37354 145 143 129
-0.4285103 2.58555 0.3538349 107 107 95
-0.1007864 2.548206 0.2796346 65 66 56
0.001939115 2.459624 0.2105019 125 127 121
-0.3290561 2.433031 0.2026962 65 68 52
0.349644 2.415054 -0.02556342 102 106 101
0.3476192 2.41706 -0.02891494 102 106 101
0.2452619 2.407823 0.06466787 114 114 102
0.3714536 2.404806 -0.06585212 150 151 148
-0.2328979 2.376194 0.146763 78 81 70
0.0127411 2.323279 0.1200338 101 101 95
-0.6269726 2.311574 0.2763013 128 130 106
0.3443483 2.293756 -0.1054562 139 144 143
0.09170318 2.244255 0.06902132 132 135 133
0.24953 2.219046 0.002126957 139 143 135
-0.9210802 2.080621 0.5800956 142 134 120
0.3150835 2.180786 -0.09000402 77 77 69
0.3957373 2.151073 -0.1676881 31 30 17
0.452599 2.110684 -0.2678577 86 86 79
-0.3724941 1.99883 0.1182121 177 174 154
-0.2829195 2.013067 0.01052816 135 138 132
0.02653908 2.010036 -0.04606173 129 129 125
-0.03873319 1.98349 -0.05562055 130 131 126
0.3267952 2.051744 -0.6259359 85 83 69
0.1508406 1.96874 -0.2429292 106 109 106
0.2489641 1.969196 -0.2940697 89 92 87
-0.4992177 1.829549 0.3288446 160 161 152
0.1639723 1.950233 -0.2592125 133 138 136
0.1859334 1.941121 -0.2717544 112 117 113
0.1566821 1.896652 -0.2961554 140 143 135
-0.4690984 1.53994 1.055778 118 121 113
-0.2427829 1.782757 -0.1009973 111 116 109
0.1427059 1.824003 -0.3376338 141 146 144
0.2422185 1.787588 -0.4259527 147 151 144
-0.2447083 1.703865 -0.1245302 140 143 137
0.1820979 1.752637 -0.3931949 96 94 81
0.04456428 1.728513 -0.330632 154 152 138
0.1348238 1.72381 -0.3861685 115 115 106
0.05632813 1.706486 -0.3417212 128 128 121
-0.005937013 1.663242 -0.352679 140 145 142
-0.1305833 1.639183 -0.2964918 149 153 147
0.2083169 1.670299 -0.4561269 146 149 144
0.1556834 1.629246 -0.4223533 49 46 37
0.2524279 1.64798 -0.4857005 93 91 80
-0.09845562 1.578812 -0.3461108 141 139 128
-0.02249371 1.571605 -0.3845688 142 146 143
-0.04462761 1.568219 -0.3875557 61 59 45
0.3593455 1.535834 -0.423099 70 66 53
-0.2539923 1.490056 -0.2555971 145 151 151
0.1182268 1.536081 -0.4655221 146 152 149
0.31897 1.520411 -0.4425371 112 111 101
-0.1973462 1.466706 -0.3018611 104 96 82
0.1545341 1.526524 -0.4961422 133 139 135
-0.1175589 1.504107 -0.4277498 128 132 128
-0.04479551 1.470454 -0.4639438 101 105 104
-0.1084109 1.443047 -0.4745256 124 127 121
0.1688618 1.42836 -0.4879469 72 66 52
-0.3400316 1.275131 -0.2153703 178 184 185
-0.0643497 1.356858 -0.4648876 140 139 125
-0.0679006 1.323184 -0.4386645 87 82 68
0.1669474 1.312211 -0.4972221 147 149 139
-0.459985 1.109735 0.01195743 120 120 112
-0.04750094 1.216205 -0.3781076 166 171 162
-0.3050566 1.135604 -0.2317905 128 131 124
0.01016587 1.15733 -0.3790946 124 122 111
0.07949293 1.176669 -0.4435411 170 173 168
-0.1731296 1.087579 -0.3028356 153 157 149
0.09497863 1.119208 -0.4439823 123 123 115
-0.2168772 1.017391 -0.249439 160 166 162
-0.2471473 0.9910521 -0.1983591 181 185 181
-0.2268014 0.9417093 -0.1935754 174 177 172
-0.207046 0.914724 -0.2150587 143 143 139
-0.1593317 0.9087791 -0.2244531 118 114 100
7.99087 -13.60863 23.9504 200 217 131
0.5290213 5.265506 0.0473171 144 136 121
0.3916134 5.248835 0.05639898 135 127 114
0.7364016 5.257394 0.03427688 147 140 124
0.06492867 5.222775 0.1247718 104 95 80
0.6450682 5.226029 0.1070566 146 139 126
1.176673 5.188228 0.07528754 142 132 117
0.9777867 5.194818 0.140053 138 129 114
0.4394237 5.14956 0.2673763 140 133 119
-0.07098345 5.121975 0.3297934 142 134 122
-0.02120086 5.10572 0.3517607 130 122 109
-0.02035849 5.105186 0.3536218 130 122 109
1.374252 5.117744 0.2060142 138 129 114
1.307235 5.134164 0.2617588 117 106 89
-0.5449231 5.077128 0.4553013 107 100 86
-0.08781473 5.082991 0.4129812 22 10 1
1.172443 5.09076 0.284807 115 105 86
-0.06292865 5.052371 0.4698107 143 135 124
1.212348 5.066436 0.3337519 105 96 76
1.231542 5.054837 0.3518636 137 127 113
-0.6694528 5.02001 0.5838557 155 150 143
0.9001531 5.047397 0.4345927 135 128 114
-0.8191057 5.013491 0.6151782 151 146 140
1.103047 5.038145 0.3938737 128 119 105
-0.7678804 5.002703 0.629568 151 147 140
0.2792063 5.014897 0.5188862 125 117 105
-0.875977 4.998855 0.6549687 159 154 149
0.3016245 5.013742 0.5231619 105 97 79
-1.047005 4.992234 0.683897 170 166 163
-1.007382 4.986111 0.683521 164 160 157
-0.715335 4.974619 0.687152 129 123 113
0.4067487 4.969084 0.6018706 131 126 113
-0.429423 4.946667 0.7244138 140 134 126
-0.2046987 4.947758 0.7013731 117 109 99
-0.7499698 4.935938 0.7779016 161 159 153
1.473182 4.959606 0.5339729 144 134 119
-0.910815 4.923219 0.816318 157 151 146
1.58342 4.96022 0.5550789 131 123 110
-0.7846308 4.912875 0.8252271 151 148 141
-1.394251 4.902141 0.8983601 180 180 179
1.170882 4.937435 0.6113524 122 114 98
-1.328369 4.901163 0.9008535 180 179 179
-1.666978 4.890701 0.950994 146 143 140
1.097944 4.92716 0.6377955 116 105 89
1.020945 4.92016 0.6805547 106 95 76
1.784219 4.923934 0.5897453 136 128 117
-1.721535 4.872843 0.9938934 150 145 142
-1.660517 4.868377 0.9984618 146 141 138
-1.091723 4.867351 0.9456375 142 139 133
0.9398666 4.887855 0.7333488 130 121 107
0.9401746 4.888362 0.7344446 130 121 107
0.8927528 4.88688 0.7392166 118 109 95
-1.629793 4.850389 1.024523 157 152 147
0.9687903 4.887864 0.7309511 95 85 65
0.1933646 4.872559 0.823823 120 113 104
-0.9297235 4.854236 0.9650255 139 135 130
-1.507855 4.845988 1.032181 155 152 149
1.940475 4.902015 0.6506329 136 128 118
-1.058219 4.848656 0.9920773 141 138 130
1.380022 4.880296 0.7073027 135 130 118
-1.532907 4.838129 1.04701 181 179 180
0.8467131 4.868574 0.7809537 99 88 69
0.8455271 4.869431 0.7799187 99 88 69
-1.805131 4.833268 1.08237 180 176 175
-1.897105 4.832102 1.088729 191 188 189
0.2106143 4.858984 0.8644737 71 63 46
-1.032411 4.819827 1.040243 149 146 140
-1.001008 4.819427 1.044734 166 165 163
0.8741899 4.841473 0.8335411 127 119 106
1.980541 4.848513 0.7213633 96 87 75
-2.330457 4.789416 1.215851 190 189 187
-1.673878 4.79654 1.159085 182 180 178
-0.3856336 4.80676 1.008232 108 102 94
0.1408247 4.800822 0.9806055 104 99 91
-0.9862973 4.777187 1.11802 175 175 176
-0.9265835 4.778134 1.121628 138 133 129
-1.878569 4.760808 1.241782 187 186 186
-1.927768 4.762047 1.243633 185 184 181
-1.689445 4.761436 1.223426 157 153 150
-2.045493 4.758838 1.262981 186 186 188
-1.799917 4.758119 1.241994 141 135 128
0.7714546 4.785789 0.9509315 93 82 64
-2.005721 4.749316 1.276183 172 171 169
-2.148224 4.745587 1.30229 189 187 188
1.943926 4.795969 0.8283588 143 139 130
-1.245305 4.745873 1.222482 176 176 174
-1.788365 4.740036 1.284808 159 154 151
-2.297986 4.726658 1.344996 190 189 190
-1.871979 4.725357 1.32538 161 157 153
-1.869735 4.723591 1.32092 161 157 153
-1.913946 4.718796 1.3336 186 184 185
-1.807008 4.710849 1.342227 184 182 183
-2.246801 4.694859 1.372907 191 191 188
-1.4845 4.704545 1.334369 194 194 196
1.919181 4.744211 0.9487695 109 104 90
-1.5837 4.692596 1.357015 172 170 169
-1.8245 4.692261 1.387079 166 162 161
0.4680074 4.713983 1.130617 71 58 34
0.6946049 4.71964 1.11285 101 91 77
0.6965662 4.719596 1.115018 101 91 77
-1.404462 4.685434 1.362972 174 174 173
-1.897015 4.679829 1.415164 187 189 191
-1.896334 4.680179 1.415267 187 189 191
-0.924837 4.686293 1.31933 159 155 153
-1.826993 4.677233 1.415268 195 195 195
1.998437 4.720841 0.9953068 139 131 120
1.916982 4.720964 1.008314 109 104 91
-1.522507 4.647233 1.448766 191 191 191
-1.523284 4.653154 1.460488 191 191 191
0.5783894 4.682378 1.231679 91 81 67
-1.30314 4.644054 1.436108 179 179 179
-1.915039 4.641052 1.49861 162 158 154
-1.652292 4.638316 1.484636 198 198 199
-1.274134 4.637849 1.451186 167 167 164
-1.602925 4.614524 1.524067 194 194 194
-1.603043 4.614836 1.525008 194 194 194
0.5782415 4.635926 1.294942 64 52 30
-1.326424 4.578403 1.582777 167 166 162
-2.135024 4.564055 1.677443 186 184 182
-2.270904 4.538944 1.742636 181 180 178
-1.63283 4.527463 1.711325 189 189 186
-2.180436 4.485744 1.843525 183 181 182
-1.590131 4.479614 1.808505 171 170 165
-2.564597 4.471718 1.925484 192 190 191
-2.577914 4.439904 1.974964 190 188 189
-1.890418 4.44276 1.916633 196 196 196
-1.415941 4.444079 1.8658 187 186 183
-0.6490456 3.921037 0.1143116 118 117 110
-1.149034 4.433341 1.878517 190 192 194
-1.935756 4.390726 2.025895 184 184 184
-1.07983 4.288157 1.626659 135 136 121
-0.7042277 3.857813 0.1333438 125 125 117
-1.75339 4.36192 2.060779 175 175 171
-1.35955 4.367703 2.021384 197 197 197
-1.58566 4.366488 2.057753 172 170 165
-0.5492054 3.841165 0.1002578 74 79 76
-2.335347 4.336094 2.146659 196 196 196
1.642417 4.389778 1.7303 137 135 127
2.367499 4.386987 1.678834 159 156 149
-1.707929 4.317473 2.174467 79 74 57
2.34214 4.369287 1.717804 155 150 144
1.720871 4.373673 1.859754 147 144 138
2.43428 4.372358 1.728339 156 151 146
-1.865631 4.294294 2.224538 186 185 186
-1.768768 4.277493 2.240992 185 184 182
-2.062092 4.268041 2.284831 196 196 196
2.29793 4.332452 1.808064 157 151 147
-2.316352 4.268597 2.329644 201 201 204
2.655861 4.319506 1.713089 162 157 152
-1.534983 4.264507 2.275359 192 191 189
-1.82082 4.247203 2.319119 184 182 181
-0.7174817 3.745162 0.2035462 89 80 60
-1.669589 4.241358 2.326218 147 146 140
-0.8874279 3.73865 0.2319784 137 142 130
-0.9141592 3.741988 0.2607712 128 130 118
-0.6671609 3.728492 0.1761063 174 176 174
-0.4174915 3.718948 0.1687844 141 142 135
-0.8090662 3.71738 0.2292584 152 158 156
-2.136976 4.205753 2.447632 193 193 196
-2.141017 4.20851 2.446777 193 193 196
-2.060632 4.192114 2.446602 196 198 199
-2.037369 4.186225 2.487638 174 173 171
-2.263005 4.140443 2.583024 181 181 181
-0.2692032 3.685747 0.29023 106 99 82
-2.171565 4.120422 2.623025 199 203 203
-0.7148772 3.639483 0.2796551 152 156 150
-2.217523 4.114483 2.643692 173 171 173
-2.217117 4.114779 2.643324 173 171 173
-0.3815092 3.600075 0.1153555 81 77 61
-0.170094 3.656636 0.3174856 127 127 119
2.170453 4.152263 2.226981 165 162 156
-0.2907592 3.628691 0.3345714 98 95 83
-1.937076 3.904094 3.112528 179 179 179
2.797716 3.959236 2.558826 146 143 135
-2.539876 3.854449 3.237105 198 198 200
-0.2475719 3.472875 0.5616154 171 180 177
-2.509606 3.811882 3.311655 200 200 204
-2.362045 3.8098 3.353045 194 197 198
-1.000191 3.79757 3.196247 180 180 178
3.228554 3.840222 2.736481 186 181 176
-1.178332 3.780463 3.238695 205 205 207
-2.284389 3.739815 3.481328 196 198 199
0.2987351 3.372669 0.471284 104 102 88
-0.9820629 3.748593 3.292576 211 211 213
-1.036373 3.736485 3.325405 208 211 212
-1.036605 3.737465 3.329411 208 211 212
-1.69377 3.718686 3.406854 181 185 179
-1.69381 3.729022 3.481788 181 185 179
-1.59858 3.720638 3.413655 207 211 213
-1.149374 3.717263 3.371394 189 189 187
2.941931 3.777023 2.962995 164 159 153
-1.575845 3.69709 3.443918 187 190 191
-1.652176 3.691627 3.499547 209 211 214
-1.656194 3.688548 3.484359 209 211 214
-2.484022 3.643798 3.630026 208 210 213
-2.244605 3.613833 3.682165 190 192 194
-2.064351 3.619457 3.715449 204 208 210
-1.354642 3.540652 3.768873 204 206 207
-2.02318 3.505893 3.852261 191 194 195
-0.4035231 3.508141 3.771559 189 189 184
-0.6797934 3.473368 3.848279 208 212 212
-0.2524868 3.170953 0.8995974 144 151 133
-1.382677 3.421296 3.976279 184 185 180
-2.200215 3.401941 4.242689 204 208 210
-0.8384277 3.403275 4.063616 181 182 177
-1.655578 3.367861 4.277519 208 210 211
-2.164961 3.332487 4.36501 189 188 186
-0.05478951 3.083983 0.6068094 149 154 148
-0.9786243 3.350155 4.16607 187 187 184
0.1725793 3.054586 0.4960988 111 115 107
0.1725793 3.054586 0.4960988 111 115 107
-0.8379139 3.303957 4.24985 204 207 206
-0.908631 3.263936 4.371848 205 205 205
-2.032626 3.224952 4.457811 191 195 196
-1.378221 3.201605 4.61207 177 177 173
-1.605645 3.175397 4.711089 197 197 197
-1.934241 3.10864 4.689155 206 210 214
-1.829552 3.070868 4.759313 204 206 207
0.1029332 2.886639 0.4544185 95 101 91
0.2407086 2.877937 0.4317033 91 93 83
-0.9285659 2.98807 4.899089 211 214 215
-0.09435607 2.859795 0.5392783 143 147 142
-0.5177666 2.969705 4.92339 193 194 189
-1.183593 2.956654 5.114281 207 209 210
-0.1140648 2.845689 0.543575 97 102 93
-0.1629531 2.829796 0.566471 108 114 104
-0.3939663 2.913845 5.028162 179 179 173
0.0433406 2.828361 0.4503953 131 137 135
-1.365179 2.89967 5.263834 190 187 186
-0.2837625 2.814066 0.6359164 120 126 120
-1.360702 2.813049 5.409256 187 187 187
0.1858378 2.776211 0.3978809 141 144 142
-0.06593169 2.765855 0.4763755 130 133 123
0.1974082 2.760328 0.3885112 102 106 100
0.2153419 2.744444 0.3826284 96 100 94
-0.887389 2.714719 5.531229 190 189 187
-0.2303856 2.720307 0.4642847 82 84 71
-0.7394772 2.636291 0.6358091 121 120 97
-0.09993687 2.633525 0.3691504 101 104 95
-0.1571892 2.635298 0.3620018 108 109 101
-0.2582048 2.463551 0.2207469 66 68 54
-0.09386043 2.45448 0.2053517 84 88 77
-0.6493763 2.399272 0.5509862 158 158 148
-0.4361826 2.411677 0.1989341 74 75 59
0.370073 2.418998 -0.04166107 158 162 155
-0.003986666 2.392787 0.163419 117 119 113
-0.002666654 2.39539 0.1660718 117 119 113
0.3440691 2.392364 -0.04130508 141 146 140
-0.3601409 2.360616 0.1483838 71 74 58
0.1671718 2.35102 0.1167761 108 109 103
0.1531935 2.309849 0.07887357 76 76 64
1.334531 2.278331 0.3466 59 55 41
0.008046599 2.285302 0.09496034 97 98 91
-0.7076445 2.191297 0.4921056 143 140 125
-0.7076445 2.191297 0.4921056 143 140 125
-0.7675339 2.165727 0.5325817 96 96 81
0.1475503 2.215795 0.04696768 94 96 88
0.008442947 2.175256 0.04000583 89 92 84
-0.1296034 2.174033 0.03431384 99 101 93
-0.6726764 2.094244 0.4068853 107 105 82
0.3707651 2.159051 -0.1739687 114 113 105
0.1960883 2.131128 -0.05944744 162 167 163
0.153306 2.121428 0.001039256 106 103 88
0.4827684 2.140474 -0.2421989 44 44 40
0.4563065 2.134596 -0.2063164 82 77 61
-0.05708018 2.101151 -0.001684601 127 131 124
-0.05987122 2.077505 -0.007896976 112 116 110
0.2097354 2.080446 -0.03995021 159 156 144
-0.2664247 2.046435 0.09316318 149 150 142
-0.3956705 2.034641 0.1273773 154 154 144
0.2318429 2.057851 -0.08255299 109 107 97
-0.2121521 2.041425 0.00776855 155 157 150
0.2546741 2.050344 -0.1346063 110 106 97
-0.1653256 2.020354 -0.01516832 133 136 133
-0.4397108 1.941261 0.1539591 165 169 161
0.044475 1.941601 -0.07369056 132 132 124
0.2233099 1.974287 -0.2843998 136 139 135
0.06685049 1.916428 -0.1839144 151 156 154
-0.1937793 1.896013 -0.07792199 97 98 91
0.011942 1.889549 -0.09793717 120 119 107
0.1396956 1.889097 -0.2868536 94 95 87
-0.0973396 1.846951 -0.1011335 102 106 100
-0.09616691 1.846012 -0.1014568 102 106 100
0.1741387 1.885421 -0.3045641 139 143 137
-0.1646071 1.835381 -0.09603395 126 131 125
-0.08217374 1.816645 -0.1142359 102 105 99
0.1729987 1.836893 -0.3656279 130 133 130
-0.1440613 1.769273 -0.1168434 139 141 135
0.08175432 1.785793 -0.3397308 137 138 131
0.02044817 1.779603 -0.3159545 165 164 157
-0.2085406 1.717736 -0.1238893 136 136 134
-0.3983251 1.684096 -0.07266749 137 139 128
0.09045718 1.751777 -0.3533886 169 169 157
-0.4165471 1.661336 -0.0604037 112 117 103
0.1567481 1.745604 -0.3982585 130 131 124
-0.03009486 1.691141 -0.3040819 130 125 112
0.432108 1.709905 -0.4072599 62 58 45
-0.00221036 1.68561 -0.3444582 114 114 109
0.1408299 1.694968 -0.3944038 165 165 156
0.06371422 1.685609 -0.3558552 140 142 133
-0.1040862 1.670375 -0.2949574 149 151 149
-0.1585066 1.648273 -0.2821672 153 157 155
-0.04318256 1.625543 -0.3625282 166 169 168
-0.03539446 1.588617 -0.3786436 148 152 148
0.1177334 1.580666 -0.4438125 129 134 133
0.1715735 1.588448 -0.476867 146 150 147
0.07739032 1.539317 -0.4156873 115 116 110
0.09200977 1.538947 -0.4373756 148 149 144
-0.1989261 1.416594 -0.319774 148 148 140
-0.3679073 1.331431 -0.1039562 175 178 175
-0.08903608 1.434974 -0.4850295 121 127 125
-0.1411251 1.41082 -0.4497108 155 160 151
-0.3643588 1.280019 -0.1088287 189 191 183
0.4180649 1.381242 -0.4372502 122 118 105
-0.416028 1.228833 -0.03766234 153 157 149
-0.3995816 1.237966 -0.05977487 183 184 178
0.1195629 1.377891 -0.449582 30 27 19
0.1383635 1.360979 -0.4712262 144 141 131
0.187463 1.368113 -0.5071694 85 81 72
-0.4038109 1.208582 -0.09854146 167 172 170
-0.4599234 1.135168 0.01833153 118 120 112
-0.22033 1.266232 -0.336244 151 156 152
0.06604695 1.29232 -0.428855 147 146 128
-0.5915812 1.836828 -1.65135 149 152 149
-0.3262682 1.142217 -0.1957342 175 172 155
-0.02324501 1.207117 -0.3925939 140 140 133
0.06037889 1.158224 -0.427223 147 149 147
0.04878978 1.127097 -0.4130101 176 182 176
-0.2785845 0.8609354 -0.07901973 142 146 140
-0.2618256 0.8541882 -0.1094041 144 150 146
0.07706018 0.9518247 -0.3505571 175 176 168
-0.05658949 0.8879074 -0.2517492 160 165 161
-0.2325793 0.7798569 -0.09850719 133 133 123
-0.1773123 0.7465515 -0.10026 127 127 117
0.1345451 0.8575704 -0.3742556 143 146 139
0.002359457 0.7511104 -0.1906642 183 184 175
0.1225622 0.8410484 -0.3668459 122 119 109
0.06974573 0.7646611 -0.2686795 169 173 165
0.09360791 0.7621595 -0.2832572 172 174 168
0.4983186 5.25747 0.0497257 144 137 121
0.7024491 5.234978 0.02294568 58 50 37
-0.04067277 5.1868 0.1862672 151 142 129
0.1614964 5.177792 0.2056135 135 126 114
0.3923192 5.16721 0.2349845 140 133 120
0.0925015 5.163431 0.2794894 140 132 119
0.8327391 5.170159 0.2134393 135 127 112
-0.1686478 5.134891 0.3034115 128 119 107
1.126328 5.170039 0.1964968 141 132 117
-0.04087972 5.127483 0.3392581 140 132 120
-0.5090258 5.111327 0.4038492 145 138 130
1.198828 5.143738 0.2119049 131 121 105
0.4355829 5.123411 0.2917004 139 134 120
0.3907956 5.119773 0.3121663 143 135 122
-0.04847531 5.10121 0.3668297 142 134 123
0.5517167 5.110225 0.3007388 18 10 3
0.5517167 5.110225 0.3007388 18 10 3
-0.1423668 5.098915 0.4033594 115 106 92
0.3462056 5.094509 0.3619971 136 128 115
1.265432 5.1248 0.284886 132 124 106
0.2519762 5.080605 0.3715821 133 125 112
0.01020129 5.080904 0.408323 12 7 2
1.117136 5.086165 0.2981999 142 133 119
0.1735751 5.06797 0.4164813 136 128 115
0.9731994 5.0873 0.3436009 135 127 111
0.2613288 5.064482 0.4421838 106 98 81
-0.0978752 5.049569 0.4708552 137 131 122
-0.6207612 5.053322 0.5459129 148 143 135
1.121825 5.047178 0.3846925 136 126 111
1.186968 5.058226 0.3943761 139 130 115
1.04607 5.049048 0.4085689 131 120 103
-0.893046 5.016157 0.6321281 163 159 155
-0.8933381 5.014716 0.6310238 163 159 155
0.2980897 5.025965 0.4913577 132 124 112
-0.9864359 5.011343 0.6512775 165 162 156
0.2317402 5.025587 0.5071399 134 126 114
-1.165948 5.002687 0.6704822 178 175 171
1.10787 5.031696 0.4164374 107 96 79
1.639088 5.063768 0.4053404 143 136 122
0.243941 5.010007 0.5234988 129 121 109
0.8771874 5.018564 0.4731787 96 83 62
0.8748015 5.015185 0.4682857 96 83 62
-0.6797482 4.990656 0.6485862 145 141 134
0.2803092 5.01639 0.5870306 127 119 107
0.2913592 4.997072 0.552377 100 92 80
-1.334949 4.96362 0.7640433 173 169 167
1.113379 4.995588 0.4880217 132 123 109
-0.8065025 4.967288 0.7162735 124 120 111
-0.7328137 4.949944 0.7286113 144 139 133
-1.254539 4.937556 0.8073948 185 185 185
0.1935501 4.952223 0.6531631 99 91 78
-0.889925 4.93714 0.7874647 159 156 149
1.165363 4.966615 0.5464972 104 91 73
-0.2966685 4.938897 0.7336236 138 132 124
1.791736 4.967035 0.4905148 141 133 121
-0.8659117 4.91995 0.8133209 160 157 150
1.23063 4.951574 0.5737134 126 115 98
-0.763501 4.919626 0.8023818 123 116 105
-1.525746 4.91343 0.8941273 176 172 172
0.3254147 4.926519 0.6921024 100 92 80
-1.578626 4.902834 0.9205062 19 16 9
-0.8875344 4.904635 0.8457016 158 155 149
-0.2012441 4.914089 0.7721501 128 120 109
-1.134427 4.90055 0.9064474 186 188 188
-1.637136 4.871883 0.9869241 186 185 186
-0.3357128 4.882867 0.8431424 134 127 119
-0.7875167 4.862752 0.9093457 136 132 123
-1.580752 4.857501 1.011564 171 167 164
-0.539189 4.864471 0.8981071 141 136 129
-1.072131 4.860131 0.9681558 157 153 151
-0.8144751 4.860015 0.9405309 156 155 153
-1.861508 4.848231 1.05539 180 178 180
-1.684521 4.845856 1.042525 176 176 175
0.997942 4.88579 0.7558611 120 111 95
0.8891063 4.880767 0.7611478 122 113 99
0.9105991 4.880479 0.7663969 98 90 69
-1.108208 4.849087 0.9943797 170 168 168
1.357964 4.882638 0.7045882 50 40 21
-1.310913 4.841515 1.02206 151 149 145
-1.312807 4.843236 1.02298 151 149 145
-0.3024634 4.85138 0.9167858 120 116 108
-1.55039 4.82992 1.071301 184 183 181
-0.2783991 4.838977 0.927727 117 112 103
-0.9278383 4.831202 1.008788 131 128 122
-0.927348 4.831554 1.009805 131 128 122
0.2009259 4.851957 0.8966375 114 108 98
-1.645389 4.809941 1.118138 176 175 172
-0.9004167 4.811405 1.046353 159 155 152
2.008727 4.841236 0.7386855 136 128 117
-1.696984 4.784746 1.177434 177 173 170
-1.875146 4.78382 1.194942 159 155 150
1.798534 4.832046 0.7745538 114 106 94
2.002361 4.832457 0.7673635 133 127 119
-0.4341924 4.789567 1.054076 111 107 98
-2.292522 4.776463 1.272787 37 35 25
-2.290732 4.770021 1.258553 37 35 25
0.9435526 4.809985 0.8973098 112 102 88
-1.005009 4.781914 1.128046 134 132 124
-1.960394 4.762883 1.246285 166 162 161
0.4491963 4.786792 0.9854864 86 79 62
-1.301288 4.758839 1.189444 180 180 179
-0.9481223 4.758668 1.168715 149 145 143
-0.9481223 4.758668 1.168715 149 145 143
1.96185 4.800925 0.8273678 111 105 95
-2.200091 4.739867 1.313235 193 192 192
0.5599306 4.772742 1.005141 58 50 30
-1.083246 4.743792 1.201779 164 163 160
-1.889124 4.732051 1.30668 184 182 183
-2.49751 4.732343 1.385359 187 186 184
-2.49751 4.732343 1.385359 187 186 184
0.8392403 4.761971 1.002288 88 76 60
0.9443399 4.75991 1.002051 112 103 88
-1.21324 4.722843 1.261589 175 175 175
-1.708615 4.707095 1.334871 191 191 191
-2.370578 4.704476 1.43365 184 183 181
1.91252 4.765899 0.9567325 133 128 117
-2.456041 4.678883 1.448581 188 186 188
-2.604883 4.68631 1.489542 194 191 193
1.960638 4.748042 1.007514 128 122 109
0.368911 4.704002 1.165758 67 56 31
-2.542126 4.659595 1.483742 192 191 189
-2.475455 4.663105 1.488333 189 188 186
-1.498567 4.671261 1.392264 198 198 200
0.4423314 4.697326 1.17823 65 53 33
0.5886783 4.690768 1.171643 73 63 43
-1.069307 4.661215 1.383525 153 149 146
-1.916131 4.652009 1.469858 186 186 184
-0.4963343 4.310355 0.4616296 133 138 131
-1.877421 4.632565 1.522381 187 187 187
-1.393775 4.627142 1.480814 190 190 190
-0.9899124 4.634408 1.440162 165 165 163
-1.412129 4.61208 1.512294 190 190 190
-2.027722 4.609133 1.600777 151 146 146
-1.923122 4.597626 1.586843 188 186 187
-2.21137 4.595969 1.619747 190 188 189
-2.005377 4.582928 1.630993 184 183 181
-1.482517 4.577136 1.591955 186 185 182
-2.165905 4.57213 1.675731 165 164 162
-0.8926182 4.562347 1.4667 114 114 107
-2.179508 4.558686 1.698103 191 189 190
-2.178937 4.557312 1.694573 191 189 190
1.315333 4.595251 1.319337 92 84 66
-1.448208 4.533508 1.682866 188 188 185
-1.806539 4.534859 1.713536 199 199 199
-1.37412 4.525018 1.688673 189 189 189
-1.381849 4.506315 1.733266 166 162 160
-2.246862 4.492413 1.845213 191 190 188
-1.30551 4.496626 1.751881 167 164 162
-1.838293 4.471986 1.853414 195 195 195
0.9123629 4.504498 1.546414 59 47 25
-1.174212 4.470327 1.792479 181 181 181
-1.468335 4.461982 1.837059 186 185 184
-1.54759 4.460407 1.845029 172 171 167
-1.168149 4.454679 1.834676 185 185 185
-1.674872 4.446136 1.884018 196 196 197
-0.3296241 3.95334 0.1494075 97 97 89
-0.3296241 3.95334 0.1494075 97 97 89
-1.616532 4.440159 1.896951 191 189 189
-0.5168602 3.923382 0.09500322 147 151 143
-1.507754 4.431076 1.909446 170 170 165
-0.4415575 3.913482 0.09482238 88 88 77
1.275863 4.452028 1.605728 83 75 58
-0.2966222 3.928449 0.1375944 82 80 68
-0.5345951 3.894855 0.09340771 139 145 141
-1.643997 4.406691 1.971331 191 191 189
1.257192 4.447139 1.64791 102 94 78
-2.299783 4.389327 2.06106 192 189 191
-1.441324 4.391564 1.985763 194 192 191
-0.6015779 3.874653 0.1280061 60 54 38
-1.254308 4.389233 1.9763 187 187 187
-0.619014 3.868762 0.1320675 124 115 98
-1.424629 4.376678 2.009901 189 189 187
-2.354722 4.366195 2.10879 199 199 199
-0.3625486 3.858696 0.1375237 127 129 124
-0.8064892 3.850188 0.1800755 104 110 109
-0.8965161 3.892786 0.4333938 128 132 126
1.472157 4.378219 1.766319 128 122 114
-1.695675 4.332202 2.136495 183 182 179
-0.6363105 3.811218 0.1552172 72 64 51
-2.029087 4.306814 2.193232 198 201 201
2.06318 4.367387 1.745845 113 109 95
2.065637 4.369683 1.752434 113 109 95
1.405533 4.354269 1.826018 69 65 51
-1.905754 4.292346 2.233017 73 76 65
-2.305736 4.28814 2.286459 43 47 31
-2.281859 4.278661 2.295703 195 197 200
-0.6517963 3.752377 0.1578532 170 175 173
-2.524351 4.240407 2.377378 194 194 195
-1.569501 4.2477 2.292271 190 189 187
-1.505302 4.250294 2.276364 180 179 177
-2.12463 4.227611 2.384722 200 200 202
-0.833671 3.726146 0.2143579 102 100 88
-2.191264 4.21548 2.406436 195 195 195
-1.72944 4.22254 2.366172 146 142 134
-1.729282 4.222712 2.364462 146 142 134
-0.8652607 3.713359 0.2347806 154 158 151
-0.7553635 3.713876 0.2599652 160 159 152
2.169232 4.247114 1.994609 145 142 133
2.167799 4.248886 1.992339 145 142 133
2.209636 4.244949 2.015024 167 163 160
-2.18093 4.173075 2.515892 195 195 197
-0.05378565 3.729485 0.3047113 98 96 87
2.176679 4.231047 2.021839 170 165 162
2.340372 4.227938 2.029313 139 133 125
2.813865 4.22689 1.956678 141 137 128
-0.04820482 3.715079 0.3091538 118 115 108
-1.019119 3.750731 0.6263678 143 142 124
-2.116872 4.147955 2.552073 192 192 194
-0.1498832 3.69436 0.2994717 126 128 120
-2.213374 4.130506 2.570119 196 196 198
-0.09155231 3.685209 0.3092526 113 108 95
-0.3676894 3.657222 0.241389 114 112 99
-0.658341 3.635078 0.2650592 146 151 149
-0.7424586 3.638239 0.3022487 168 175 166
-0.0877833 3.657784 0.3146439 123 118 107
-1.918182 4.096659 2.608459 194 194 196
-1.811399 4.098565 2.631695 173 172 170
-0.203016 3.64359 0.3323345 131 131 123
-1.826578 4.082127 2.66723 193 193 195
-1.992478 4.075185 2.702658 192 192 194
-0.3316106 3.62531 0.3359898 103 96 80
-1.499141 4.05636 2.67112 207 210 211
-1.482318 4.043319 2.715756 177 178 172
-1.192211 4.031208 2.712624 188 189 184
-1.757305 4.017946 2.794763 192 195 196
-0.3529107 3.579402 0.397531 161 163 160
-1.770871 4.004865 2.837932 208 212 216
-2.470551 3.975032 2.919492 177 176 176
0.010516 3.555784 0.3664588 125 124 111
-0.1891156 3.55131 0.3889482 74 73 55
-1.97885 3.969282 2.904043 167 165 158
-2.178664 3.972963 2.952518 172 170 172
2.778459 4.020117 2.385137 163 158 151
-0.4510395 3.556392 0.5755079 178 187 186
-1.68555 3.963123 2.944386 191 191 191
-1.994311 3.954258 2.940967 190 191 194
-1.992204 3.95039 2.937491 190 191 194
-0.1038973 3.532218 0.390934 102 101 86
-0.1879253 3.519446 0.4125229 135 138 129
-0.1852527 3.520714 0.4194233 135 138 129
-1.7006 3.938169 2.961164 201 201 203
-2.061135 3.937929 3.022813 190 190 192
-1.234027 3.948085 2.93115 186 189 189
-2.144725 3.923216 3.027776 194 194 196
-2.426143 3.914764 3.079799 206 205 208
-2.10313 3.913647 3.043239 191 191 193
-0.1832623 3.486587 0.4665235 139 141 131
-2.215697 3.882578 3.139871 178 178 178
-1.068167 3.882819 2.995027 184 184 179
-2.277745 3.843474 3.194878 181 181 181
-1.466054 3.850286 3.125768 189 192 191
-2.306242 3.827886 3.240369 195 198 199
-2.397831 3.826473 3.268634 199 199 199
-1.107994 3.84152 3.105712 207 211 212
-1.505052 3.831871 3.214159 187 189 184
-2.106511 3.805918 3.265466 160 161 157
-1.067268 3.817863 3.156923 205 205 207
-1.085196 3.82549 3.150454 205 205 207
-1.127285 3.811471 3.22055 205 205 206
-1.098648 3.789476 3.244117 179 179 177
-1.645878 3.772616 3.308114 153 154 142
-1.642666 3.781985 3.358758 153 154 142
0.0484834 3.386331 0.486128 109 107 93
-1.453167 3.772136 3.348871 187 187 189
-2.14888 3.745694 3.373811 197 200 203
3.033844 3.820825 2.851618 160 155 148
-1.261342 3.760831 3.304428 185 185 185
-1.137971 3.756911 3.288939 207 207 208
-1.704275 3.746089 3.409205 207 211 212
-1.069387 3.753214 3.304396 191 190 191
0.05240437 3.365464 0.5019807 106 104 92
0.07226565 3.360526 0.5067077 136 136 128
-1.533914 3.720124 3.366495 188 188 192
-1.643046 3.709385 3.415458 190 193 192
-2.261635 3.705561 3.545546 195 199 199
-1.729654 3.700032 3.414403 211 213 216
-1.330601 3.710235 3.407319 209 212 213
-0.5262896 3.449895 1.428687 158 163 154
-0.8852848 3.701044 3.366743 190 190 188
0.3177432 3.324282 0.4901744 104 104 92
-2.454956 3.662296 3.603189 174 174 174
0.6698196 3.198509 -0.4942206 183 179 177
3.51842 3.724817 2.961589 126 120 110
-0.8716635 3.660575 3.484538 186 186 183
-0.8699154 3.656745 3.462379 186 186 183
-1.088172 3.6392 3.560045 191 191 191
-0.5265582 3.400368 1.630551 188 194 190
-2.063739 3.595753 3.784692 192 196 195
-1.150496 3.594229 3.652964 174 173 169
0.3113628 3.250656 0.4998486 111 111 101
-0.6181802 3.591531 3.603709 179 179 175
-0.6200405 3.59103 3.596155 179 179 175
-0.7947506 3.590431 3.627276 180 181 176
0.4184848 3.240077 0.5019039 115 115 107
-1.255488 3.552326 3.721507 187 187 187
-1.464268 3.558367 3.773674 205 205 208
0.2973856 3.231064 0.4991031 137 139 134
0.02026316 3.224138 0.5640894 116 119 106
-0.838954 3.553241 3.707869 192 192 191
-1.825962 3.515377 3.838156 178 178 176
-0.7168202 3.532785 3.749803 165 166 158
-0.309284 3.3318 1.923421 126 130 119
0.3112087 3.192083 0.49864 128 132 126
-1.883109 3.478504 3.907913 178 176 168
-1.883109 3.478504 3.907913 178 176 168
-1.060445 3.480209 3.904355 211 214 215
0.07439301 3.169576 0.5472055 132 136 132
-2.191101 3.450732 4.078664 189 192 193
-1.750219 3.453722 3.965693 179 179 177
-1.254755 3.450484 4.019358 190 189 187
-2.090045 3.416394 4.07274 173 173 173
-1.28709 3.423263 4.024345 207 210 208
-1.819912 3.411893 4.071525 179 181 180
0.09864365 3.132856 0.5287783 131 136 132
-0.5338641 3.421291 3.963416 184 182 176
-1.237329 3.406985 4.07761 178 179 175
-1.535314 3.389775 4.055271 168 165 159
-0.142764 3.409092 3.95975 199 199 197
-2.195915 3.3678 4.218819 182 182 182
-1.566105 3.364571 4.085006 203 203 205
-1.742494 3.378613 4.289775 191 191 191
-1.749296 3.370012 4.140748 191 191 191
-1.17406 3.350785 4.198818 188 188 186
3.661646 3.410007 3.684964 141 135 127
3.661646 3.410007 3.684964 141 135 127
-2.275038 3.325625 4.391142 189 191 192
-0.3771361 3.347057 4.112265 183 183 181
0.03739588 3.07406 0.5376143 117 123 114
-0.2751256 3.336833 4.117051 192 192 191
-1.792722 3.308581 4.251364 177 177 175
-1.898459 3.308267 4.235038 201 201 201
-2.108013 3.30459 4.444213 191 191 191
-1.876398 3.297069 4.296996 168 168 163
-1.637096 3.285102 4.427004 182 182 175
-1.942786 3.281264 4.497492 186 186 184
-0.725416 3.289795 4.282322 178 177 171
-1.311717 3.273519 4.418295 175 174 170
-0.8535442 3.265157 4.352228 182 181 175
0.2615105 3.024472 0.4671711 120 124 118
-1.737081 3.236996 4.568386 188 188 187
-0.08761276 3.24686 4.28566 189 191 185
-0.3269364 3.237561 4.329741 195 195 193
-0.9090306 3.229225 4.424382 182 181 177
-0.06838325 3.003613 0.5914506 142 148 139
-1.724613 3.211505 4.612962 204 204 204
-1.008714 3.193378 4.496173 201 201 199
-1.236555 3.190306 4.590535 186 186 186
-0.04927035 2.977509 0.5564741 105 112 99
-1.917879 3.143387 4.792708 190 193 194
-0.031661 2.962578 0.5465473 136 141 135
-0.2884192 3.137104 4.554419 174 176 165
-2.367565 3.100851 4.909554 182 182 184
0.03356522 2.935118 0.4955827 115 121 111
-1.019863 3.080971 4.751765 178 177 173
-1.339911 3.063457 4.876198 184 184 182
-0.6529446 3.06475 4.765412 182 183 177
-0.7864278 3.047894 4.722651 212 217 218
-0.7727442 3.02167 4.875066 200 203 202
-0.6923479 3.007717 4.796315 197 196 190
0.1903159 2.877472 0.433867 87 90 74
-1.308411 2.967392 5.087575 164 162 156
-1.308411 2.967392 5.087575 164 162 156
-0.4267052 2.96735 4.935617 179 179 169
-1.000214 2.950586 5.033573 187 187 185
-0.3891912 2.952101 4.973387 205 205 203
-0.05139618 2.844922 0.508151 160 164 165
-0.632901 2.936744 5.034325 186 185 179
-2.015812 2.90467 5.340115 194 194 196
-0.7945005 2.913861 5.059884 200 203 201
-0.6610259 2.903255 4.931607 212 212 211
-0.4457329 2.822883 0.9867599 201 201 199
-0.6460612 2.870777 5.081909 185 186 181
0.01617132 2.799248 0.4504672 105 112 102
0.01617132 2.799248 0.4504672 105 112 102
0.2090825 2.782473 0.4012832 100 103 98
-1.280359 2.800386 5.432093 211 215 217
-1.280359 2.800386 5.432093 211 215 217
2.411031 2.828563 2.727868 175 170 166
-1.349379 2.766904 5.575812 210 213 214
-0.7490969 2.769945 5.371241 190 190 184
-1.84947 2.748603 5.711782 194 191 193
0.3285337 2.740026 0.3855974 89 90 84
-1.137896 2.690164 5.614533 193 194 194
0.1065858 2.722502 0.3946328 108 113 107
0.1213329 2.702545 2.284123 103 106 98
-0.1703882 2.710913 0.4429663 103 106 98
0.05888091 2.70915 0.4046149 137 139 130
-1.153751 2.632514 5.788001 187 187 186
-0.4275549 2.691795 0.4606556 73 75 57
-1.008598 2.579404 5.858949 189 189 189
-1.008598 2.579404 5.858949 189 189 189
1.170763 2.659049 0.7718825 45 41 20
0.4570109 2.652683 0.3980807 95 93 81
0.1163784 2.636308 0.3433995 133 133 127
0.9222742 2.611661 0.6111894 47 42 25
-0.2316961 2.595925 0.3240041 93 95 85
-0.07047592 2.566038 0.3048443 115 117 108
-0.09815873 2.523828 0.2647814 97 96 84
-0.4795823 2.501798 0.2852719 76 77 61
0.07604046 2.482673 0.1893476 154 158 154
0.2651598 2.457127 0.0637951 150 153 149
-0.04157229 2.445155 0.1960156 114 116 107
0.3141695 2.456737 0.01994391 100 104 96
0.3109612 2.458337 0.01441252 100 104 96
-0.02507911 2.434916 0.1991669 94 92 83
0.3370749 2.4308 -0.01322998 157 158 157
0.3846404 2.426345 -0.05042306 88 91 86
0.06710077 2.401664 0.1641113 138 142 136
-0.1530958 2.401095 0.1676117 112 116 110
0.3901055 2.409867 -0.0643392 77 80 73
0.3191474 2.40399 -0.02386869 142 147 141
0.02223297 2.384098 0.1529382 92 92 86
0.3214632 2.364396 -0.04231689 155 155 151
0.02455484 2.343713 0.1341242 113 116 111
-0.1721143 2.343725 0.1236424 113 115 109
-0.06842884 2.340703 0.1180899 93 95 88
-0.06842884 2.340703 0.1180899 93 95 88
0.3498623 2.359191 -0.07793448 113 117 110
-0.4571623 2.324425 0.166779 86 84 68
-0.07248364 2.325346 0.1149598 113 118 111
-0.01665864 2.318914 0.1173455 124 124 122
-0.4871604 2.31181 0.1691658 83 81 64
0.3754112 2.339669 -0.1016125 98 101 94
0.07270754 2.300376 0.1065783 132 132 128
-0.4692061 2.27811 0.1367316 86 87 71
0.3689145 2.303253 -0.1307725 93 97 90
0.2776747 2.282577 0.01606515 105 106 100
-0.05056001 2.274276 0.08713561 91 92 84
-0.3745973 2.258962 0.1010349 84 85 69
0.810261 2.278131 -0.06658545 63 55 35
0.02868973 2.257971 0.08408759 108 109 105
0.04373489 2.250693 0.08075684 86 90 81
-0.3599124 2.245255 0.09368325 109 112 96
-0.7257398 2.192977 0.5108211 100 100 84
0.05920388 2.238148 0.07323235 98 99 92
-0.02186269 2.237099 0.06861106 98 99 91
0.368633 2.257013 -0.1513606 155 159 153
0.3577709 2.25265 -0.1437757 112 117 113
0.1274754 2.224802 0.05150547 133 137 134
-0.1488843 2.222532 0.05780771 108 110 103
0.3708881 2.244511 -0.160936 154 158 152
0.3508403 2.238816 -0.142263 174 178 177
0.3674371 2.229258 -0.1642951 155 158 151
0.8378432 2.207736 -0.1028652 78 76 60
0.3264272 2.196758 -0.1032238 147 148 133
0.3040384 2.194549 -0.07662153 155 156 149
0.2846945 2.177404 -0.04752481 134 134 124
-0.7181318 2.108905 0.4000862 117 110 92
-0.7159702 2.107717 0.4177916 117 110 92
-0.3214931 2.158355 0.05880609 102 105 89
0.2198965 2.165944 -0.04225199 78 78 70
0.1564868 2.156566 0.01312526 154 156 150
0.2768029 2.166482 -0.07212114 64 62 53
0.05537819 2.117612 -8.297788e-05 98 102 96
0.2135148 2.126702 -0.08747946 158 160 153
0.2353865 2.124492 -0.09994509 152 152 148
0.2353865 2.124492 -0.09994509 152 152 148
0.03332779 2.103987 -0.002320873 92 96 90
0.3877373 2.125255 -0.1694115 48 45 36
0.3920027 2.113559 -0.1807631 91 87 75
0.1225345 2.082335 -0.0142867 128 126 117
0.1597644 2.078606 -0.0171168 114 112 98
-0.1634777 2.075359 0.002970068 130 135 132
0.4893711 2.11803 -0.2901719 141 144 140
0.4144121 2.105418 -0.2455128 124 124 116
0.4832013 2.101982 -0.2933129 91 95 88
0.381365 2.089945 -0.2221694 112 110 97
-0.08478795 2.053179 -0.01299599 133 133 130
0.1929081 2.053766 -0.04869904 135 133 120
0.05221565 2.043263 -0.03186848 110 110 106
0.02568492 2.043839 -0.03074087 102 103 98
0.02568492 2.043839 -0.03074087 102 103 98
-0.3932439 1.996391 0.1354708 161 162 151
-0.391923 1.994711 0.1395329 161 162 151
0.3897129 2.065668 -0.2612903 98 103 98
-0.9480236 1.931747 0.4981978 172 157 138
-0.4133976 1.988838 0.1477273 111 112 97
-0.1373129 2.004995 -0.03079508 119 124 120
0.3936479 2.040294 -0.2778156 76 74 66
-0.8965985 1.904183 0.4361745 122 96 74
0.07990263 1.990488 -0.04860017 111 111 103
-0.2942967 1.985682 -0.01019208 99 103 95
0.1830201 2.009996 -0.2077185 96 97 89
0.02473926 1.977208 -0.05719524 131 132 125
-0.7624711 1.883058 0.3905077 103 95 74
-0.2454592 1.967459 -0.04686561 110 114 106
0.05631548 1.959296 -0.07385276 105 105 96
0.2238202 1.989209 -0.276546 101 106 100
0.2238202 1.989209 -0.276546 101 106 100
0.1307935 1.962113 -0.1996707 144 145 140
-0.5308873 1.838391 0.3787234 129 129 121
-0.4168446 1.883927 -0.0104221 113 113 98
0.3738326 1.9357 -0.3031612 135 141 137
-0.15692 1.888658 -0.07983245 95 97 89
0.19647 1.921042 -0.2853152 152 156 150
0.05542547 1.901325 -0.1898865 157 160 154
0.2814343 1.915605 -0.3267303 127 128 123
0.07011547 1.884075 -0.2066139 164 164 155
0.07011547 1.884075 -0.2066139 164 164 155
-0.1617862 1.852503 -0.09246776 103 104 98
-0.1643863 1.855203 -0.09410401 103 104 98
-0.01485892 1.85138 -0.1038565 114 111 102
-0.5479184 1.736138 0.3419404 87 89 80
0.05512701 1.860326 -0.2040526 151 148 133
0.1891994 1.878577 -0.3231116 136 140 134
0.07841866 1.865494 -0.2776487 145 150 146
0.1029749 1.863557 -0.2852456 143 147 141
0.2548444 1.871602 -0.351118 113 116 108
-0.3531462 1.802356 -0.08454057 80 83 68
-0.3531462 1.802356 -0.08454057 80 83 68
0.09827868 1.844315 -0.3156129 104 106 99
0.06556752 1.832838 -0.3049167 100 104 100
0.06913181 1.82204 -0.3215804 132 135 128
-0.2593533 1.767949 -0.1025143 104 109 103
-0.2581891 1.75009 -0.1051775 136 139 135
0.2141739 1.817502 -0.4081447 131 133 128
-0.2037069 1.73771 -0.1213048 108 111 108
0.134021 1.788731 -0.3527605 103 99 88
0.1334394 1.789007 -0.3542498 103 99 88
0.04722131 1.785577 -0.3360401 139 144 140
-0.2274332 1.729038 -0.1195548 115 118 115
-0.247537 1.72539 -0.1201731 110 113 110
0.1040138 1.776799 -0.3537458 147 148 141
0.03250266 1.759459 -0.3292958 145 145 134
0.2229001 1.778488 -0.4166294 155 156 148
0.0005491792 1.748217 -0.3056873 160 162 154
0.1975744 1.758056 -0.3985842 147 149 143
0.007529619 1.725445 -0.3110865 143 143 133
-0.4022631 1.659053 -0.06838526 144 146 135
-0.07104304 1.710721 -0.2964061 143 145 140
0.09795164 1.729487 -0.3797557 115 119 111
-0.4938727 1.614674 0.03051286 144 150 136
0.162924 1.72573 -0.413453 140 143 139
0.1820306 1.717567 -0.412557 109 112 107
0.1539938 1.704081 -0.4067392 115 118 115
-0.2256192 1.628827 -0.1401216 116 114 104
0.5624092 1.820573 -0.8542267 100 96 84
0.1606321 1.695992 -0.4166892 148 152 146
0.1629317 1.695787 -0.4128087 148 152 146
0.1003625 1.680053 -0.3736425 136 136 124
0.2273972 1.696312 -0.4640894 136 142 141
0.05866778 1.672289 -0.3791601 96 96 88
-0.1798341 1.631705 -0.2708218 141 145 144
-0.1798341 1.631705 -0.2708218 141 145 144
-0.03678281 1.645858 -0.3564492 123 127 125
0.06996756 1.650318 -0.3896364 95 95 88
0.1902922 1.662404 -0.4418899 60 59 51
-0.1679754 1.62272 -0.2946373 102 107 103
0.05478445 1.647834 -0.391215 142 147 145
0.1236136 1.637918 -0.40239 91 87 73
-0.1607289 1.612133 -0.303932 143 145 143
-0.06404804 1.610658 -0.3404967 157 157 147
-0.4149512 1.53218 -0.08168924 124 127 111
-0.4149512 1.53218 -0.08168924 124 127 111
-0.1573478 1.598825 -0.3136302 149 150 148
0.1599414 1.627192 -0.4475441 132 133 120
0.2272868 1.628987 -0.4893028 131 133 124
0.01920161 1.598821 -0.3984476 129 124 108
0.1076923 1.584713 -0.430962 154 155 149
0.07073284 1.573076 -0.4073903 112 111 99
0.1379453 1.574413 -0.4606745 101 104 101
-0.0168321 1.535696 -0.4032207 117 119 104
-0.1337326 1.526899 -0.3803191 150 150 140
-0.1106513 1.533982 -0.4051539 172 174 164
-0.2722109 1.472334 -0.2206404 192 197 193
-0.1608888 1.508532 -0.3549629 166 163 152
0.0543179 1.526491 -0.4248913 60 56 47
0.3796952 1.516931 -0.4331713 90 91 84
-0.1204489 1.521072 -0.4131376 110 112 105
-0.1196129 1.519688 -0.4116783 110 112 105
-0.2574997 1.458953 -0.2671022 152 158 158
-0.2737296 1.454594 -0.2556219 180 186 184
0.05614972 1.512261 -0.4405937 120 121 112
-0.00977619 1.496334 -0.4470199 121 124 121
0.1386773 1.495562 -0.4931554 140 143 140
0.1915281 1.48781 -0.4902666 40 33 21
-0.2261586 1.421677 -0.3032973 87 82 70
-0.1871459 1.429233 -0.3275206 124 122 107
0.07137672 1.471327 -0.4772015 124 127 119
-0.2893926 1.382528 -0.2204011 197 200 199
0.09963017 1.496291 -0.5534227 124 124 114
0.01386684 1.467545 -0.4805898 130 131 126
-0.2642288 1.384137 -0.2928195 106 111 109
0.01078148 1.443155 -0.4961499 133 135 125
-0.165119 1.392989 -0.3616697 174 173 161
0.4005026 1.397572 -0.4405269 8 7 2
-0.06785454 1.431065 -0.491261 114 117 114
-0.5048968 1.19293 0.0923202 165 169 161
-0.3790244 1.254445 -0.0902428 178 182 175
0.1501755 1.389553 -0.4789842 152 148 131
0.1422373 1.375386 -0.4701489 127 126 111
0.1749592 1.378227 -0.5014334 143 140 128
-0.4842347 1.161488 0.05348812 132 134 124
-0.2634252 1.291137 -0.2933092 121 122 113
-0.1201985 1.339589 -0.4272611 129 129 118
-0.2160994 1.300678 -0.3414842 173 177 173
-0.4650737 1.146903 0.03689182 148 149 141
-0.4789084 1.138392 0.04051345 94 91 80
-0.4574715 1.144825 0.01706403 121 124 115
-0.2022361 1.297523 -0.3657369 160 166 164
-0.3992229 1.196109 -0.1212082 143 148 146
0.1841981 1.336947 -0.5050032 140 139 126
0.02457387 1.298499 -0.4314508 139 139 127
-0.3571516 1.201753 -0.2108489 154 161 156
-0.2892367 1.218516 -0.2634199 124 124 115
0.159413 1.296501 -0.4908873 94 91 75
-0.1257798 1.225271 -0.3269715 141 137 124
-0.383714 1.164139 -0.1709799 143 147 141
0.1670401 1.286353 -0.4968639 92 87 74
0.1876927 1.283803 -0.4974242 141 139 125
-0.2828647 1.140717 -0.2283832 155 155 143
-0.2860056 1.145081 -0.2351764 155 155 143
-0.3416597 1.122522 -0.1878691 138 139 130
0.07901762 1.215811 -0.4499522 151 156 151
0.1362917 0.964354 -0.3910123 111 111 104
0.08216171 0.9294184 -0.3476658 171 172 165
-0.2631119 0.807454 -0.09146503 124 126 119
-0.2338399 0.7953058 -0.09007419 120 120 112
0.105592 0.8705864 -0.3474377 135 141 141
0.06024925 0.8419597 -0.2922828 167 169 158
0.03306123 0.8226502 -0.2601442 142 139 130
-0.08979733 0.6895849 -0.07266302 130 128 115
8.096687 -14.07932 24.20291 183 210 95
-1.023007 1.685212 -1.960487 155 180 155
0.3270805 5.266286 0.05402133 141 132 119
0.6391021 5.253076 -0.005405253 15 4 1
0.1949304 5.239524 0.06639587 126 115 103
0.5070783 5.239563 0.08511418 134 127 112
0.03368029 5.214098 0.1218146 142 131 120
0.6086553 5.230503 0.1034556 151 143 131
0.4469853 5.204324 0.121987 140 132 120
0.4469853 5.204324 0.121987 140 132 120
0.5136304 5.18726 0.1801066 142 134 121
0.04776837 5.16878 0.2169982 97 89 77
0.4769306 5.170993 0.207482 161 154 142
0.1308067 5.139434 0.2763202 168 163 157
0.3869958 5.139321 0.2632436 134 126 114
0.2211161 5.12973 0.2998032 145 138 126
1.083001 5.148779 0.2177788 138 129 114
-0.0120085 5.096582 0.3757516 133 125 113
-0.5334874 5.085551 0.4364685 159 158 150
1.201202 5.111894 0.2341568 133 124 107
1.223854 5.133279 0.2644504 133 124 107
-0.1287493 5.088373 0.394594 155 151 142
-0.7330605 5.079324 0.471536 156 151 144
0.9938711 5.110327 0.302288 140 134 120
0.9701099 5.103745 0.3133227 147 139 126
-0.005122676 5.078092 0.4124971 135 127 117
-0.7876554 5.063058 0.5077787 169 167 159
0.8845611 5.097486 0.3399997 72 59 45
0.8845611 5.097486 0.3399997 72 59 45
0.2846531 5.07503 0.3999222 116 109 93
0.2886086 5.080897 0.4075003 116 109 93
0.1961452 5.068367 0.4183261 25 21 13
-0.6952748 5.053414 0.5204855 151 145 139
-0.08426385 5.056129 0.4565049 71 64 53
-0.08493703 5.058598 0.4603542 71 64 53
0.6268439 5.078585 0.3989238 139 131 117
0.1943847 5.0591 0.4302469 131 125 115
0.2405199 5.054699 0.43698 128 123 110
-0.6619319 5.042974 0.5437869 151 146 138
-0.6603063 5.046618 0.5494232 151 146 138
-0.8537956 5.035236 0.5742791 161 157 151
0.9648594 5.07248 0.3868485 142 133 118
1.287255 5.060459 0.3311844 110 99 80
0.1848022 5.042141 0.4655585 108 100 88
0.1848022 5.042141 0.4655585 108 100 88
0.3642724 5.041414 0.4555153 136 128 115
-0.6032845 5.026157 0.5644846 122 117 108
1.104632 5.049634 0.3720605 88 76 57
-0.9354442 5.02206 0.6173124 165 162 158
-0.951948 5.021368 0.6174418 139 134 129
0.1953436 5.033113 0.4891933 110 102 90
0.4832425 5.031588 0.4844428 4 3 0
-0.6284496 5.009163 0.5969422 170 167 164
-0.6151808 5.010507 0.6095514 120 115 109
0.2484251 5.019061 0.5091214 110 102 89
0.5205525 5.019132 0.4943077 42 35 19
-0.9553776 4.996906 0.6630089 139 135 129
0.1834806 5.009557 0.5355961 131 123 111
-0.3396167 5.002172 0.5961559 115 107 95
-1.20787 4.994827 0.7151128 177 173 171
0.2646423 5.003697 0.5322591 109 101 89
-0.9429329 4.990114 0.6751311 166 162 159
-1.001024 4.99261 0.6906913 169 165 163
-0.9376181 4.988227 0.6934775 79 78 67
-0.9378445 4.9879 0.6928174 79 78 67
0.8570092 5.010744 0.4871725 101 88 64
0.8550372 5.007817 0.4826942 101 88 64
-0.9363322 4.977676 0.6995746 165 164 160
0.3074771 4.991904 0.5601106 131 123 111
-1.32982 4.973577 0.7491792 152 149 143
-0.7367065 4.975963 0.6877202 150 145 139
0.2387311 4.984662 0.5797554 107 99 87
-0.8248546 4.964168 0.7109717 155 151 144
-1.425429 4.956774 0.7947555 182 181 179
-0.1116342 4.970037 0.6560505 126 118 106
-1.217904 4.956913 0.7878321 25 21 8
-0.1539663 4.970746 0.6646518 135 127 116
-0.8529814 4.954412 0.732022 156 152 143
-1.332341 4.952643 0.794916 174 174 172
-1.183887 4.956937 0.7862254 169 168 166
-0.7546848 4.948252 0.7498746 135 130 124
-0.4680496 4.94802 0.7238475 141 135 129
-1.45611 4.938083 0.8427365 171 171 169
-0.7231308 4.940693 0.7716787 149 145 135
1.165477 4.968016 0.5805873 123 115 101
-0.7454075 4.920953 0.8093039 157 156 150
-0.7460877 4.9184 0.8060491 157 156 150
-1.077016 4.920654 0.8553872 171 170 168
-1.296381 4.915356 0.8718702 180 179 175
1.410231 4.951588 0.5554932 139 131 119
0.2570218 4.930754 0.6974293 130 124 114
-1.378574 4.910667 0.8850274 178 178 178
-1.140329 4.910097 0.8719126 154 150 147
-0.916239 4.907977 0.8658004 136 132 124
-0.9714864 4.894322 0.8831193 164 159 154
-1.60409 4.888832 0.9509727 41 38 32
-1.170804 4.886583 0.9141193 167 166 163
-0.1125974 4.899419 0.7993422 117 111 100
-0.9329105 4.881975 0.9019247 163 159 154
-0.1124839 4.899867 0.8290754 116 108 96
-1.141081 4.8777 0.9322282 177 176 177
-1.583202 4.872029 0.9831082 158 155 149
-1.610426 4.871264 0.9817966 180 178 177
0.3355578 4.895867 0.7647711 119 116 103
-1.374848 4.874047 0.9613197 180 180 180
-1.840332 4.864032 1.017045 155 151 150
-1.679173 4.86407 1.012768 179 179 180
-1.714938 4.862837 1.02037 187 186 182
-1.905896 4.859514 1.03678 180 178 178
-0.8163643 4.869274 0.9274908 137 132 127
-1.731131 4.858088 1.026375 134 129 125
-0.1782417 4.866361 0.8637212 95 86 73
-1.398371 4.853429 1.01618 180 180 182
-1.69812 4.84252 1.054491 154 150 146
-1.468827 4.84171 1.03885 181 181 178
-0.8515651 4.840948 0.9834072 164 160 157
-1.520071 4.834858 1.059357 181 180 178
0.7930517 4.870386 0.8117208 87 75 53
0.2383899 4.856799 0.895147 124 120 113
-0.9435213 4.832665 1.00977 158 156 149
-0.9104813 4.831959 1.006382 166 162 159
-1.315653 4.82103 1.069151 57 55 39
-1.31525 4.82167 1.072586 57 55 39
-1.826973 4.809605 1.139206 184 183 182
0.717447 4.841398 0.8522041 39 29 14
-1.582848 4.805787 1.11789 157 153 147
-1.606569 4.807124 1.120619 172 171 167
0.7796686 4.837625 0.8496067 100 89 70
-1.13016 4.805733 1.065778 164 163 159
0.1230876 4.82126 0.9412944 70 63 50
-2.258341 4.791042 1.195532 186 183 182
0.1371009 4.811993 0.9323322 119 115 106
-2.247671 4.780861 1.227194 187 186 183
-1.104567 4.793509 1.110413 174 174 172
-1.031242 4.793799 1.113242 143 139 133
-2.198394 4.774086 1.240097 192 190 191
-1.90138 4.775227 1.208567 162 156 154
-0.450118 4.794403 1.055524 84 79 68
-1.296658 4.783844 1.149533 178 178 178
-1.351214 4.779153 1.158069 191 191 191
-1.32117 4.778557 1.16119 188 188 189
-1.025439 4.776301 1.128436 155 153 148
1.804184 4.812835 0.7837476 133 128 115
-1.185494 4.775764 1.155693 160 160 156
-1.339896 4.762486 1.191366 184 184 184
-1.617119 4.760938 1.216761 189 189 189
-0.5578029 4.769335 1.11833 98 92 80
-1.010548 4.760168 1.176375 170 170 168
-1.794294 4.7478 1.262829 182 178 178
-1.447902 4.739682 1.251888 21 25 17
-1.447972 4.739868 1.255141 21 25 17
-2.465806 4.723642 1.371579 191 188 189
1.805679 4.775677 0.8960978 114 106 94
-1.137488 4.727352 1.241359 165 163 160
-1.472117 4.719173 1.299196 185 185 184
-1.781073 4.719051 1.325388 159 155 152
-2.139843 4.710817 1.35369 124 118 102
-2.139946 4.715204 1.363157 124 118 102
-1.387741 4.713937 1.292131 190 190 190
-2.133344 4.702282 1.368395 185 182 182
-1.52264 4.708894 1.320802 180 180 179
-1.123269 4.718151 1.290223 164 163 159
-0.6016414 4.713587 1.216386 51 53 41
-1.503905 4.694659 1.340333 164 164 162
-1.95505 4.68368 1.408879 181 177 176
-1.111478 4.688932 1.346341 163 160 156
-1.243239 4.67929 1.354348 165 163 159
-1.313437 4.671823 1.38019 168 168 167
-1.089035 4.671827 1.366344 154 150 146
-0.4903779 4.380493 0.5367931 96 101 97
-2.435317 4.653522 1.515758 188 187 185
-1.187452 4.665055 1.392851 49 50 37
0.9355332 4.688675 1.151053 94 83 64
-2.163648 4.651857 1.504558 81 79 72
-1.846554 4.64904 1.474302 177 176 174
-2.468156 4.65047 1.554397 172 168 166
1.301736 4.689026 1.118948 94 86 66
-0.5045502 4.328847 0.4744923 90 95 91
-1.556689 4.645481 1.45723 193 193 193
-1.227687 4.645038 1.433541 64 66 56
-2.56427 4.620345 1.584083 190 188 189
-1.222786 4.634429 1.451604 178 178 177
-2.022599 4.627734 1.536117 178 176 174
-2.172267 4.624258 1.557978 191 188 189
-1.200924 4.631006 1.457778 136 135 130
-2.404073 4.618014 1.595972 189 188 185
-1.805363 4.622212 1.529164 192 192 192
-2.039099 4.613506 1.564465 157 153 151
-2.088367 4.611975 1.57422 183 182 180
-1.382871 4.61438 1.510972 127 128 119
-1.133125 4.612242 1.487568 160 159 156
-1.427427 4.598725 1.542254 192 192 192
1.682409 4.643929 1.186242 126 118 105
-1.509782 4.583562 1.573145 172 169 163
-1.270617 4.585858 1.562367 172 171 169
-2.187469 4.575632 1.659522 187 186 186
-2.068481 4.569322 1.660355 176 173 170
-1.294772 4.572481 1.583421 171 170 168
-1.333512 4.573833 1.593842 167 165 164
-1.405043 4.572095 1.602804 196 196 196
-1.405649 4.572059 1.602185 196 196 196
-1.421341 4.563406 1.61016 157 155 152
-1.313453 4.563534 1.607726 178 176 175
-2.013553 4.559698 1.683241 166 164 162
-1.68374 4.555382 1.655283 176 175 171
-1.371585 4.548062 1.652381 191 192 192
-0.5542499 4.077361 0.18652 117 119 116
-1.612982 4.537466 1.68965 170 170 166
-0.9977016 4.538709 1.63653 143 142 138
-1.845614 4.530999 1.733638 186 186 184
-1.467397 4.532218 1.689036 163 162 159
-1.555883 4.523929 1.712161 176 175 172
-1.852751 4.516555 1.745862 153 152 147
-0.4831921 4.037839 0.1313528 69 73 67
-2.45774 4.51029 1.818635 192 190 192
-1.6317 4.516077 1.738913 165 163 159
-1.6317 4.516077 1.738913 165 163 159
-2.222038 4.507635 1.801897 188 188 186
-1.845865 4.506291 1.776086 189 189 189
-1.491545 4.506328 1.735184 157 155 149
-2.557621 4.490619 1.855504 194 192 192
-1.938488 4.493079 1.820027 202 205 205
-2.097306 4.488027 1.846186 183 182 181
0.9744275 4.526464 1.49772 43 30 9
-0.7523689 3.988341 0.1560295 130 132 127
-1.149162 4.46937 1.800881 125 126 117
-1.567487 4.462652 1.850595 196 194 194
-1.976382 4.45895 1.898253 86 91 86
-0.7076115 3.954045 0.1234564 137 141 139
-2.29457 4.449636 1.930115 170 168 161
-1.587315 4.453516 1.855307 162 161 155
-1.135149 4.456588 1.822937 192 194 197
-1.449475 4.452026 1.851368 127 124 112
-1.214893 4.453169 1.830249 169 169 167
-1.214504 4.452955 1.831102 169 169 167
-2.169576 4.439398 1.9402 199 197 199
1.927135 4.496764 1.482149 124 116 103
1.814152 4.492784 1.500427 120 115 101
-1.685392 4.434465 1.91271 177 177 176
-1.707001 4.434855 1.915398 194 194 192
-2.269135 4.42266 1.984137 199 199 199
1.325894 4.465863 1.593426 87 79 66
-1.711057 4.421353 1.940983 179 178 176
-1.377363 4.423274 1.907916 187 187 185
-1.376633 4.424667 1.910896 187 187 185
-1.172708 4.424154 1.890684 179 178 176
-1.351664 4.41718 1.914028 160 160 158
-1.246437 4.412567 1.897137 183 183 183
-1.246437 4.412567 1.897137 183 183 183
-1.520621 4.412005 1.950315 201 201 203
-1.535702 4.402907 1.969432 124 124 113
-2.50721 4.387847 2.064435 203 201 203
-1.363797 4.396678 1.957475 176 176 173
-0.6267507 3.885386 0.1295925 74 63 43
-0.6890243 3.881243 0.1285314 118 118 110
-2.058246 4.380793 2.06151 131 128 113
-1.862515 4.376917 2.050345 190 188 188
1.515058 4.424318 1.667246 81 77 66
-1.397252 4.375945 2.009148 162 161 156
0.2266034 3.135216 2.267163 141 144 134
-1.463589 4.378019 2.022387 175 175 174
1.700531 4.072317 2.388405 139 134 120
-0.5914363 3.862676 0.1276352 149 146 133
1.700531 4.072317 2.388405 139 134 120
-2.051681 4.366141 2.08836 198 198 198
0.6553025 3.163856 2.417923 145 150 140
1.484173 4.412704 1.69659 99 93 83
-0.5808206 4.825083 1.015627 122 118 93
2.435388 4.427077 1.579833 156 150 146
1.898591 4.055838 2.415701 134 126 109
-1.690203 4.363001 2.064848 187 187 184
-0.1711273 3.369653 1.873391 132 128 116
-2.053317 4.35248 2.123151 141 139 128
0.6841353 3.09711 2.321729 152 156 148
-1.05607 3.669332 -0.3948337 187 187 186
-0.3057918 3.401393 1.718117 158 158 144
1.641547 4.412562 1.75527 111 105 97
-0.005699167 3.305398 1.851389 161 160 143
-1.868367 4.34463 2.114246 196 196 196
-0.005699167 3.305398 1.851389 161 160 143
-0.3915567 3.844482 0.137632 138 136 129
0.8571053 3.040488 2.302298 158 161 150
-0.4390537 3.842966 0.1364795 86 78 58
2.236634 4.148889 2.199429 133 123 109
-0.7965608 3.834624 0.1670909 148 153 151
0.1909437 3.150519 1.932891 151 153 139
-1.46102 4.347329 2.078537 195 195 195
0.7446256 3.05231 2.207095 178 179 171
-2.425278 4.330121 2.199533 199 199 200
0.2147369 3.185665 1.904766 141 142 128
-2.425278 4.330121 2.199533 199 199 200
0.8628444 3.02303 2.24295 148 147 129
-1.298517 4.33498 2.088117 180 178 174
2.261174 4.236591 2.028892 127 114 99
2.340448 4.392079 1.698762 123 119 112
2.254731 4.223713 2.030066 127 114 99
-0.6102036 3.800098 0.1303971 158 161 155
-0.7034991 3.803038 0.1650491 128 125 112
2.181919 4.269522 1.974592 128 119 101
-1.555253 4.311212 2.160436 196 195 196
0.5911626 3.042402 2.077971 148 146 132
-1.420457 3.610733 -0.3951868 176 176 175
-0.03990315 3.310546 1.639926 168 169 158
-0.5364394 3.793298 0.1212046 102 100 87
0.2355264 3.204041 1.810663 177 177 168
-0.6490827 3.798537 0.1739255 143 138 125
-0.6636301 3.444701 1.318104 144 139 119
-0.8244417 3.786664 0.1722348 142 148 137
2.370258 4.271781 1.910904 139 129 113
-1.519808 4.303422 2.178763 199 199 199
-0.2437816 3.399295 1.447341 177 183 173
1.574068 4.331071 1.855611 122 117 111
-0.04834999 3.282353 1.584059 120 122 110
-2.435742 4.263683 2.313829 190 190 193
-0.4977314 3.492001 1.276061 158 160 146
-0.6797042 3.760741 0.1862643 151 149 139
-0.6537125 3.461364 1.234194 119 115 95
-2.213785 4.256807 2.33142 180 180 178
-0.1592779 3.338965 1.474665 165 171 160
-1.956892 4.254602 2.304363 170 169 168
-0.6711584 3.455936 1.201944 125 120 99
-1.667899 4.254173 2.291636 193 191 190
3.144171 4.130365 2.202817 162 152 138
-0.6560353 3.739745 0.1651944 103 101 91
0.2678125 3.206895 1.704476 152 151 135
-0.6551601 3.738593 0.1686133 103 101 91
0.07727124 3.217682 1.601834 157 165 155
-0.6988496 3.741047 0.211527 158 154 141
0.3577312 3.171489 1.67494 166 167 157
-0.8647876 3.736409 0.2151573 143 150 137
-0.682454 3.496374 1.012434 141 136 118
-2.148219 4.219017 2.406593 149 148 144
0.232082 3.13297 1.569466 160 166 161
-2.554283 4.218904 2.456209 184 182 183
-0.04977135 3.086599 1.484838 158 165 158
-0.4974291 3.721756 0.1707986 98 99 91
0.5635772 3.112353 1.684174 141 141 130
-0.6346136 3.715316 0.1672312 132 134 125
0.1359291 3.082804 1.547161 152 160 156
2.353249 4.275269 1.910855 111 107 101
0.3003043 3.121476 1.573285 140 147 141
-2.067044 4.213255 2.41946 193 193 195
0.3109378 3.108896 1.568809 167 174 172
-0.5643181 3.713448 0.1743713 117 113 104
0.7071049 3.007862 1.758472 126 128 119
-0.5643181 3.713448 0.1743713 117 113 104
-0.8250359 3.630166 0.7626409 167 168 150
-0.8845779 3.716927 0.2557789 169 173 164
-0.4989587 3.527383 0.9237511 136 140 122
-1.868949 4.212497 2.406924 123 121 116
-0.6159534 3.706669 0.1742139 124 126 118
0.6121611 3.120874 1.598191 124 129 120
-1.31073 4.217988 2.346883 192 195 194
0.488879 3.10107 1.550546 144 149 140
-1.31073 4.217988 2.346883 192 195 194
-0.165193 3.020164 1.352885 164 170 163
-0.733737 3.718993 0.2590742 53 52 38
-0.7796049 3.563446 0.7329233 154 157 140
-0.6203306 3.692617 0.1878207 73 71 56
0.7514426 3.063306 1.620316 98 99 90
-2.123856 4.184629 2.480254 172 171 167
0.5757987 3.799203 1.020673 135 141 134
-0.7849326 3.694067 0.3171512 182 185 183
-0.3663062 3.483047 0.9066752 119 122 105
-0.7849326 3.694067 0.3171512 182 185 183
-0.05593739 2.878534 1.419716 147 152 149
-1.680701 4.174983 2.465618 190 190 190
-0.4608952 3.676016 0.192152 125 127 118
0.7224982 3.051765 1.536662 101 105 96
-1.897735 4.160091 2.497717 168 169 165
0.7126275 3.048507 1.521966 122 126 121
-0.3995663 3.666874 0.2084794 122 122 112
0.5146896 3.009263 1.476193 135 141 140
-2.529239 4.149986 2.642775 196 195 199
-0.4319909 3.512013 0.7551543 138 137 122
-1.019335 3.737305 0.6486504 97 93 74
-0.5621368 3.533601 0.692347 118 119 102
-0.4114441 3.659209 0.2135373 70 64 45
0.1427697 2.742374 1.45953 138 144 143
-0.5121906 3.655625 0.2233383 105 105 94
0.2588721 2.799843 1.4476 161 166 162
-0.7286531 3.656811 0.266581 167 172 166
-0.3759221 3.511596 0.6636673 159 161 151
-0.5744872 3.640558 0.2437204 133 135 127
-0.04249239 2.679015 1.389027 108 113 102
-0.7584747 3.647413 0.3392228 166 171 164
0.2414851 2.739469 1.434806 139 149 144
-2.571003 4.112974 2.663566 137 139 132
1.148798 2.915797 1.581955 172 174 162
-1.92603 4.116283 2.606894 170 171 166
0.3908301 3.901124 0.5490776 156 157 146
-0.4788767 3.634981 0.2437428 111 112 102
-0.5603255 3.555176 0.4698567 119 113 95
-0.1424997 3.661109 0.3167285 148 150 144
1.361075 2.909089 1.596789 143 150 139
-1.431166 4.096809 2.60585 173 173 171
0.04773997 2.599388 1.413585 160 166 162
-1.409011 4.09694 2.604868 204 208 208
0.7688543 2.850427 1.432206 104 107 95
-1.296326 4.07619 2.659621 196 196 196
0.7647191 2.83868 1.419659 127 133 122
-1.296326 4.07619 2.659621 196 196 196
-0.3991421 1.586395 1.943771 80 86 73
-0.1907408 3.601401 0.3563876 145 147 145
0.6052266 2.670416 1.319456 109 114 105
-0.3808388 3.597081 0.3865994 160 157 150
-0.605243 1.180501 2.213772 130 137 128
-0.4353792 3.587991 0.4119253 115 119 112
0.9807209 2.614676 1.386996 157 167 159
-2.082381 4.002908 2.861061 186 186 186
0.6654877 2.577506 1.299537 96 98 84
-0.1727942 3.569492 0.3668694 114 112 99
0.7110741 2.541155 1.305206 104 108 99
-2.456827 3.992347 2.9294 189 189 189
0.7110741 2.541155 1.305206 104 108 99
-1.668229 3.996283 2.852745 193 196 197
-0.2756473 2.096128 1.33687 109 114 108
-2.530579 3.97445 2.948395 191 191 193
-0.5253698 2.118509 1.238562 159 163 156
-1.944277 3.979371 2.900014 190 194 195
-0.5253698 2.118509 1.238562 159 163 156
-1.61333 3.98732 2.879694 174 174 172
0.8850145 2.315503 1.359907 146 152 148
-1.219843 3.985948 2.814262 182 182 180
-0.2042002 1.978672 1.344841 151 153 144
-2.516486 3.964629 2.980407 176 174 176
-0.4524791 1.997659 1.251847 134 143 138
-0.2800347 3.536081 0.4248961 100 100 88
-0.1267649 1.815832 1.333682 162 167 158
-0.2280126 3.533909 0.4153674 104 105 94
1.06607 2.136593 1.271148 129 137 132
-0.1186517 3.533072 0.3993523 127 127 117
-0.1195874 1.773032 1.326143 163 169 162
2.346217 4.000048 2.483711 138 134 123
-0.3883263 1.748371 1.209709 162 168 163
0.09744287 3.508988 0.3877583 119 115 104
-0.2832614 1.736832 1.248218 149 158 154
-1.355482 3.93375 2.972328 167 167 163
-0.5636351 1.748515 1.107929 110 115 93
-1.355482 3.93375 2.972328 167 167 163
-0.2909418 1.669246 1.214644 151 158 156
-1.462642 3.930176 2.996815 191 194 193
-0.4456095 1.6924 1.152774 154 161 157
-0.2301583 3.502561 0.4749285 158 163 157
-0.3368054 1.615079 1.172749 148 156 153
-1.7722 3.893111 3.051651 195 195 195
0.3066791 1.418659 1.415138 73 68 52
-1.781035 3.90712 3.03743 178 177 176
-0.04461007 1.431172 1.301867 115 112 101
-2.252045 3.898427 3.099036 178 178 178
-0.6281143 0.8981213 1.807757 115 112 101
-0.8350061 3.639518 1.394255 131 135 118
0.1587986 1.783646 0.8775287 118 126 118
-1.213838 3.907685 2.977206 184 187 188
0.01822353 1.366678 1.305771 98 97 86
-1.51092 3.90132 3.074032 189 191 189
-0.1405843 1.402956 1.195673 117 118 104
-1.51092 3.90132 3.074032 189 191 189
0.277298 1.185502 1.529233 176 184 182
-0.828166 3.62155 1.421529 182 186 177
0.1295458 1.167511 1.513062 129 136 134
-1.019065 3.89137 2.996404 186 186 184
-0.1791457 1.383604 1.150439 134 134 117
-2.04796 3.873595 3.138814 175 177 177
-0.0009272408 1.115198 1.342739 97 99 90
-2.42568 3.856372 3.200324 183 183 181
-0.4428062 1.355191 0.9523498 170 176 167
-1.948968 3.858612 3.185483 172 172 172
0.04372782 0.85403 1.687279 119 119 108
-1.335486 3.862899 3.126612 195 198 201
-0.4842846 1.351397 0.9362301 125 133 124
-0.9408681 3.863205 3.061645 173 174 166
-0.4019983 1.320175 0.9435642 158 165 156
-0.214824 3.459606 0.554368 142 146 138
-0.05013495 1.024565 1.281789 109 108 96
-1.755542 3.842794 3.214896 176 176 172
-0.9502432 3.845956 3.074485 202 201 201
0.4465843 0.9516698 1.375482 151 158 151
-0.8078154 3.572047 1.449786 184 186 175
0.1090371 0.8933313 1.370231 128 135 125
-2.057502 3.824789 3.256795 171 171 171
0.5640404 1.230319 0.9121757 157 166 158
-1.037614 3.836244 3.147881 187 187 186
-0.9963811 0.6653813 1.547616 133 145 140
-1.225674 3.82798 3.176689 184 183 184
1.228232 1.208864 0.9751493 137 138 126
-1.993764 3.81675 3.285025 200 201 204
0.4351362 1.86492 -0.1188984 135 141 129
-1.101321 3.826339 3.157079 151 149 143
-0.02605708 0.8986651 1.267915 122 128 117
-1.335773 3.818 3.183372 159 159 158
-0.04620745 0.8885906 1.247771 167 173 160
-0.04608902 3.420266 0.4874227 146 147 140
-0.2582671 0.990541 1.017564 151 149 130
-1.636081 3.78376 3.248325 206 209 210
0.1903876 1.742811 -0.1697516 198 208 208
-1.154424 3.80014 3.234784 156 153 147
-0.4599529 0.9862532 0.6776447 202 211 201
-1.158499 3.755976 3.31723 193 193 193
-0.2388013 0.815511 0.9499374 44 50 50
-1.201836 3.755257 3.327439 170 170 165
-0.2268841 0.8032383 0.9417188 57 59 58
-1.233734 3.749425 3.342319 203 203 202
0.5618455 0.7624343 0.9903407 156 163 160
-0.4961126 3.47121 1.386673 141 148 138
0.5497197 0.7574363 0.9871007 172 177 173
-1.220852 3.731766 3.372548 148 147 136
-0.596831 0.4385097 1.473453 131 133 125
-1.217258 3.7327 3.392599 148 147 136
0.01329648 0.6426079 1.035254 136 131 114
-2.279448 3.712773 3.510495 168 168 168
-0.1201927 0.6877163 0.9500514 164 165 150
-1.198495 3.719176 3.368295 208 211 212
-0.7782722 2.369998 -2.305159 202 204 194
-2.195642 3.70246 3.49794 164 166 166
0.3894123 0.6221854 0.9018353 158 162 152
-1.016943 3.717081 3.376354 190 190 189
-0.1923578 0.6464167 0.8680373 128 129 114
-1.053942 3.703951 3.387692 191 191 191
0.8911418 0.7297676 0.6533366 191 192 182
-1.472521 3.693451 3.406065 183 183 184
0.1141946 0.6021465 0.8356991 108 109 87
-2.448446 3.685932 3.603556 193 196 198
0.2091884 0.5051894 0.9300945 170 175 163
-0.07626671 3.336154 0.5956469 158 164 152
-0.3748494 0.7140256 0.5361134 168 174 167
-1.274178 3.692898 3.490282 206 206 208
0.1811034 0.5505114 0.7434965 144 146 132
0.09250584 3.323439 0.5182983 119 121 113
0.02093944 0.5222135 0.6895457 181 185 176
0.06373306 3.320964 0.5245501 115 117 106
-0.2641447 0.705864 0.05805083 130 131 117
-0.1038532 3.327843 0.6439828 125 130 114
-0.06308536 0.5054541 0.448115 178 180 170
-0.1038532 3.327843 0.6439828 125 130 114
2.470321 3.216161 -9.269065 189 188 168
-0.09636068 3.308669 0.6365023 153 159 148
4.532198 2.212245 -7.95579 191 190 174
-1.033759 3.647001 3.525589 187 187 185
1.804292 3.074652 -9.716556 190 188 172
0.1139188 3.288935 0.5212247 136 139 133
1.337432 2.873026 1.575803 128 133 115
-1.868516 3.619588 3.624447 163 163 161
-0.9933567 3.752133 3.293736 206 204 203
-0.9565622 3.607282 3.597336 172 172 168
-1.096755 3.86663 3.057672 156 151 142
-1.467033 3.608676 3.696728 180 180 180
-1.248606 3.981785 2.817662 123 124 124
-0.5562674 3.60412 3.56473 164 164 160
-0.8424422 3.780309 3.220041 198 199 198
-0.08630238 3.258588 0.6411805 146 152 141
-0.4900242 3.729653 3.297131 207 207 208
-0.2382578 3.288226 0.9415962 145 152 132
-0.9017764 3.913716 2.943548 94 93 82
-0.2564679 3.289764 0.9990429 148 155 135
-0.4020589 3.718837 3.309578 201 200 199
-0.9445282 3.584898 3.642015 187 187 185
-1.540507 4.145222 2.521567 211 214 213
-1.057884 3.582062 3.654186 172 171 167
-1.696041 4.067716 2.706571 205 206 204
-1.449344 3.569835 3.647619 193 193 193
-0.9937165 3.750966 3.295461 204 205 204
-0.7344992 3.577551 3.594749 179 181 175
-1.069778 3.852957 3.082298 207 206 207
-1.092255 3.578725 3.701981 185 184 179
-0.712158 3.890902 2.972351 196 196 191
-1.668313 3.562264 3.839872 188 188 185
-0.6401709 3.896936 2.954689 200 198 196
-1.308855 3.547293 3.825231 185 185 184
-1.162976 3.798345 3.212072 65 61 42
-2.090779 3.530477 3.937641 192 196 196
-1.127373 4.042965 2.694843 89 89 79
-1.710489 3.516152 3.806377 201 201 203
-1.999988 4.110964 2.616604 203 198 189
0.393319 3.209324 0.5001398 115 115 107
-1.445023 4.252644 2.243007 197 192 180
0.393319 3.209324 0.5001398 115 115 107
-1.783657 4.770764 1.217127 178 168 154
-1.280341 3.52799 3.848853 185 185 185
0.4350128 3.03878 1.985411 142 138 122
-1.26671 3.521026 3.825158 208 211 212
-2.486273 5.177111 0.3246073 211 206 196
0.07410809 3.197269 0.5405102 139 142 136
-2.605942 5.558841 -0.4210738 187 177 161
-0.7334279 3.512321 3.773469 204 207 206
-2.605942 5.558841 -0.4210738 187 177 161
-1.737582 3.503523 4.0005 182 182 180
0.2932917 4.017632 0.4110239 178 183 179
-0.3200952 3.496543 3.668017 191 189 185
0.1602305 1.007535 1.414491 106 105 87
-0.7105489 3.496692 3.819679 171 171 162
0.1291137 0.8800706 1.33318 123 127 112
-0.8632695 3.491695 3.807808 193 191 187
-0.09625744 0.6292028 0.8728426 206 210 201
-0.8632695 3.491695 3.807808 193 191 187
-1.096597 3.487763 3.848005 199 205 206
-0.2311701 3.31547 1.984075 110 115 102
-0.4975384 3.583464 2.278086 203 200 185
-1.328483 3.482975 3.926365 177 177 170
-1.932504 4.514584 1.725433 201 195 185
0.0397587 3.174259 0.5631837 120 124 112
-2.066745 4.562821 1.651993 185 175 166
-0.2714632 3.306943 1.979279 140 145 129
2.343123 4.080473 2.35655 142 128 106
-2.021786 3.462892 4.081602 189 191 190
-0.2598648 3.397529 2.269125 157 162 135
0.3939465 3.163988 0.4956841 72 70 54
-0.6544636 3.595474 2.12558 164 166 152
-0.2998306 3.489836 3.901204 178 177 171
0.02307742 3.241397 2.269353 186 191 188
-1.833393 3.447451 3.974205 184 184 182
0.3219711 3.123104 2.302255 196 197 189
-1.835368 3.457054 4.076388 184 184 182
-1.71857 4.695492 1.361663 201 197 186
-0.9662816 3.468598 3.938269 205 208 209
-0.2317539 3.303503 2.096864 145 145 125
-2.225366 3.436721 4.128274 207 211 215
0.6753371 3.032605 2.129488 159 161 153
0.2450234 3.149966 0.5024169 98 101 91
0.2988938 3.112316 2.030869 195 201 197
-1.818794 3.44428 4.113539 207 207 208
0.3756667 3.119516 1.880224 183 187 178
-1.817058 3.436226 4.01233 207 207 208
-2.503204 5.507703 -0.2513432 210 204 193
0.2136624 3.134587 0.5017309 133 137 134
0.3244078 3.036525 1.515995 142 149 141
-0.4705806 3.419874 3.969451 180 178 172
-2.310047 5.640152 -0.5339276 204 198 187
-1.467376 3.405989 4.135828 194 195 195
-2.310047 5.640152 -0.5339276 204 198 187
-1.806075 3.393987 4.087601 208 210 212
0.6316201 2.549712 1.269492 131 134 113
-2.098054 3.380085 4.267477 188 191 190
-0.2546554 1.534797 1.15905 146 159 151
-1.520623 3.363765 4.105254 182 182 181
-0.2546554 1.534797 1.15905 146 159 151
-1.520623 3.363765 4.105254 182 182 181
0.9720074 1.373501 1.274197 153 156 146
-0.2149073 3.328757 4.137694 199 202 201
0.2068589 0.7563247 1.142628 141 137 112
-1.842727 3.303256 4.290695 199 200 201
0.1794723 0.6716785 1.041449 134 132 113
-0.2432961 3.068069 0.8175085 131 138 118
0.08156192 0.6396077 0.9877404 150 148 129
0.01488989 3.04025 0.5391039 145 151 144
1.466149 3.93087 -9.576946 193 190 169
-1.247298 3.275635 4.371993 185 184 182
-1.390944 3.274941 4.425798 176 176 175
-1.911172 3.879241 3.119378 208 204 196
-1.759507 3.273473 4.488934 188 188 186
-0.1978794 3.681224 3.372722 195 189 174
-0.744754 3.270545 4.338197 192 191 187
0.4523353 3.611899 3.470085 199 193 181
0.01094239 2.990906 0.531879 126 130 122
-1.82421 3.964927 2.952838 221 217 210
0.02286248 2.980614 0.5169543 148 153 152
-0.9739957 3.866218 3.058501 188 183 168
0.05971899 2.96993 0.5035897 123 129 121
-0.2763356 3.858549 3.012634 191 186 174
-0.1215507 2.968564 0.6192172 156 162 161
0.8831388 3.731287 3.190942 176 170 155
-1.764966 3.088613 4.738497 210 213 214
-1.986657 4.113098 2.583332 205 199 189
0.007383472 2.920879 0.5015089 148 153 148
-0.8231111 3.99144 2.759322 214 211 200
0.007383472 2.920879 0.5015089 148 153 148
-0.8225083 3.995333 2.758899 214 211 200
-0.6166473 3.059095 4.761862 212 215 215
-2.245911 4.157608 2.534087 214 210 202
-1.006905 3.049345 4.805573 198 198 198
0.6068574 3.866172 2.949615 145 136 117
0.05564252 2.894499 0.4722584 100 105 96
0.4572687 3.93183 2.803645 150 144 128
-0.1160473 2.89385 0.5668157 132 138 130
1.288132 3.841573 2.91307 166 161 142
0.1679381 2.887638 0.4394457 88 90 78
-1.283781 4.168397 2.454906 213 208 198
0.167871 2.888319 0.4392937 88 90 78
0.04727123 2.857136 0.4602185 121 127 120
0.1379409 2.850022 0.4286199 93 97 89
-0.182703 3.405822 2.404371 183 190 178
-0.06675169 2.844674 0.5193879 117 124 117
-0.5571247 2.93346 4.940015 205 205 203
0.2180359 3.22424 2.360007 197 205 200
-0.09519722 2.82152 0.5243828 103 110 101
0.5091923 3.121152 2.28854 164 164 153
-0.1302196 2.818769 0.5402131 121 125 117
-0.7233114 3.55437 1.946833 159 164 151
-0.1432491 2.818286 0.5448691 95 102 88
0.1193575 3.221823 1.952822 165 168 150
-0.2183863 2.819394 0.6020285 116 121 112
0.3086373 3.082648 1.96871 139 140 122
-0.3657459 2.806684 0.6670589 102 104 93
0.6687833 3.032353 2.000561 170 165 145
-0.03871506 2.801032 0.477282 101 107 101
-0.5952232 3.408733 1.601053 144 140 115
-1.64302 2.821054 5.437298 200 200 201
-2.627365 5.329321 0.1133667 191 180 170
0.8741378 2.95345 1.834638 184 187 178
2.559413 2.844624 2.921993 170 164 156
-2.258316 5.292325 0.06951634 201 195 182
-0.1833031 2.787292 0.55804 68 67 55
-2.448521 5.323301 -0.004490859 192 182 170
-2.372283 5.374766 -0.07355935 191 183 169
-0.04746151 2.780765 0.4746367 154 160 160
0.05786522 2.768614 1.458761 169 176 174
-0.08975125 2.779047 0.5050114 108 110 97
0.5505989 2.798269 1.348297 83 87 72
-1.840195 2.782563 5.612309 186 186 186
0.7882929 2.567189 1.370901 162 171 163
-0.2817121 2.749778 0.5138335 76 81 69
1.859381 1.943244 1.690957 188 195 196
-0.07332267 2.748464 0.474844 138 143 137
0.2175058 0.9848233 1.395874 197 205 193
-1.687078 2.732772 5.702569 186 184 185
0.3736322 0.9182721 1.353545 137 133 114
0.1675554 2.737403 0.3838025 101 106 99
0.3736322 0.9182721 1.353545 137 133 114
0.1886127 2.738379 0.3816049 134 137 134
0.394565 0.8444316 1.307078 164 168 160
0.1974763 2.726144 0.3734716 128 132 127
-0.08716937 0.8810712 1.220162 184 186 171
-1.104366 2.672918 5.668373 211 214 214
0.08395975 0.5761307 0.7616408 180 176 158
0.1659985 2.694658 0.3673945 135 140 134
-0.9959089 2.541202 6.132628 204 207 207
0.6809887 3.623097 3.429149 192 187 178
-0.4933931 2.656713 0.4515997 57 59 41
0.1564936 3.794463 3.11602 168 158 141
-0.2825097 2.648657 0.271579 94 96 88
-2.066189 4.064362 2.699299 208 202 195
-0.9760971 2.510847 5.929312 191 191 191
-0.678815 3.945655 2.870248 204 199 188
-0.2777565 2.639628 0.3695363 79 83 67
-0.7894608 2.616725 0.6912006 130 129 108
0.4223134 3.86048 2.955149 147 137 118
-0.4325233 2.616021 0.3762953 82 84 68
-1.810214 4.137554 2.540668 191 183 169
-0.1573922 2.615492 0.3494478 68 71 58
-0.4498889 4.007933 2.704057 173 173 164
-0.02317017 2.607013 0.3497291 112 112 104
-1.682468 4.214083 2.376946 202 196 183
0.03287049 2.594351 0.3489967 106 105 94
-2.124833 4.334543 2.183843 216 214 205
0.1369797 2.599755 0.1723932 116 120 111
-2.36617 4.354781 2.146186 213 208 198
1.210061 2.548873 0.7053379 46 41 20
-1.416861 4.291093 2.173426 197 190 176
-0.7528087 2.531589 0.6767939 106 104 82
-0.7528087 2.531589 0.6767939 106 104 82
-0.04575973 3.446724 2.617647 211 216 211
-0.228258 2.489221 0.2350563 84 86 71
-0.5666123 3.646759 2.311354 167 168 157
-0.4628919 2.463927 0.2471933 73 74 59
-2.349235 4.536339 1.751353 190 184 171
-0.4628919 2.463927 0.2471933 73 74 59
-0.3635578 3.470543 2.251003 166 172 141
-0.3475993 2.443881 0.2124662 104 106 95
-0.32186 3.44261 2.24678 177 185 161
-0.3475993 2.443881 0.2124662 104 106 95
-2.094848 4.665439 1.443958 188 181 169
-0.5014867 2.43931 0.2398552 72 71 53
2.450366 4.193522 2.128065 159 151 130
0.2813703 2.453218 0.03692345 132 136 128
2.450366 4.193522 2.128065 159 151 130
-0.470841 2.433859 0.2270094 73 75 61
2.154039 4.224889 2.033842 163 152 133
-0.2596304 2.430152 0.1901103 72 73 58
-0.4233253 3.440927 2.064242 167 172 153
-0.3032318 2.42688 0.1928873 117 118 103
-1.841357 4.800513 1.130199 199 194 183
-0.3032318 2.42688 0.1928873 117 118 103
0.6651032 3.073753 2.205167 186 191 182
-0.02222969 2.423954 0.1856707 113 114 107
-1.182093 4.767864 1.184254 194 200 179
-0.1911926 2.423626 0.1808199 77 80 71
2.595435 4.336892 1.770435 160 149 130
-0.1001179 2.421955 0.1750867 91 93 82
2.45035 4.384512 1.694875 155 143 125
0.3228359 2.423919 -0.01365816 72 73 64
0.5288011 3.061164 2.120153 185 186 178
-0.4528243 2.400965 0.2011665 103 104 90
0.8634055 2.976539 2.062001 183 186 174
-0.6165981 2.379736 0.4420466 155 156 133
0.2626858 3.201307 1.788308 164 169 158
-0.6959367 2.36689 0.5733939 108 111 92
-0.5307506 3.455433 1.342386 154 151 135
-0.1774892 2.405397 0.1682492 85 90 82
-2.523642 5.315635 0.03975701 192 183 170
-0.6603222 2.362128 0.5114521 103 104 87
0.54984 3.108984 1.554358 132 137 128
0.2737347 2.409529 0.05296253 152 158 154
-0.9365698 3.706858 0.9869414 110 107 88
-0.7029965 2.351917 0.5770144 139 144 131
-0.9444007 3.719595 0.9800751 110 107 88
0.2352852 2.395402 0.08206246 143 142 132
-2.440481 5.704627 -0.6645269 190 180 166
0.1400164 2.390174 0.1425403 120 120 109
0.4982046 2.817217 1.369528 136 140 127
0.09753605 2.390047 0.1459235 114 118 111
-0.3998623 1.575704 1.095174 202 207 197
-0.4280281 2.374957 0.1761491 76 79 63
0.9552196 1.191805 1.169132 142 147 144
0.287675 2.376221 0.01693814 124 128 122
0.2913138 0.6911006 1.106818 201 206 196
0.01376841 2.359451 0.1351977 89 90 81
0.1235837 0.6311441 0.964844 149 148 128
-0.02694484 2.310523 0.1110832 93 94 87
-0.1443439 0.6614972 0.8956317 144 147 129
0.3565222 2.329539 -0.103131 113 117 112
-1.026081 0.02421949 1.34187 38 42 39
-0.3052692 2.301888 0.09972068 97 98 83
0.3865123 2.327945 -0.1239963 105 108 100
-0.8876224 3.731855 3.324115 202 196 184
0.09201759 2.301858 0.09042118 139 142 137
-1.283312 3.776021 3.25887 198 194 181
-0.2162738 2.294038 0.09357634 67 69 56
0.3912752 2.317376 -0.1320051 128 130 126
-1.038375 3.795393 3.202581 193 186 175
-0.3768672 2.284438 0.1150498 78 79 63
-0.8737265 3.789556 3.204845 203 197 187
-0.1902729 2.276414 0.08116132 105 107 95
-0.9466891 3.857003 3.079081 200 191 181
0.002882327 2.269328 0.08512113 124 127 124
-0.5213461 3.896662 2.957478 199 190 180
0.004037559 2.269043 0.08751936 124 127 124
0.8757163 3.760485 3.128267 172 165 150
-0.02259703 2.264803 0.08634157 96 98 90
0.6337526 3.816319 3.031248 176 169 154
-0.2615372 2.251463 0.07897168 23 18 10
-1.899508 4.126595 2.591208 207 204 192
0.3090347 2.255574 -0.05117355 151 154 147
-0.9113828 4.007617 2.743729 212 207 196
-0.5741567 2.22403 0.1806645 101 100 80
-1.871461 4.125063 2.558005 207 203 190
0.04348657 2.235393 0.07518199 108 111 108
-1.871461 4.125063 2.558005 207 203 190
0.04348657 2.235393 0.07518199 108 111 108
-1.860661 4.157099 2.522137 207 201 190
0.2907829 2.232666 -0.03667736 168 168 159
-0.694719 4.017479 2.710065 207 201 189
0.3800879 2.237125 -0.1684387 102 106 100
-0.2598076 3.849455 2.759914 165 164 144
0.2459204 2.211671 0.003339516 140 142 134
-2.118191 4.224936 2.387683 213 209 200
0.1219773 2.204121 0.04073552 140 142 141
-0.2673855 3.652183 2.684228 216 222 211
0.1219773 2.204121 0.04073552 140 142 141
-2.416685 4.362174 2.119488 192 185 174
0.05956914 2.202888 0.04970491 80 83 75
0.6037858 3.966618 2.582992 99 94 77
0.05965253 2.201206 0.0506926 80 83 75
-1.703203 4.312835 2.164444 139 128 105
0.30292 2.208779 -0.06960467 139 143 137
-0.1687167 3.515118 2.612226 164 159 137
0.3567316 2.220099 -0.1605535 101 101 94
-0.1677443 3.512058 2.61263 164 159 137
0.3334237 2.212837 -0.1110575 30 35 29
0.02410917 3.429222 2.653046 189 193 184
0.241716 2.196336 0.003830136 81 79 68
-0.0965937 3.474318 2.618301 159 164 152
0.2881336 2.19875 -0.04503443 147 150 138
0.5998087 3.865264 2.562058 136 133 116
0.3392924 2.193334 -0.1468843 53 53 50
0.05838218 3.368401 2.561385 161 164 147
-0.6896985 2.105657 0.4174199 159 156 142
1.433058 2.550442 3.017543 160 147 126
-0.6896985 2.105657 0.4174199 159 156 142
0.07537811 3.368341 2.528712 171 175 165
-0.503589 2.143859 0.1513689 139 141 118
0.04718539 3.359916 2.498766 158 161 142
0.5805112 2.188821 -0.2507204 84 87 79
0.3061774 3.294493 2.5436 143 150 131
0.06896798 2.135826 0.009804492 126 127 122
-0.3153125 3.469539 2.400806 162 167 137
-0.005479173 2.137629 0.009779695 100 104 98
-1.323349 4.29501 2.170272 188 187 183
-0.1545231 4.30587 2.092814 164 168 147
-0.01553619 2.127015 0.002965624 116 119 116
-1.358457 4.380511 1.986108 183 179 171
-0.3512357 3.498255 2.353303 165 171 143
0.4864198 2.149796 -0.2177316 129 124 111
-1.401771 4.472752 1.805592 174 169 162
0.1649368 3.285776 2.420077 205 210 207
0.3490456 2.129411 -0.1712539 94 92 78
-1.010634 3.842086 3.117471 201 200 195
-0.8176247 2.027715 0.4200876 92 87 66
-1.009197 3.861001 3.074421 195 194 191
0.8568549 4.28056 2.084076 140 146 136
0.4595703 2.127292 -0.2422734 131 130 122
-1.584792 4.800405 1.13683 170 166 155
-2.058715 4.599882 1.59479 179 169 156
0.2311773 2.090511 -0.07817455 157 157 149
-1.43517 4.568789 1.613641 169 163 153
0.1578729 3.259973 2.378798 171 178 168
-0.4314369 2.051589 0.1615077 147 146 136
-1.48054 4.666193 1.406404 164 159 150
0.3900424 3.219297 2.39464 189 195 188
-0.003928279 2.078205 -0.01492795 109 110 104
-1.505805 4.70881 1.317633 143 138 129
0.7339216 3.190947 2.406868 125 130 116
0.1409656 2.064383 -0.01839296 122 122 110
-1.506017 4.708613 1.316771 143 138 129
-2.066191 4.698074 1.386898 186 177 166
-0.889389 1.991149 0.4197547 67 66 46
-1.331048 4.437124 1.876495 162 157 147
0.6632004 3.111504 2.33856 187 192 187
0.4076404 2.094483 -0.2577152 71 68 59
-1.22546 4.28269 2.19012 182 182 176
-0.914053 3.736268 1.866245 181 192 189
-0.3080119 2.028578 0.09918964 145 149 141
-1.281125 4.41471 1.927119 175 175 170
-0.5729082 3.50299 2.014592 219 221 211
-0.2590182 2.039543 0.0292984 128 132 126
-1.723759 5.12183 0.4723538 176 171 165
-0.3432933 2.025718 0.09245779 176 177 166
-1.582759 4.918874 0.8829479 157 148 138
0.6202137 3.09935 2.245541 192 197 191
-0.0797127 2.038438 -0.01727152 111 115 110
-1.346941 4.557478 1.629956 102 100 87
-0.5674831 3.481714 1.929087 165 170 151
-0.3862258 2.012844 0.1271172 117 122 115
-1.35633 4.57479 1.59301 176 172 165
0.7655749 3.066562 2.27425 192 196 188
0.1657769 2.033496 -0.05282205 141 139 125
-1.269275 4.4546 1.842577 156 153 144
-1.916813 4.794354 1.164605 208 203 193
-0.06591983 2.029418 -0.02486688 132 136 132
-1.338612 4.556468 1.619044 178 174 166
-0.647649 3.501945 1.899763 156 160 138
0.05868407 2.02778 -0.03326321 126 127 121
-0.9590315 4.016481 2.731012 174 174 167
0.5655156 3.069731 2.205375 174 179 170
-0.08829782 2.017832 0.008272359 131 135 133
-1.251189 4.519375 1.702047 119 113 102
0.9016824 3.01634 2.226248 170 177 167
0.1256834 2.025637 -0.0392906 127 128 119
-1.302397 4.589551 1.547394 145 140 129
0.9655949 3.007566 2.19861 173 178 168
-0.3327197 2.007045 0.07264891 172 176 168
-1.274043 4.557343 1.612867 142 137 130
0.6223372 3.027803 2.138767 147 151 141
0.04430631 2.280212 -1.401926 99 99 91
-1.461167 4.86798 0.9760118 173 168 158
0.5428848 3.070955 2.070038 157 150 128
0.04318853 1.995996 -0.04448009 131 131 125
-0.7603871 3.753619 3.265303 191 191 186
-0.4594565 3.388195 1.731752 144 138 121
0.4034006 2.033558 -0.2792805 140 141 134
-1.463173 4.898737 0.9119059 149 144 135
0.9883088 2.969929 2.031553 177 182 172
-0.1894263 1.984801 -0.03998099 97 101 93
-1.142833 4.393193 1.953707 179 178 174
-0.2455433 1.981545 -0.03931636 92 95 88
-1.142806 4.409559 1.918708 159 158 150
0.859148 2.954843 1.995962 156 158 148
0.1834432 1.998887 -0.2242708 133 137 132
-1.34728 4.753962 1.216792 167 167 158
0.6511283 2.99115 1.918925 148 155 143
-0.2305959 1.968413 -0.04846816 87 91 83
-0.8772556 3.992603 2.771717 176 172 161
-0.4438342 1.914074 0.172328 137 138 126
-1.154582 4.479205 1.777988 135 131 122
-2.031373 5.155343 0.4032818 209 203 189
0.195856 1.994774 -0.2499766 128 133 131
-1.156365 4.477403 1.776354 135 131 122
1.175932 2.991675 1.944357 160 160 151
0.04374165 1.957865 -0.06437121 131 132 125
-0.9432817 4.139139 2.475475 199 199 194
0.8894808 2.946958 1.906351 169 165 145
-0.07784673 1.959723 -0.05762239 126 130 126
-1.443457 4.952388 0.8020546 153 146 135
0.9943522 2.952378 1.879379 168 168 158
-0.4360846 1.918285 0.1406478 172 175 168
-1.129203 4.49817 1.766042 166 166 158
0.8443579 2.923394 1.802306 142 146 136
0.07523987 1.948457 -0.08708857 145 143 135
-1.110594 4.457894 1.823758 156 156 148
0.3554603 3.1465 1.619202 181 187 182
-0.06286505 1.94388 -0.06429789 134 137 134
-0.9078543 4.128239 2.481281 205 206 205
-2.070198 5.388301 -0.04713539 200 191 175
-0.06286505 1.94388 -0.06429789 134 137 134
-1.612728 5.26667 0.1551533 166 162 149
0.2953344 3.089918 1.55956 159 166 159
0.1974788 1.969142 -0.2653138 128 129 123
-1.489296 5.075862 0.5493621 168 163 151
0.8690795 2.989045 1.657955 142 141 128
0.2683102 1.969194 -0.2981849 133 134 125
-1.283181 4.760179 1.194912 144 143 135
0.7247509 3.099787 1.566777 169 171 157
0.06228996 1.935551 -0.1519171 140 143 138
-1.198667 4.632274 1.458928 96 97 84
-0.8943866 3.705335 0.9736148 216 220 212
0.2089793 1.959394 -0.2846082 141 146 145
-0.6047255 3.668993 3.4259 198 197 192
-0.5985726 3.514291 0.9853987 164 165 154
0.1079885 1.940344 -0.1980409 160 164 159
-0.8894898 4.155827 2.431799 143 144 129
-2.78302 5.826615 -0.8938521 189 182 171
0.1079885 1.940344 -0.1980409 160 164 159
-1.511948 5.162278 0.3651617 164 159 146
-0.7148055 3.508613 0.8199266 180 180 161
-0.295483 1.920532 -0.0705399 91 92 80
-1.043995 4.445642 1.837935 149 149 141
0.6000417 2.739334 1.372314 148 159 157
-0.3326119 1.912313 -0.05368806 94 99 87
-1.222176 4.754577 1.201811 135 129 120
3.015238 5.535538 -0.6200326 174 165 143
-0.3326119 1.912313 -0.05368806 94 99 87
-0.6298321 3.85244 3.049955 164 162 156
-0.6441133 2.786816 0.9537139 185 186 174
-0.6923045 3.964859 2.814873 171 171 165
0.058794 2.846138 0.8613886 153 153 139
-0.4049508 1.901476 -0.01557083 103 105 89
-1.149696 4.724823 1.260967 138 133 123
0.8794523 2.328895 1.354898 140 149 144
0.1283143 1.942103 -0.2556705 122 128 123
-1.170141 4.793247 1.112248 159 154 145
0.9140715 2.298156 1.336742 114 122 111
0.1169496 1.937955 -0.2515514 112 116 113
-1.19101 4.834921 1.031064 166 162 154
-0.297251 2.155385 1.334468 150 158 151
0.266103 1.947395 -0.3068827 134 138 131
-1.469027 5.317326 0.04879943 120 114 101
-0.304617 2.036347 1.326015 139 147 142
0.1097438 1.911659 -0.2611982 105 108 105
-1.167263 4.879537 0.9371096 159 157 149
0.6074889 1.972601 1.447154 151 151 134
-0.1602235 1.873589 -0.08904076 112 117 112
-0.2835534 1.805274 1.275438 149 154 147
0.01339281 1.873432 -0.1502863 163 166 160
-0.4479412 3.871331 3.046651 191 192 189
-0.518527 1.835991 1.185766 160 171 167
-0.2454576 1.863156 -0.08517721 121 124 120
-0.7600892 4.342308 2.034051 134 144 135
-0.3798837 1.650384 1.167418 134 144 130
0.1814103 1.901679 -0.2886564 17 20 16
-1.163965 4.996735 0.6923508 143 136 123
-0.219284 1.508864 1.163574 193 200 198
-0.2316693 1.849531 -0.09259585 103 105 103
-0.360186 3.703374 3.344484 196 195 192
-0.3500687 1.53085 1.080848 64 67 53
0.01928396 1.865064 -0.1793473 152 153 149
-0.4003108 3.930707 2.868779 183 182 178
-0.2603687 1.485415 1.129657 150 162 153
0.1150194 1.88264 -0.2873684 142 145 142
-1.014553 4.951244 0.7807981 132 127 116
0.2587296 1.147458 1.44451 131 127 111
-0.0007459559 1.854132 -0.1592313 161 161 159
0.4739163 1.039388 1.403116 141 146 136
-0.7462729 4.655307 1.380574 105 107 94
-0.1037455 1.064795 1.288336 190 195 179
-0.1337269 1.83428 -0.09884799 117 120 115
-0.1604634 3.757765 3.212749 160 160 152
0.647505 1.571265 0.6915081 124 120 99
-0.4760092 1.809841 -0.007934117 112 115 99
-0.1873741 3.934407 2.921314 185 183 180
-0.1321442 1.065031 1.263416 138 138 121
-0.5491028 1.724783 0.3177242 116 119 111
-0.7632007 4.852243 0.9659216 115 108 96
-0.1774055 0.9923 1.191859 200 210 200
-0.4177201 1.801588 -0.06697603 116 96 81
0.01962019 3.597188 3.534746 194 189 187
-0.1062241 0.9657829 1.231988 177 181 172
-0.4494616 1.79507 -0.04867561 140 143 129
-0.1092654 3.825898 3.062834 181 180 173
0.8235387 0.9033561 0.9740045 163 162 146
-0.2096684 1.795532 -0.1071833 136 139 136
0.03894928 3.629749 3.468656 69 73 61
0.3187149 0.6770741 1.084783 139 131 111
-0.2794207 1.791383 -0.0917528 106 110 102
0.04943973 3.619148 3.481468 186 186 181
0.05074619 0.6755625 1.060326 165 164 147
-0.4471968 1.778036 -0.05921941 90 91 76
0.08505794 3.672855 3.378232 80 84 76
-0.1790699 0.6810601 0.9180385 209 212 200
-0.6945193 1.65396 0.4200249 160 161 144
-0.03262984 3.955967 2.848459 176 181 181
0.1420103 0.6143209 0.8608927 132 130 104
0.1159415 1.833588 -0.3339363 144 147 143
0.1435544 0.6158435 0.8623557 132 130 104
-0.01052737 1.814969 -0.2872234 156 161 157
-0.6772506 5.258996 0.1189067 135 129 112
0.6673227 0.6564305 0.6637822 177 178 162
0.2374682 1.839422 -0.4024754 82 86 80
-0.2426643 4.614579 1.460903 171 183 182
0.05099688 0.5384145 0.6962584 134 128 110
0.0354853 1.820637 -0.3183477 100 105 101
0.3134439 3.661548 3.375576 155 151 140
-0.5388672 5.280378 -10.4321 196 191 176
-0.03173614 1.80905 -0.2745931 149 154 150
0.234199 3.833836 3.024579 167 168 162
2.416016 3.894017 -9.15989 193 191 172
0.1975342 1.833205 -0.387264 128 132 126
0.1155116 4.160309 2.402124 153 160 142
2.416016 3.894017 -9.15989 193 191 172
-0.01902666 1.803946 -0.2894565 127 132 129
0.9339532 3.293295 4.241844 180 177 170
-0.4488181 1.737868 -0.05190279 116 114 99
0.8332088 3.478122 3.725493 158 159 153
2.497159 3.404343 -9.084265 187 186 164
-0.01665038 1.791773 -0.2935041 172 176 174
0.9318475 3.494882 3.676301 128 128 119
2.315315 3.129642 -9.326699 187 185 163
0.1208935 1.800201 -0.3475256 137 138 131
1.003893 3.455779 3.814024 178 179 173
1.713034 3.174168 -9.883641 206 202 182
0.2233733 1.806387 -0.408778 99 99 93
0.5007704 4.420065 1.864456 163 172 160
1.701679 3.116715 -9.709805 206 202 182
-0.5104945 1.697394 0.01219936 126 127 111
1.02818 3.544562 3.591914 161 159 153
0.7890448 3.291045 -10.51499 206 205 185
0.004119352 1.771491 -0.3068347 109 112 107
1.02818 3.544562 3.591914 161 159 153
1.50403 2.989114 -10.16712 208 205 185
0.1914642 1.784418 -0.3881696 149 151 143
0.717645 4.242097 2.224094 208 217 217
1.50403 2.989114 -10.16712 208 205 185
0.1662029 1.772996 -0.3704064 70 70 62
1.299517 3.303302 4.103306 155 151 144
0.6840412 2.855435 -10.75192 207 200 182
0.05229145 1.760336 -0.3364411 154 158 150
0.6477296 4.424217 1.841893 176 188 189
1.466411 2.643663 -10.31065 211 207 186
-0.0253083 1.740272 -0.2969338 166 167 163
1.244748 3.730462 3.281584 162 161 155
1.466411 2.643663 -10.31065 211 207 186
-0.1217491 1.722521 -0.2639513 143 147 144
1.041825 4.284847 2.112363 100 106 97
0.9958975 2.621806 -10.62595 190 185 164
0.5581881 1.592544 0.1169243 61 58 44
1.488729 3.704337 3.239409 149 144 138
-0.7365757 2.9488 -11.68333 196 191 167
0.08631421 1.737352 -0.362193 131 129 120
1.540228 3.808825 3.074652 153 148 139
-1.233619 3.760418 3.289688 210 205 192
-0.5054528 1.604221 0.05887112 166 168 155
-0.2421113 1.626347 -0.142044 140 141 134
1.566922 4.266583 2.160113 161 167 163
-0.7780485 3.85956 3.048207 199 193 179
-0.2861304 1.611937 -0.1332421 120 125 121
1.52086 4.237607 2.149065 136 144 130
-0.2902195 3.82939 3.072209 193 187 173
-0.02010105 1.665151 -0.3348447 121 122 116
-1.74314 4.174737 2.468322 174 168 158
-1.968098 4.031877 2.780707 201 195 188
0.1922823 1.689125 -0.437544 160 162 156
-1.420545 3.654657 3.513705 208 208 206
0.1974128 3.799764 3.104345 176 170 159
-0.1491971 1.64191 -0.2905741 108 115 111
-1.604908 3.986714 2.85279 208 208 207
-0.5929407 3.901487 2.948038 207 200 192
0.08665656 1.665815 -0.389736 135 136 129
-1.557258 3.920004 2.981585 205 207 200
0.01320817 1.661649 -0.3670254 100 104 99
-1.316478 3.509863 3.801979 195 197 188
-0.1921873 3.889155 2.947607 182 176 164
0.1968322 1.677922 -0.4421787 61 62 57
-1.60333 4.018994 2.776609 171 169 163
0.6578031 3.787407 3.086696 180 174 160
0.1991501 1.676083 -0.4381856 61 62 57
-1.759923 4.291391 2.211385 183 182 174
-0.2795481 3.91824 2.888389 198 193 186
-0.3080709 1.57532 -0.1334062 114 120 115
-1.560634 3.979341 2.855553 200 201 198
-1.929051 4.110291 2.599336 172 165 148
0.03055236 1.623044 -0.3934434 161 164 156
-2.04863 4.770561 1.230302 139 138 129
-0.6410396 3.99477 2.743143 208 202 190
0.1470791 1.602353 -0.4393896 136 137 128
-1.7999 4.387197 2.013977 185 181 172
-2.137867 4.200785 2.439457 208 204 194
-0.2497364 1.52279 -0.2072326 174 177 174
-1.47597 3.867728 3.094087 201 205 202
0.6888677 3.880837 2.885493 166 156 141
-0.2228308 1.53641 -0.2968692 168 171 166
-1.949325 4.638545 1.492272 154 146 135
-2.084995 4.197678 2.431736 181 173 159
0.3915741 1.561293 -0.4310463 96 94 82
-1.654112 4.156634 2.475898 177 174 166
-0.3688169 4.023462 2.675961 164 163 140
-0.0549289 1.559654 -0.3876186 117 116 106
-2.024158 4.776506 1.226832 157 154 146
-0.2644753 1.496412 -0.2192485 187 191 185
-1.519483 3.956275 2.902965 201 201 199
-1.908153 4.24415 2.330649 178 172 160
-0.2031358 1.528297 -0.3223706 111 113 105
-1.640343 4.157689 2.4901 153 150 142
-0.3208158 1.463028 -0.1444137 138 142 138
-1.937401 4.629802 1.512429 148 141 130
-2.150321 4.29552 2.248115 218 215 207
0.1392106 1.56497 -0.4697011 122 127 123
-1.274776 3.549116 3.743936 73 71 76
-0.1089189 1.545848 -0.3981069 119 123 123
-1.740999 4.324903 2.145105 105 96 82
0.6122352 3.990964 2.668623 140 135 122
0.1451865 1.558641 -0.4784507 111 114 109
-1.740999 4.324903 2.145105 105 96 82
-0.2696477 3.578898 2.631133 211 211 194
-0.2836126 1.464381 -0.200092 159 165 164
-1.771449 4.384602 2.017515 148 145 130
-2.081188 4.347717 2.115496 215 211 203
-0.3473682 1.43801 -0.1323702 163 167 160
-1.721738 4.298069 2.18844 177 172 160
0.4707815 4.101932 2.46541 100 99 82
0.3370627 1.51887 -0.4341731 114 114 104
-1.548274 4.051026 2.72772 189 186 180
0.1044334 3.373887 2.585484 165 166 151
-0.211459 1.482277 -0.3024303 174 173 161
-2.056646 4.845869 1.071857 171 166 155
1.815309 3.991219 2.59204 169 158 139
-0.5578144 1.3283 0.1018188 119 120 103
-1.543613 4.021244 2.767853 198 198 196
0.0872451 1.51079 -0.4590289 102 105 104
-2.000318 4.782274 1.207753 172 170 160
-2.206219 4.42879 1.894165 189 183 170
-0.2858324 1.422736 -0.2126899 161 166 166
-1.664708 4.236519 2.318868 96 91 75
-0.4452066 3.583652 2.387397 145 154 134
-0.0518601 1.491536 -0.4385269 125 128 122
-1.628588 4.207275 2.385975 183 179 171
1.865289 4.013721 2.52869 166 156 139
-0.2658443 1.43094 -0.2676828 193 196 191
-1.678691 4.29445 2.203269 179 175 164
0.1403342 3.339156 2.521942 165 167 152
-0.02179747 1.479485 -0.4612253 125 128 125
-1.74112 4.397929 1.984702 161 155 145
-2.180583 4.506571 1.80756 161 152 138
-0.05084188 1.471481 -0.4634737 96 100 99
-1.74112 4.397929 1.984702 161 155 145
-2.176522 4.498254 1.809311 161 152 138
-0.1593416 1.462154 -0.4395392 134 136 128
-1.462907 3.949672 2.912566 163 158 152
-0.273194 3.467866 2.40216 209 215 206
-0.3362858 1.346092 -0.1384279 191 195 188
-1.676241 4.310839 2.167861 187 182 171
-0.1636487 3.419699 2.430914 189 194 185
0.1272302 1.472404 -0.497146 118 120 111
-1.268665 3.648306 3.541802 204 204 195
-0.05296251 3.384629 2.455283 200 201 191
-0.2774319 1.375407 -0.2831516 170 175 173
-1.623511 4.229617 2.333373 175 171 161
0.0913635 3.335064 2.466268 164 168 149
-0.1423879 1.435424 -0.4619938 112 114 107
-1.363977 3.80276 3.218637 192 190 186
-0.1267527 3.382412 2.417276 175 180 170
0.3828364 1.404173 -0.4463082 129 130 119
-1.314539 3.729959 3.371137 87 83 76
0.3756623 3.268934 2.513981 101 102 88
-0.2260618 1.365247 -0.3144383 135 135 125
-1.410794 3.849006 3.084705 203 208 206
-0.4409157 3.54951 2.302873 143 146 125
-0.1700327 1.376172 -0.3648645 163 163 153
-1.901625 4.682611 1.400225 164 163 158
-0.07444438 3.3693 2.414952 168 173 162
-0.1635973 1.370147 -0.3718129 100 95 82
-1.901625 4.682611 1.400225 164 163 158
0.08691095 3.329987 2.43804 196 199 189
0.1256164 1.391649 -0.4551837 141 138 120
-1.716641 4.39631 1.990984 168 163 153
1.692841 4.093893 2.353473 162 156 141
-0.0222882 1.412583 -0.4970209 112 114 107
-1.583669 4.180918 2.432838 186 185 177
-0.1093205 3.364014 2.390657 187 192 185
-0.3519242 1.276139 -0.1515036 156 160 154
-1.739 4.437906 1.901716 181 177 169
-1.667325 4.514827 1.729982 206 202 192
-0.1878047 1.35084 -0.355599 177 182 177
-1.725776 4.420169 1.942398 180 175 165
-0.3934666 3.505219 2.28024 223 229 225
-0.4402943 1.215693 -0.00894698 168 172 164
-1.529097 4.111376 2.582333 196 196 191
-0.3911384 3.495615 2.28461 223 229 225
-0.4832521 1.176403 0.05581895 116 119 112
-1.941684 4.775168 1.211666 171 166 157
2.363484 4.05876 2.406631 159 144 124
-0.2926741 1.302875 -0.2813414 132 136 127
-1.590085 4.222348 2.352568 118 113 98
-1.793533 4.50561 1.70514 187 181 167
0.2937056 1.35802 -0.4619362 102 99 87
-1.641237 4.322355 2.143074 186 181 173
0.3554113 3.233974 2.404431 140 139 126
-0.3635786 1.245087 -0.1517203 186 189 183
-1.691375 4.398576 1.980777 183 180 171
0.1953123 3.247756 2.377937 201 208 205
-0.3549433 1.258628 -0.1920601 144 145 140
-1.622725 4.294083 2.200213 162 159 148
-0.0369972 3.309917 2.307698 209 213 201
-0.4559282 1.17217 0.02762271 143 147 141
1.23906 4.536173 1.453056 100 85 57
-1.674214 4.375629 2.027921 178 177 167
-0.0364554 3.298021 2.281531 93 96 83
-0.2425681 1.292708 -0.2996209 131 132 125
1.609411 4.486157 1.522767 125 112 96
-1.676574 4.383559 2.010758 164 159 147
-0.5406982 3.521615 2.110156 118 116 94
-0.3860855 1.225806 -0.1317041 152 157 154
-1.458854 4.871481 0.9776838 200 189 175
-1.933948 4.832015 1.115391 175 170 161
-0.5032516 3.50709 2.114475 199 203 194
0.5898747 1.260256 -0.3241332 122 124 114
1.823326 4.441064 1.601636 86 78 56
-0.5246131 3.506108 2.071519 201 207 199
0.1346885 1.339285 -0.4729089 72 69 62
1.461087 4.47857 1.55339 117 103 82
-1.62513 4.339789 2.104491 185 182 171
0.6335055 3.130411 2.359557 152 150 133
0.1345188 1.338953 -0.4728392 72 69 62
2.091422 4.36544 1.740196 167 155 138
-1.500152 4.138449 2.515096 206 206 203
-0.4997926 1.12969 0.03700864 95 99 92
-2.16297 4.906189 1.026819 209 197 183
-1.099114 3.471469 3.870828 76 71 79
-0.7172028 4.622601 1.454569 152 158 144
-0.3277404 1.221692 -0.244229 135 133 121
-1.744559 4.837003 1.069166 188 176 162
-1.444554 4.083758 2.628115 158 156 146
0.9105451 3.100174 2.32679 158 159 148
0.1900785 1.316318 -0.5065675 148 150 139
1.396495 4.434107 1.654399 127 113 92
-1.444554 4.083758 2.628115 158 156 146
0.02396645 3.213892 2.165752 178 177 159
-0.2549368 1.233932 -0.285491 181 183 176
1.670703 4.401287 1.707602 136 128 110
-1.652307 4.440648 1.890043 155 150 140
0.7105408 3.080746 2.283564 190 195 187
-0.5287075 1.092472 0.04179347 132 133 117
1.583301 4.407289 1.694072 140 128 112
-1.478046 4.16269 2.468245 165 164 159
-0.2839269 3.311189 2.039881 168 172 150
0.07567156 1.278581 -0.4353481 137 137 124
1.236579 4.449572 1.640151 94 78 52
-1.642954 4.430582 1.913631 157 155 145
0.2585141 3.16637 2.139122 197 194 175
0.07567156 1.278581 -0.4353481 137 137 124
2.039393 4.346208 1.77454 165 157 140
-1.614554 4.391477 2.000011 178 175 166
-0.5197974 3.437864 1.906737 181 188 182
-0.2656421 1.211817 -0.2651025 139 140 131
0.9421783 4.482528 1.603799 41 27 4
-1.36398 3.986498 2.834016 203 202 199
0.4594786 3.068333 2.176587 149 148 130
-0.4613532 1.090079 0.007921208 112 115 107
1.017099 4.465155 1.615701 80 63 32
-1.543911 4.301512 2.190076 180 178 170
-0.6174541 3.471644 1.83077 166 171 145
-0.2745467 1.191503 -0.2513991 139 141 132
-1.322498 4.752308 1.225264 203 194 181
-0.9711926 3.347195 4.142282 156 154 147
2.700643 4.337964 1.746051 164 154 135
-0.07305022 1.235609 -0.3678212 63 62 55
-1.712999 4.797651 1.143096 164 153 137
-1.63178 4.44476 1.880633 139 134 122
2.705099 4.358011 1.742201 164 154 135
0.1599064 1.263975 -0.489204 120 121 113
-1.675086 4.796285 1.157478 201 192 179
-0.6744834 3.482045 1.765249 156 160 146
0.07100421 1.220459 -0.4023199 164 167 159
2.031957 4.325805 1.871457 150 141 125
-1.617929 4.433757 1.90115 185 180 173
-0.07205515 3.317052 1.915871 163 163 150
-0.4237372 1.059527 -0.00622846 172 176 170
-1.315511 3.968685 2.876085 112 111 102
0.9996247 3.012937 2.171504 148 152 135
0.06215626 1.223105 -0.4338341 167 173 166
-1.646028 4.488936 1.786188 187 182 174
0.9246926 3.00323 2.100393 178 180 170
-0.2199493 1.156862 -0.2706002 119 120 112
2.352379 4.274686 1.911669 99 87 67
-1.753226 4.683723 1.390828 175 173 164
0.5993856 3.053913 2.026223 156 149 125
-0.1489549 1.158802 -0.3016108 140 140 127
-1.637937 4.773469 1.180755 196 184 170
-1.608782 4.452893 1.858505 139 134 124
0.9655786 2.997723 2.085987 176 178 165
-0.2749315 1.137142 -0.2444315 128 131 128
-1.901524 4.791262 1.18468 205 193 179
-1.766999 4.710855 1.330078 173 169 161
-0.5215957 3.392739 1.676212 181 183 174
-0.2317521 1.144266 -0.2718644 144 147 139
2.485297 4.238315 2.025429 144 131 113
-1.591563 4.444248 1.875836 173 167 158
-0.5255989 3.39986 1.672731 181 183 174
-0.1459017 1.144493 -0.3025857 102 98 86
1.126125 4.394258 1.756844 75 55 31
-1.389737 4.13646 2.518521 187 187 186
-1.27044 4.959781 0.7690274 192 193 168
0.1092372 1.197103 -0.4643628 137 140 137
-1.744462 4.743228 1.263463 191 179 165
-1.533654 4.367717 2.036367 183 182 175
0.4877413 3.023108 1.96093 143 145 134
-0.233032 1.120247 -0.2797857 123 125 117
-1.531047 4.353194 2.051706 160 158 149
0.9157304 2.948641 1.92851 177 177 167
0.02755736 1.137375 -0.3878911 148 150 141
0.09989627 4.192551 0.6230549 104 92 68
-2.411991 5.243295 0.2946585 191 181 167
0.1028648 1.165237 -0.4568252 122 122 116
0.1089444 4.149894 0.5932178 76 64 37
-1.612567 4.51635 1.732759 157 152 140
0.6850467 3.127969 1.611131 161 158 144
0.09963442 1.127274 -0.4421264 131 132 126
2.06583 4.225993 2.048339 142 133 113
-1.530933 4.388156 1.994899 163 157 147
-0.418862 3.466415 1.23419 177 183 171
-0.03514514 1.040024 -0.2670555 160 157 143
-1.826965 4.715516 1.340922 170 159 145
-1.548409 4.399736 1.958331 168 164 158
1.304781 3.028338 1.672201 133 127 104
0.01436809 1.071176 -0.3754167 150 156 154
2.372593 4.184995 2.103391 164 151 137
-1.159107 3.783587 3.232682 200 199 195
-0.5618142 3.493637 1.152097 165 165 153
0.02179117 1.072703 -0.3838114 104 108 103
-2.495671 4.805287 1.285014 207 195 183
-1.336785 4.09487 2.598659 140 136 119
0.754994 3.080976 1.549977 115 117 103
0.04073649 1.059337 -0.3850464 137 138 133
-2.426807 4.761373 1.33503 202 190 178
-1.771909 4.816975 1.120784 174 168 159
-2.780578 5.581775 -0.3619282 208 201 190
-0.3028494 0.8549378 -0.01810028 176 181 177
-2.558054 4.065763 2.748682 196 196 198
1.731411 4.221532 2.062316 118 111 91
-1.302283 4.061502 2.655652 199 200 195
0.6300899 3.071524 1.481556 142 143 132
-1.106304 0.5546024 0.586629 120 134 101
-0.5847034 3.592472 0.3325451 160 165 163
1.825716 4.21048 2.097025 141 132 115
-1.425382 4.2823 2.213943 163 159 149
-0.9354092 3.697794 0.9017054 157 160 140
0.5465515 1.157227 -0.7808734 134 157 49
-1.812301 4.047538 2.734458 196 196 198
1.832815 4.191919 2.10524 176 166 155
-1.495947 4.426899 1.913481 154 147 135
-0.6599426 3.495104 1.034813 156 155 138
-0.2582236 0.8256509 -0.100586 160 163 154
-0.1629919 3.606375 0.3415011 138 141 137
-1.681317 4.636307 1.486972 184 172 158
-1.495947 4.426899 1.913481 154 147 135
-0.6428875 3.503217 0.9892133 104 92 73
-0.2353668 0.8172072 -0.106522 156 156 150
-2.097244 4.040633 2.78704 196 198 201
1.640223 4.22295 2.121337 160 151 139
-0.8006603 2.553701 1.564228 218 218 207
-0.1589808 0.7764587 -0.09474564 123 116 100
-0.01495387 1.166689 -0.3835379 163 165 157
-1.450174 4.046905 2.713294 204 206 209
-0.1975823 3.98195 0.1754558 96 88 69
-1.458147 4.377062 2.030598 157 152 142
0.3849435 2.833031 1.42162 156 161 155
-0.2050039 1.120127 -0.2945366 139 143 139
-1.970095 4.032558 2.789303 189 189 191
1.639034 4.202831 2.126232 116 108 91
-0.9946843 3.60253 3.609419 98 95 88
0.5954759 2.905214 1.379872 106 106 89
0.05723028 0.8295806 -0.3000362 146 150 144
0.01818145 1.143894 -0.3828573 166 166 155
-0.2113186 3.561474 0.3784114 152 158 153
2.410269 4.104702 2.272608 173 162 148
-1.101085 3.786767 3.231801 51 52 45
1.200602 2.8125 1.49621 163 170 164
0.05723028 0.8295806 -0.3000362 146 150 144
-0.0329563 1.1329 -0.3572697 152 154 146
-0.1328021 3.552332 0.3784553 108 108 96
-2.159094 4.676923 1.463657 191 179 165
-1.064353 3.738845 3.314447 195 195 192
2.854472 5.270191 -0.08540083 164 155 131
-0.176933 1.122646 -0.8352274 148 148 140
-0.1486547 1.076851 -0.3094222 109 109 101
-2.200213 3.954325 2.952722 195 199 199
1.87326 4.163147 2.180582 146 135 119
-1.652253 4.719163 1.315436 170 166 156
0.06652933 2.537411 1.407637 169 176 171
-0.022914 0.6980616 -0.1307582 178 182 176
-2.024163 3.943246 2.961037 169 168 166
-1.976728 4.649455 1.490059 200 189 176
-1.615802 4.660369 1.433233 158 153 146
0.8975204 2.678048 1.380996 145 149 132
-0.03954464 0.6731797 -0.1023901 166 171 163
0.02222668 1.099138 -0.3795456 139 143 140
-2.024163 3.943246 2.961037 169 168 166
2.24849 4.112667 2.269151 144 133 115
-1.615802 4.660369 1.433233 158 153 146
0.2427169 2.550742 1.389972 114 116 100
-0.028141 0.6809385 -0.1173603 151 156 149
-0.02694422 1.074152 -0.3412313 164 161 152
-1.760127 3.937263 2.942682 180 180 179
2.24849 4.112667 2.269151 144 133 115
-1.442521 4.37934 2.006222 157 152 140
0.6922399 2.626476 1.382101 122 130 121
-0.005734181 0.6899472 -0.1575126 174 176 170
0.05305301 1.034163 -0.3914527 137 136 130
-0.2841822 3.522023 0.4537179 168 174 172
2.200372 4.114802 2.278732 166 154 141
-1.3616 4.248338 2.273672 171 172 168
0.4809934 2.643706 1.308751 139 141 128
7.931554 -14.11682 24.39255 198 224 87
0.3613406 0.78726 1.294823 139 138 121
-1.990427 3.399972 0.8938475 197 199 202
0.2627492 1.356334 -1.125556 135 152 57
-0.1560656 3.499497 0.4392599 131 131 121
2.212376 4.094965 2.314252 141 130 113
-1.355906 4.268394 2.234173 187 187 180
0.628655 2.47155 1.232733 72 71 50
7.934114 -13.99663 24.05535 173 198 84
-1.786301 4.741097 1.286203 172 160 145
-1.427739 4.216668 2.357494 192 192 185
-2.168952 5.287372 0.1675643 196 186 166
-0.2879439 1.036062 -0.2047235 115 107 97
2.401636 4.32915 1.818346 104 97 78
-1.099114 3.471469 3.870828 76 71 79
0.5746626 3.130952 2.288016 190 192 183
-0.3859488 1.202935 -0.1648504 164 169 165
-1.655305 4.135746 2.535963 178 178 173
-1.929979 4.113919 2.599082 172 165 148
-0.2994443 1.539372 -0.1190111 149 152 151
-0.9762804 3.755597 3.27463 201 201 200
0.004388307 3.36054 2.451169 210 212 201
0.3840883 2.136012 -0.16311 93 88 76
0.2133916 0.7858725 1.212953 169 169 152
-1.083254 3.77012 3.253563 205 205 206
-2.276169 3.901183 3.061302 195 198 199
-0.624418 3.973732 0.0940162 82 77 64
-1.561349 4.609384 1.526298 160 156 147
0.9904415 2.247061 1.358128 101 109 91
